seed,label,split,stratum
1,SOLVED,TRAIN,SOLVED_NONE_le300k
2,SOLVED,TEST,SOLVED_TRIVIAL_le10k
3,SOLVED,TRAIN,SOLVED_TRIVIAL_le10k
4,SOLVED,TRAIN,SOLVED_EASY_gt300k
5,SOLVED,TRAIN,SOLVED_TRIVIAL_le300k
6,SOLVED,TRAIN,SOLVED_NONE_le300k
7,SOLVED,VALIDATION,SOLVED_HARD_le100k
8,SOLVED,TRAIN,SOLVED_HARD_le100k
9,SOLVED,TRAIN,SOLVED_MEDIUM_le10k
10,SOLVED,TRAIN,SOLVED_NONE_le100k
11,SOLVED,TRAIN,SOLVED_TRIVIAL_gt300k
12,SOLVED,VALIDATION,SOLVED_TRIVIAL_le10k
13,SOLVED,TRAIN,SOLVED_TRIVIAL_le10k
14,SOLVED,TRAIN,SOLVED_TRIVIAL_le300k
15,SOLVED,TRAIN,SOLVED_EASY_le100k
16,SOLVED,TEST,SOLVED_TRIVIAL_le100k
17,SOLVED,VALIDATION,SOLVED_TRIVIAL_gt300k
18,SOLVED,TRAIN,SOLVED_TRIVIAL_le10k
19,SOLVED,TRAIN,SOLVED_NONE_le100k
20,SOLVED,TRAIN,SOLVED_TRIVIAL_le100k
21,PROVEN_LOST,TEST,PROVEN_LOST_NONE_gt300k
22,SOLVED,VALIDATION,SOLVED_TRIVIAL_le100k
23,SOLVED,TRAIN,SOLVED_TRIVIAL_gt300k
24,SOLVED,TRAIN,SOLVED_TRIVIAL_le10k
25,UNKNOWN,TRAIN,UNKNOWN_NONE_gt300k
26,UNKNOWN,TEST,UNKNOWN_NONE_gt300k
27,SOLVED,TRAIN,SOLVED_TRIVIAL_le100k
28,SOLVED,TRAIN,SOLVED_TRIVIAL_le300k
29,SOLVED,TRAIN,SOLVED_TRIVIAL_le100k
30,SOLVED,TRAIN,SOLVED_NONE_le100k
31,SOLVED,VALIDATION,SOLVED_NONE_gt300k
32,SOLVED,TRAIN,SOLVED_TRIVIAL_le100k
33,SOLVED,TRAIN,SOLVED_TRIVIAL_gt300k
34,SOLVED,TRAIN,SOLVED_TRIVIAL_gt300k
35,SOLVED,TRAIN,SOLVED_NONE_le100k
36,SOLVED,VALIDATION,SOLVED_NONE_le300k
37,SOLVED,TRAIN,SOLVED_TRIVIAL_le100k
38,SOLVED,TRAIN,SOLVED_NONE_le100k
39,UNKNOWN,TRAIN,UNKNOWN_NONE_gt300k
40,SOLVED,TEST,SOLVED_HARD_le100k
41,SOLVED,VALIDATION,SOLVED_NONE_le100k
42,UNKNOWN,TRAIN,UNKNOWN_NONE_gt300k
43,UNKNOWN,TRAIN,UNKNOWN_NONE_gt300k
44,SOLVED,TRAIN,SOLVED_TRIVIAL_le100k
45,SOLVED,TEST,SOLVED_HARD_gt300k
46,SOLVED,VALIDATION,SOLVED_TRIVIAL_le300k
47,SOLVED,TRAIN,SOLVED_TRIVIAL_le10k
48,SOLVED,TRAIN,SOLVED_TRIVIAL_le10k
49,SOLVED,TRAIN,SOLVED_TRIVIAL_le10k
50,SOLVED,TEST,SOLVED_NONE_le100k
51,SOLVED,TRAIN,SOLVED_TRIVIAL_le300k
52,SOLVED,TRAIN,SOLVED_HARD_le10k
53,SOLVED,TRAIN,SOLVED_TRIVIAL_le100k
54,SOLVED,TRAIN,SOLVED_MEDIUM_le100k
55,SOLVED,TEST,SOLVED_EASY_le100k
56,SOLVED,TRAIN,SOLVED_TRIVIAL_le100k
57,SOLVED,TRAIN,SOLVED_HARD_le100k
58,SOLVED,TRAIN,SOLVED_TRIVIAL_le10k
59,SOLVED,TRAIN,SOLVED_TRIVIAL_gt300k
60,SOLVED,VALIDATION,SOLVED_NONE_le100k
61,SOLVED,TRAIN,SOLVED_TRIVIAL_le300k
62,UNKNOWN,TRAIN,UNKNOWN_NONE_gt300k
63,SOLVED,TRAIN,SOLVED_HARD_le100k
64,SOLVED,TEST,SOLVED_TRIVIAL_le100k
65,SOLVED,VALIDATION,SOLVED_NONE_le300k
66,UNKNOWN,TRAIN,UNKNOWN_NONE_gt300k
67,SOLVED,TRAIN,SOLVED_TRIVIAL_le100k
68,SOLVED,TRAIN,SOLVED_TRIVIAL_gt300k
69,SOLVED,TEST,SOLVED_NONE_le100k
70,SOLVED,VALIDATION,SOLVED_TRIVIAL_le10k
71,SOLVED,TRAIN,SOLVED_TRIVIAL_le100k
72,SOLVED,TRAIN,SOLVED_HARD_le100k
73,SOLVED,TRAIN,SOLVED_TRIVIAL_le100k
74,SOLVED,TEST,SOLVED_HARD_gt300k
75,SOLVED,TRAIN,SOLVED_EASY_gt300k
76,SOLVED,TRAIN,SOLVED_TRIVIAL_le100k
77,UNKNOWN,TRAIN,UNKNOWN_NONE_gt300k
78,SOLVED,TRAIN,SOLVED_TRIVIAL_le300k
79,SOLVED,TEST,SOLVED_TRIVIAL_le10k
80,SOLVED,TRAIN,SOLVED_TRIVIAL_gt300k
81,SOLVED,TRAIN,SOLVED_HARD_le300k
82,SOLVED,TRAIN,SOLVED_NONE_gt300k
83,SOLVED,TRAIN,SOLVED_TRIVIAL_le100k
84,SOLVED,VALIDATION,SOLVED_TRIVIAL_le100k
85,SOLVED,TRAIN,SOLVED_NONE_le10k
86,SOLVED,TRAIN,SOLVED_EASY_gt300k
87,SOLVED,TRAIN,SOLVED_HARD_le100k
88,SOLVED,TEST,SOLVED_HARD_le100k
89,SOLVED,VALIDATION,SOLVED_TRIVIAL_le100k
90,PROVEN_LOST,TRAIN,PROVEN_LOST_NONE_le100k
91,SOLVED,TRAIN,SOLVED_TRIVIAL_le100k
92,SOLVED,TRAIN,SOLVED_NONE_le300k
93,SOLVED,TEST,SOLVED_TRIVIAL_gt300k
94,SOLVED,VALIDATION,SOLVED_TRIVIAL_le100k
95,SOLVED,TRAIN,SOLVED_TRIVIAL_le100k
96,SOLVED,TRAIN,SOLVED_HARD_le10k
97,SOLVED,TRAIN,SOLVED_TRIVIAL_le300k
98,SOLVED,TEST,SOLVED_TRIVIAL_le10k
99,SOLVED,TRAIN,SOLVED_TRIVIAL_le10k
100,SOLVED,TRAIN,SOLVED_TRIVIAL_le300k
101,SOLVED,TRAIN,SOLVED_TRIVIAL_le300k
102,SOLVED,TRAIN,SOLVED_TRIVIAL_gt300k
103,SOLVED,TEST,SOLVED_TRIVIAL_le10k
104,SOLVED,TRAIN,SOLVED_NONE_le100k
105,SOLVED,TRAIN,SOLVED_TRIVIAL_gt300k
106,SOLVED,TRAIN,SOLVED_NONE_gt300k
107,SOLVED,TRAIN,SOLVED_TRIVIAL_le100k
108,UNKNOWN,VALIDATION,UNKNOWN_NONE_gt300k
109,SOLVED,TRAIN,SOLVED_TRIVIAL_le100k
110,PROVEN_LOST,TRAIN,PROVEN_LOST_NONE_gt300k
111,SOLVED,TRAIN,SOLVED_EASY_le100k
112,SOLVED,TEST,SOLVED_TRIVIAL_le300k
113,SOLVED,VALIDATION,SOLVED_TRIVIAL_le10k
114,SOLVED,TRAIN,SOLVED_TRIVIAL_le100k
115,SOLVED,TRAIN,SOLVED_NONE_le10k
116,SOLVED,TRAIN,SOLVED_TRIVIAL_gt300k
117,SOLVED,TEST,SOLVED_TRIVIAL_le300k
118,SOLVED,VALIDATION,SOLVED_TRIVIAL_le300k
119,UNKNOWN,TRAIN,UNKNOWN_NONE_gt300k
120,SOLVED,TRAIN,SOLVED_TRIVIAL_gt300k
121,SOLVED,TRAIN,SOLVED_TRIVIAL_le100k
122,SOLVED,TEST,SOLVED_TRIVIAL_le100k
123,SOLVED,VALIDATION,SOLVED_NONE_le300k
124,SOLVED,TRAIN,SOLVED_NONE_le100k
125,SOLVED,TRAIN,SOLVED_EASY_le300k
126,SOLVED,TRAIN,SOLVED_HARD_le100k
127,SOLVED,TEST,SOLVED_HARD_gt300k
128,UNKNOWN,TRAIN,UNKNOWN_NONE_gt300k
129,SOLVED,TRAIN,SOLVED_TRIVIAL_le100k
130,SOLVED,TRAIN,SOLVED_TRIVIAL_le100k
131,SOLVED,TRAIN,SOLVED_TRIVIAL_gt300k
132,SOLVED,VALIDATION,SOLVED_HARD_le10k
133,SOLVED,TRAIN,SOLVED_NONE_le100k
134,SOLVED,TRAIN,SOLVED_NONE_le300k
135,SOLVED,TRAIN,SOLVED_TRIVIAL_le300k
136,SOLVED,TEST,SOLVED_TRIVIAL_le100k
137,UNKNOWN,VALIDATION,UNKNOWN_NONE_gt300k
138,SOLVED,TRAIN,SOLVED_TRIVIAL_le100k
139,UNKNOWN,TRAIN,UNKNOWN_NONE_gt300k
140,SOLVED,TRAIN,SOLVED_NONE_le100k
141,SOLVED,TEST,SOLVED_TRIVIAL_le100k
142,SOLVED,VALIDATION,SOLVED_TRIVIAL_gt300k
143,SOLVED,TRAIN,SOLVED_TRIVIAL_le10k
144,SOLVED,TRAIN,SOLVED_NONE_le10k
145,SOLVED,TRAIN,SOLVED_NONE_le10k
146,SOLVED,TEST,SOLVED_TRIVIAL_le100k
147,SOLVED,VALIDATION,SOLVED_TRIVIAL_gt300k
148,SOLVED,TRAIN,SOLVED_NONE_le100k
149,SOLVED,TRAIN,SOLVED_TRIVIAL_gt300k
150,SOLVED,TRAIN,SOLVED_NONE_le100k
151,SOLVED,TEST,SOLVED_TRIVIAL_le100k
152,SOLVED,TRAIN,SOLVED_TRIVIAL_le100k
153,SOLVED,TRAIN,SOLVED_TRIVIAL_gt300k
154,SOLVED,TRAIN,SOLVED_HARD_le10k
155,SOLVED,TRAIN,SOLVED_NONE_gt300k
156,SOLVED,VALIDATION,SOLVED_NONE_gt300k
157,SOLVED,TRAIN,SOLVED_NONE_le10k
158,SOLVED,TRAIN,SOLVED_TRIVIAL_le100k
159,SOLVED,TRAIN,SOLVED_HARD_gt300k
160,SOLVED,TRAIN,SOLVED_TRIVIAL_gt300k
161,PROVEN_LOST,VALIDATION,PROVEN_LOST_NONE_le100k
162,SOLVED,TRAIN,SOLVED_TRIVIAL_gt300k
163,SOLVED,TRAIN,SOLVED_EXPERT_le100k
164,SOLVED,TRAIN,SOLVED_TRIVIAL_le100k
165,SOLVED,TEST,SOLVED_NONE_le10k
166,UNKNOWN,VALIDATION,UNKNOWN_NONE_gt300k
167,UNKNOWN,TRAIN,UNKNOWN_NONE_gt300k
168,UNKNOWN,TRAIN,UNKNOWN_NONE_gt300k
169,SOLVED,TRAIN,SOLVED_HARD_le100k
170,SOLVED,TEST,SOLVED_TRIVIAL_gt300k
171,SOLVED,VALIDATION,SOLVED_TRIVIAL_le100k
172,SOLVED,TRAIN,SOLVED_TRIVIAL_gt300k
173,SOLVED,TRAIN,SOLVED_TRIVIAL_le100k
174,SOLVED,TRAIN,SOLVED_NONE_le100k
175,SOLVED,TEST,SOLVED_NONE_le100k
176,SOLVED,TRAIN,SOLVED_NONE_gt300k
177,SOLVED,TRAIN,SOLVED_TRIVIAL_le100k
178,SOLVED,TRAIN,SOLVED_TRIVIAL_le10k
179,SOLVED,TRAIN,SOLVED_TRIVIAL_le100k
180,SOLVED,VALIDATION,SOLVED_NONE_le10k
181,SOLVED,TRAIN,SOLVED_TRIVIAL_le100k
182,SOLVED,TRAIN,SOLVED_TRIVIAL_le100k
183,PROVEN_LOST,TRAIN,PROVEN_LOST_NONE_gt300k
184,SOLVED,TRAIN,SOLVED_NONE_le300k
185,SOLVED,VALIDATION,SOLVED_NONE_le10k
186,SOLVED,TRAIN,SOLVED_EASY_le10k
187,SOLVED,TRAIN,SOLVED_NONE_gt300k
188,SOLVED,TRAIN,SOLVED_TRIVIAL_gt300k
189,SOLVED,TEST,SOLVED_TRIVIAL_gt300k
190,SOLVED,VALIDATION,SOLVED_TRIVIAL_le300k
191,SOLVED,TRAIN,SOLVED_TRIVIAL_le100k
192,SOLVED,TRAIN,SOLVED_TRIVIAL_gt300k
193,SOLVED,TRAIN,SOLVED_TRIVIAL_le10k
194,SOLVED,TEST,SOLVED_HARD_gt300k
195,UNKNOWN,VALIDATION,UNKNOWN_NONE_gt300k
196,SOLVED,TRAIN,SOLVED_TRIVIAL_le100k
197,SOLVED,TRAIN,SOLVED_TRIVIAL_le100k
198,UNKNOWN,TRAIN,UNKNOWN_NONE_gt300k
199,SOLVED,TEST,SOLVED_EASY_gt300k
200,SOLVED,TRAIN,SOLVED_TRIVIAL_le10k
201,SOLVED,TRAIN,SOLVED_EXPERT_le100k
202,SOLVED,TRAIN,SOLVED_HARD_le300k
203,SOLVED,TRAIN,SOLVED_TRIVIAL_gt300k
204,SOLVED,VALIDATION,SOLVED_NONE_le100k
205,SOLVED,TRAIN,SOLVED_TRIVIAL_gt300k
206,SOLVED,TRAIN,SOLVED_TRIVIAL_le100k
207,SOLVED,TRAIN,SOLVED_TRIVIAL_gt300k
208,SOLVED,TRAIN,SOLVED_NONE_le100k
209,SOLVED,VALIDATION,SOLVED_TRIVIAL_le100k
210,SOLVED,TRAIN,SOLVED_TRIVIAL_le100k
211,SOLVED,TRAIN,SOLVED_NONE_le100k
212,SOLVED,TRAIN,SOLVED_HARD_le10k
213,SOLVED,TEST,SOLVED_TRIVIAL_gt300k
214,UNKNOWN,VALIDATION,UNKNOWN_NONE_gt300k
215,SOLVED,TRAIN,SOLVED_MEDIUM_gt300k
216,SOLVED,TRAIN,SOLVED_HARD_gt300k
217,SOLVED,TRAIN,SOLVED_NONE_le100k
218,SOLVED,TEST,SOLVED_EASY_le100k
219,UNKNOWN,VALIDATION,UNKNOWN_NONE_gt300k
220,UNKNOWN,TRAIN,UNKNOWN_NONE_gt300k
221,SOLVED,TRAIN,SOLVED_NONE_le100k
222,SOLVED,TRAIN,SOLVED_TRIVIAL_le300k
223,SOLVED,TEST,SOLVED_TRIVIAL_gt300k
224,SOLVED,TRAIN,SOLVED_HARD_gt300k
225,SOLVED,TRAIN,SOLVED_NONE_gt300k
226,SOLVED,TRAIN,SOLVED_NONE_gt300k
227,SOLVED,TRAIN,SOLVED_TRIVIAL_le100k
228,SOLVED,TEST,SOLVED_TRIVIAL_gt300k
229,SOLVED,TRAIN,SOLVED_TRIVIAL_le100k
230,SOLVED,TRAIN,SOLVED_TRIVIAL_le10k
231,SOLVED,TRAIN,SOLVED_TRIVIAL_le10k
232,SOLVED,TRAIN,SOLVED_TRIVIAL_gt300k
233,SOLVED,VALIDATION,SOLVED_TRIVIAL_gt300k
234,SOLVED,TRAIN,SOLVED_TRIVIAL_le100k
235,UNKNOWN,TRAIN,UNKNOWN_NONE_gt300k
236,SOLVED,TRAIN,SOLVED_HARD_le100k
237,SOLVED,TEST,SOLVED_EASY_gt300k
238,UNKNOWN,VALIDATION,UNKNOWN_NONE_gt300k
239,SOLVED,TRAIN,SOLVED_TRIVIAL_le300k
240,SOLVED,TRAIN,SOLVED_NONE_le100k
241,UNKNOWN,TRAIN,UNKNOWN_NONE_gt300k
242,SOLVED,TEST,SOLVED_NONE_le300k
243,SOLVED,VALIDATION,SOLVED_TRIVIAL_le100k
244,SOLVED,TRAIN,SOLVED_TRIVIAL_le10k
245,SOLVED,TRAIN,SOLVED_TRIVIAL_gt300k
246,SOLVED,TRAIN,SOLVED_NONE_le100k
247,SOLVED,TEST,SOLVED_TRIVIAL_le300k
248,UNKNOWN,TRAIN,UNKNOWN_NONE_gt300k
249,UNKNOWN,TRAIN,UNKNOWN_NONE_gt300k
250,SOLVED,TRAIN,SOLVED_TRIVIAL_le100k
251,SOLVED,TRAIN,SOLVED_TRIVIAL_le300k
252,SOLVED,TEST,SOLVED_HARD_le300k
253,SOLVED,TRAIN,SOLVED_TRIVIAL_le300k
254,SOLVED,TRAIN,SOLVED_MEDIUM_le300k
255,SOLVED,TRAIN,SOLVED_TRIVIAL_le100k
256,SOLVED,TRAIN,SOLVED_TRIVIAL_le100k
257,UNKNOWN,VALIDATION,UNKNOWN_NONE_gt300k
258,SOLVED,TRAIN,SOLVED_TRIVIAL_le100k
259,SOLVED,TRAIN,SOLVED_HARD_le100k
260,SOLVED,TRAIN,SOLVED_HARD_le100k
261,SOLVED,TEST,SOLVED_TRIVIAL_le300k
262,SOLVED,VALIDATION,SOLVED_TRIVIAL_le100k
263,UNKNOWN,TRAIN,UNKNOWN_NONE_gt300k
264,SOLVED,TRAIN,SOLVED_TRIVIAL_le100k
265,UNKNOWN,TRAIN,UNKNOWN_NONE_gt300k
266,SOLVED,TEST,SOLVED_HARD_le100k
267,SOLVED,VALIDATION,SOLVED_NONE_le300k
268,SOLVED,TRAIN,SOLVED_TRIVIAL_gt300k
269,SOLVED,TRAIN,SOLVED_TRIVIAL_le10k
270,UNKNOWN,TRAIN,UNKNOWN_NONE_gt300k
271,SOLVED,TEST,SOLVED_TRIVIAL_le100k
272,SOLVED,TRAIN,SOLVED_TRIVIAL_le100k
273,SOLVED,TRAIN,SOLVED_HARD_le10k
274,SOLVED,TRAIN,SOLVED_HARD_gt300k
275,SOLVED,TRAIN,SOLVED_HARD_le10k
276,SOLVED,TEST,SOLVED_TRIVIAL_le300k
277,SOLVED,TRAIN,SOLVED_TRIVIAL_le100k
278,SOLVED,TRAIN,SOLVED_TRIVIAL_gt300k
279,SOLVED,TRAIN,SOLVED_TRIVIAL_le100k
280,SOLVED,TRAIN,SOLVED_EXPERT_le100k
281,UNKNOWN,VALIDATION,UNKNOWN_NONE_gt300k
282,SOLVED,TRAIN,SOLVED_TRIVIAL_le100k
283,SOLVED,TRAIN,SOLVED_TRIVIAL_gt300k
284,UNKNOWN,TRAIN,UNKNOWN_NONE_gt300k
285,UNKNOWN,TEST,UNKNOWN_NONE_gt300k
286,SOLVED,VALIDATION,SOLVED_NONE_le100k
287,SOLVED,TRAIN,SOLVED_TRIVIAL_le300k
288,SOLVED,TRAIN,SOLVED_TRIVIAL_le100k
289,SOLVED,TRAIN,SOLVED_HARD_gt300k
290,SOLVED,TEST,SOLVED_EASY_le300k
291,SOLVED,VALIDATION,SOLVED_HARD_le100k
292,SOLVED,TRAIN,SOLVED_NONE_gt300k
293,SOLVED,TRAIN,SOLVED_TRIVIAL_le100k
294,SOLVED,TRAIN,SOLVED_TRIVIAL_le10k
295,SOLVED,TEST,SOLVED_NONE_le100k
296,SOLVED,VALIDATION,SOLVED_TRIVIAL_le300k
297,SOLVED,TRAIN,SOLVED_NONE_le100k
298,SOLVED,TRAIN,SOLVED_TRIVIAL_gt300k
299,SOLVED,TRAIN,SOLVED_NONE_gt300k
300,SOLVED,TEST,SOLVED_TRIVIAL_gt300k
301,SOLVED,TRAIN,SOLVED_TRIVIAL_le100k
302,SOLVED,TRAIN,SOLVED_TRIVIAL_le100k
303,UNKNOWN,TRAIN,UNKNOWN_NONE_gt300k
304,SOLVED,TRAIN,SOLVED_TRIVIAL_le100k
305,SOLVED,VALIDATION,SOLVED_HARD_gt300k
306,SOLVED,TRAIN,SOLVED_EASY_le300k
307,SOLVED,TRAIN,SOLVED_HARD_gt300k
308,SOLVED,TRAIN,SOLVED_HARD_le300k
309,SOLVED,TEST,SOLVED_HARD_le100k
310,SOLVED,VALIDATION,SOLVED_TRIVIAL_le100k
311,UNKNOWN,TRAIN,UNKNOWN_NONE_gt300k
312,SOLVED,TRAIN,SOLVED_TRIVIAL_le100k
313,SOLVED,TRAIN,SOLVED_NONE_gt300k
314,SOLVED,TEST,SOLVED_TRIVIAL_le10k
315,SOLVED,VALIDATION,SOLVED_HARD_le100k
316,SOLVED,TRAIN,SOLVED_NONE_le100k
317,SOLVED,TRAIN,SOLVED_TRIVIAL_le100k
318,SOLVED,TRAIN,SOLVED_NONE_le10k
319,SOLVED,TEST,SOLVED_TRIVIAL_le100k
320,UNKNOWN,VALIDATION,UNKNOWN_NONE_gt300k
321,SOLVED,TRAIN,SOLVED_TRIVIAL_le300k
322,UNKNOWN,TRAIN,UNKNOWN_NONE_gt300k
323,SOLVED,TRAIN,SOLVED_NONE_le10k
324,SOLVED,TEST,SOLVED_HARD_le100k
325,SOLVED,TRAIN,SOLVED_TRIVIAL_le100k
326,SOLVED,TRAIN,SOLVED_HARD_le100k
327,SOLVED,TRAIN,SOLVED_TRIVIAL_le100k
328,SOLVED,TRAIN,SOLVED_HARD_le100k
329,SOLVED,VALIDATION,SOLVED_TRIVIAL_le100k
330,SOLVED,TRAIN,SOLVED_TRIVIAL_le100k
331,SOLVED,TRAIN,SOLVED_TRIVIAL_le100k
332,SOLVED,TRAIN,SOLVED_EASY_gt300k
333,SOLVED,TRAIN,SOLVED_TRIVIAL_gt300k
334,SOLVED,VALIDATION,SOLVED_NONE_le100k
335,SOLVED,TRAIN,SOLVED_TRIVIAL_gt300k
336,UNKNOWN,TRAIN,UNKNOWN_NONE_gt300k
337,SOLVED,TRAIN,SOLVED_TRIVIAL_le100k
338,SOLVED,TEST,SOLVED_TRIVIAL_le100k
339,PROVEN_LOST,VALIDATION,PROVEN_LOST_NONE_gt300k
340,SOLVED,TRAIN,SOLVED_HARD_le300k
341,SOLVED,TRAIN,SOLVED_NONE_le100k
342,SOLVED,TRAIN,SOLVED_TRIVIAL_le100k
343,PROVEN_LOST,TEST,PROVEN_LOST_NONE_gt300k
344,SOLVED,VALIDATION,SOLVED_TRIVIAL_le10k
345,UNKNOWN,TRAIN,UNKNOWN_NONE_gt300k
346,SOLVED,TRAIN,SOLVED_TRIVIAL_le10k
347,SOLVED,TRAIN,SOLVED_TRIVIAL_le100k
348,SOLVED,TEST,SOLVED_TRIVIAL_gt300k
349,SOLVED,TRAIN,SOLVED_TRIVIAL_le300k
350,SOLVED,TRAIN,SOLVED_TRIVIAL_le100k
351,SOLVED,TRAIN,SOLVED_TRIVIAL_le100k
352,SOLVED,TRAIN,SOLVED_TRIVIAL_le10k
353,SOLVED,VALIDATION,SOLVED_NONE_le100k
354,SOLVED,TRAIN,SOLVED_TRIVIAL_gt300k
355,SOLVED,TRAIN,SOLVED_HARD_le100k
356,SOLVED,TRAIN,SOLVED_TRIVIAL_le300k
357,SOLVED,TRAIN,SOLVED_TRIVIAL_le300k
358,SOLVED,VALIDATION,SOLVED_HARD_le10k
359,SOLVED,TRAIN,SOLVED_TRIVIAL_le300k
360,SOLVED,TRAIN,SOLVED_TRIVIAL_gt300k
361,SOLVED,TRAIN,SOLVED_TRIVIAL_gt300k
362,SOLVED,TEST,SOLVED_NONE_le100k
363,SOLVED,VALIDATION,SOLVED_NONE_le300k
364,SOLVED,TRAIN,SOLVED_HARD_le100k
365,SOLVED,TRAIN,SOLVED_TRIVIAL_gt300k
366,PROVEN_LOST,TRAIN,PROVEN_LOST_NONE_gt300k
367,SOLVED,TEST,SOLVED_NONE_gt300k
368,SOLVED,VALIDATION,SOLVED_TRIVIAL_le10k
369,SOLVED,TRAIN,SOLVED_NONE_le100k
370,SOLVED,TRAIN,SOLVED_TRIVIAL_le300k
371,SOLVED,TRAIN,SOLVED_NONE_le100k
372,SOLVED,TEST,SOLVED_NONE_le100k
373,SOLVED,TRAIN,SOLVED_NONE_le100k
374,SOLVED,TRAIN,SOLVED_TRIVIAL_le100k
375,SOLVED,TRAIN,SOLVED_TRIVIAL_le100k
376,SOLVED,TRAIN,SOLVED_TRIVIAL_le100k
377,SOLVED,VALIDATION,SOLVED_HARD_le100k
378,SOLVED,TRAIN,SOLVED_HARD_le100k
379,PROVEN_LOST,TRAIN,PROVEN_LOST_NONE_le300k
380,SOLVED,TRAIN,SOLVED_TRIVIAL_le300k
381,SOLVED,TRAIN,SOLVED_HARD_le300k
382,UNKNOWN,VALIDATION,UNKNOWN_NONE_gt300k
383,PROVEN_LOST,TRAIN,PROVEN_LOST_NONE_le10k
384,SOLVED,TRAIN,SOLVED_TRIVIAL_le100k
385,UNKNOWN,TRAIN,UNKNOWN_NONE_gt300k
386,SOLVED,TEST,SOLVED_TRIVIAL_le100k
387,UNKNOWN,VALIDATION,UNKNOWN_NONE_gt300k
388,SOLVED,TRAIN,SOLVED_TRIVIAL_le100k
389,SOLVED,TRAIN,SOLVED_TRIVIAL_le100k
390,SOLVED,TRAIN,SOLVED_TRIVIAL_le300k
391,SOLVED,TEST,SOLVED_EASY_le100k
392,SOLVED,VALIDATION,SOLVED_TRIVIAL_le100k
393,SOLVED,TRAIN,SOLVED_TRIVIAL_le10k
394,SOLVED,TRAIN,SOLVED_NONE_gt300k
395,UNKNOWN,TRAIN,UNKNOWN_NONE_gt300k
396,SOLVED,TEST,SOLVED_TRIVIAL_le100k
397,SOLVED,TRAIN,SOLVED_TRIVIAL_le100k
398,SOLVED,TRAIN,SOLVED_TRIVIAL_le100k
399,SOLVED,TRAIN,SOLVED_NONE_le100k
400,SOLVED,TRAIN,SOLVED_TRIVIAL_le100k
401,SOLVED,TEST,SOLVED_HARD_le10k
402,SOLVED,TRAIN,SOLVED_TRIVIAL_le10k
403,SOLVED,TRAIN,SOLVED_NONE_le100k
404,UNKNOWN,TRAIN,UNKNOWN_NONE_gt300k
405,UNKNOWN,TRAIN,UNKNOWN_NONE_gt300k
406,SOLVED,VALIDATION,SOLVED_NONE_gt300k
407,SOLVED,TRAIN,SOLVED_HARD_le100k
408,SOLVED,TRAIN,SOLVED_TRIVIAL_le100k
409,SOLVED,TRAIN,SOLVED_TRIVIAL_le100k
410,UNKNOWN,TEST,UNKNOWN_NONE_gt300k
411,SOLVED,VALIDATION,SOLVED_HARD_le300k
412,SOLVED,TRAIN,SOLVED_TRIVIAL_gt300k
413,SOLVED,TRAIN,SOLVED_TRIVIAL_le10k
414,UNKNOWN,TRAIN,UNKNOWN_NONE_gt300k
415,SOLVED,TEST,SOLVED_TRIVIAL_gt300k
416,SOLVED,VALIDATION,SOLVED_NONE_le100k
417,SOLVED,TRAIN,SOLVED_NONE_le100k
418,UNKNOWN,TRAIN,UNKNOWN_NONE_gt300k
419,SOLVED,TRAIN,SOLVED_TRIVIAL_le100k
420,SOLVED,TEST,SOLVED_TRIVIAL_gt300k
421,SOLVED,TRAIN,SOLVED_TRIVIAL_le100k
422,SOLVED,TRAIN,SOLVED_TRIVIAL_gt300k
423,SOLVED,TRAIN,SOLVED_TRIVIAL_le10k
424,PROVEN_LOST,TRAIN,PROVEN_LOST_NONE_le100k
425,SOLVED,TEST,SOLVED_TRIVIAL_le100k
426,SOLVED,TRAIN,SOLVED_NONE_gt300k
427,SOLVED,TRAIN,SOLVED_TRIVIAL_le100k
428,SOLVED,TRAIN,SOLVED_TRIVIAL_le10k
429,UNKNOWN,TRAIN,UNKNOWN_NONE_gt300k
430,SOLVED,VALIDATION,SOLVED_HARD_le100k
431,UNKNOWN,TRAIN,UNKNOWN_NONE_gt300k
432,SOLVED,TRAIN,SOLVED_TRIVIAL_le10k
433,SOLVED,TRAIN,SOLVED_TRIVIAL_le100k
434,SOLVED,TEST,SOLVED_TRIVIAL_le100k
435,SOLVED,VALIDATION,SOLVED_TRIVIAL_le10k
436,SOLVED,TRAIN,SOLVED_TRIVIAL_le100k
437,PROVEN_LOST,TRAIN,PROVEN_LOST_NONE_le300k
438,SOLVED,TRAIN,SOLVED_TRIVIAL_le300k
439,SOLVED,TEST,SOLVED_HARD_le10k
440,SOLVED,VALIDATION,SOLVED_NONE_gt300k
441,SOLVED,TRAIN,SOLVED_HARD_le100k
442,SOLVED,TRAIN,SOLVED_TRIVIAL_le300k
443,SOLVED,TRAIN,SOLVED_HARD_le100k
444,SOLVED,TEST,SOLVED_TRIVIAL_gt300k
445,SOLVED,TRAIN,SOLVED_TRIVIAL_le10k
446,SOLVED,TRAIN,SOLVED_TRIVIAL_le100k
447,SOLVED,TRAIN,SOLVED_TRIVIAL_gt300k
448,SOLVED,TRAIN,SOLVED_TRIVIAL_le100k
449,SOLVED,TEST,SOLVED_HARD_le100k
450,UNKNOWN,TRAIN,UNKNOWN_NONE_gt300k
451,SOLVED,TRAIN,SOLVED_TRIVIAL_le100k
452,SOLVED,TRAIN,SOLVED_TRIVIAL_gt300k
453,SOLVED,TRAIN,SOLVED_TRIVIAL_le10k
454,SOLVED,VALIDATION,SOLVED_TRIVIAL_gt300k
455,SOLVED,TRAIN,SOLVED_TRIVIAL_le300k
456,SOLVED,TRAIN,SOLVED_HARD_gt300k
457,SOLVED,TRAIN,SOLVED_TRIVIAL_gt300k
458,SOLVED,TEST,SOLVED_HARD_le100k
459,SOLVED,VALIDATION,SOLVED_NONE_gt300k
460,SOLVED,TRAIN,SOLVED_HARD_le100k
461,SOLVED,TRAIN,SOLVED_HARD_le300k
462,SOLVED,TRAIN,SOLVED_TRIVIAL_le300k
463,SOLVED,TEST,SOLVED_TRIVIAL_le300k
464,SOLVED,VALIDATION,SOLVED_TRIVIAL_le100k
465,PROVEN_LOST,TRAIN,PROVEN_LOST_NONE_gt300k
466,SOLVED,TRAIN,SOLVED_TRIVIAL_le10k
467,SOLVED,TRAIN,SOLVED_NONE_le300k
468,SOLVED,TEST,SOLVED_TRIVIAL_le10k
469,SOLVED,TRAIN,SOLVED_TRIVIAL_gt300k
470,SOLVED,TRAIN,SOLVED_TRIVIAL_le10k
471,SOLVED,TRAIN,SOLVED_NONE_le100k
472,SOLVED,TRAIN,SOLVED_TRIVIAL_le100k
473,SOLVED,TEST,SOLVED_TRIVIAL_le10k
474,SOLVED,TRAIN,SOLVED_TRIVIAL_le100k
475,SOLVED,TRAIN,SOLVED_NONE_le100k
476,UNKNOWN,TRAIN,UNKNOWN_NONE_gt300k
477,SOLVED,TRAIN,SOLVED_NONE_le100k
478,SOLVED,VALIDATION,SOLVED_NONE_gt300k
479,SOLVED,TRAIN,SOLVED_TRIVIAL_le100k
480,SOLVED,TRAIN,SOLVED_NONE_le300k
481,SOLVED,TRAIN,SOLVED_TRIVIAL_le100k
482,SOLVED,TEST,SOLVED_TRIVIAL_gt300k
483,SOLVED,VALIDATION,SOLVED_TRIVIAL_le100k
484,SOLVED,TRAIN,SOLVED_TRIVIAL_le10k
485,SOLVED,TRAIN,SOLVED_TRIVIAL_le100k
486,SOLVED,TRAIN,SOLVED_TRIVIAL_le10k
487,SOLVED,TEST,SOLVED_EXPERT_gt300k
488,SOLVED,VALIDATION,SOLVED_TRIVIAL_gt300k
489,SOLVED,TRAIN,SOLVED_TRIVIAL_gt300k
490,SOLVED,TRAIN,SOLVED_HARD_le100k
491,SOLVED,TRAIN,SOLVED_TRIVIAL_le300k
492,SOLVED,TEST,SOLVED_TRIVIAL_le100k
493,SOLVED,VALIDATION,SOLVED_TRIVIAL_gt300k
494,UNKNOWN,TRAIN,UNKNOWN_NONE_gt300k
495,SOLVED,TRAIN,SOLVED_HARD_le100k
496,SOLVED,TRAIN,SOLVED_TRIVIAL_gt300k
497,SOLVED,TEST,SOLVED_TRIVIAL_le100k
498,UNKNOWN,TRAIN,UNKNOWN_NONE_gt300k
499,SOLVED,TRAIN,SOLVED_TRIVIAL_le100k
500,SOLVED,TRAIN,SOLVED_TRIVIAL_gt300k
501,SOLVED,TRAIN,SOLVED_TRIVIAL_le10k
502,SOLVED,VALIDATION,SOLVED_NONE_le10k
503,SOLVED,TRAIN,SOLVED_TRIVIAL_le100k
504,UNKNOWN,TRAIN,UNKNOWN_NONE_gt300k
505,UNKNOWN,TRAIN,UNKNOWN_NONE_gt300k
506,SOLVED,TEST,SOLVED_TRIVIAL_le100k
507,UNKNOWN,VALIDATION,UNKNOWN_NONE_gt300k
508,UNKNOWN,TRAIN,UNKNOWN_NONE_gt300k
509,SOLVED,TRAIN,SOLVED_TRIVIAL_le100k
510,SOLVED,TRAIN,SOLVED_HARD_le100k
511,SOLVED,TEST,SOLVED_HARD_gt300k
512,SOLVED,VALIDATION,SOLVED_NONE_le100k
513,SOLVED,TRAIN,SOLVED_HARD_le100k
514,SOLVED,TRAIN,SOLVED_TRIVIAL_le300k
515,SOLVED,TRAIN,SOLVED_TRIVIAL_le100k
516,SOLVED,TEST,SOLVED_TRIVIAL_le300k
517,SOLVED,VALIDATION,SOLVED_HARD_le100k
518,SOLVED,TRAIN,SOLVED_TRIVIAL_le100k
519,SOLVED,TRAIN,SOLVED_NONE_le100k
520,SOLVED,TRAIN,SOLVED_TRIVIAL_le100k
521,SOLVED,TEST,SOLVED_HARD_le300k
522,UNKNOWN,TRAIN,UNKNOWN_NONE_gt300k
523,SOLVED,TRAIN,SOLVED_TRIVIAL_le100k
524,SOLVED,TRAIN,SOLVED_TRIVIAL_le100k
525,SOLVED,TRAIN,SOLVED_TRIVIAL_le10k
526,SOLVED,VALIDATION,SOLVED_HARD_le100k
527,SOLVED,TRAIN,SOLVED_NONE_le10k
528,SOLVED,TRAIN,SOLVED_NONE_le300k
529,SOLVED,TRAIN,SOLVED_EASY_le300k
530,SOLVED,TRAIN,SOLVED_TRIVIAL_le100k
531,SOLVED,VALIDATION,SOLVED_TRIVIAL_le100k
532,SOLVED,TRAIN,SOLVED_TRIVIAL_le100k
533,SOLVED,TRAIN,SOLVED_TRIVIAL_le100k
534,UNKNOWN,TRAIN,UNKNOWN_NONE_gt300k
535,SOLVED,TEST,SOLVED_TRIVIAL_le100k
536,UNKNOWN,VALIDATION,UNKNOWN_NONE_gt300k
537,SOLVED,TRAIN,SOLVED_EASY_le300k
538,SOLVED,TRAIN,SOLVED_NONE_le100k
539,SOLVED,TRAIN,SOLVED_EASY_le100k
540,UNKNOWN,TEST,UNKNOWN_NONE_gt300k
541,PROVEN_LOST,VALIDATION,PROVEN_LOST_NONE_gt300k
542,SOLVED,TRAIN,SOLVED_TRIVIAL_le100k
543,SOLVED,TRAIN,SOLVED_TRIVIAL_le300k
544,UNKNOWN,TRAIN,UNKNOWN_NONE_gt300k
545,SOLVED,TEST,SOLVED_TRIVIAL_le100k
546,SOLVED,TRAIN,SOLVED_TRIVIAL_le100k
547,SOLVED,TRAIN,SOLVED_EASY_le10k
548,SOLVED,TRAIN,SOLVED_NONE_le100k
549,SOLVED,TRAIN,SOLVED_NONE_le100k
550,SOLVED,VALIDATION,SOLVED_TRIVIAL_le100k
551,SOLVED,TRAIN,SOLVED_NONE_le100k
552,SOLVED,TRAIN,SOLVED_TRIVIAL_gt300k
553,SOLVED,TRAIN,SOLVED_TRIVIAL_le300k
554,SOLVED,TRAIN,SOLVED_HARD_le300k
555,SOLVED,VALIDATION,SOLVED_TRIVIAL_le10k
556,SOLVED,TRAIN,SOLVED_TRIVIAL_le100k
557,SOLVED,TRAIN,SOLVED_TRIVIAL_gt300k
558,UNKNOWN,TRAIN,UNKNOWN_NONE_gt300k
559,UNKNOWN,TEST,UNKNOWN_NONE_gt300k
560,SOLVED,VALIDATION,SOLVED_NONE_gt300k
561,SOLVED,TRAIN,SOLVED_TRIVIAL_le100k
562,SOLVED,TRAIN,SOLVED_NONE_gt300k
563,SOLVED,TRAIN,SOLVED_EASY_le100k
564,SOLVED,TEST,SOLVED_NONE_le100k
565,SOLVED,VALIDATION,SOLVED_TRIVIAL_le300k
566,SOLVED,TRAIN,SOLVED_TRIVIAL_gt300k
567,PROVEN_LOST,TRAIN,PROVEN_LOST_NONE_le100k
568,UNKNOWN,TRAIN,UNKNOWN_NONE_gt300k
569,UNKNOWN,TEST,UNKNOWN_NONE_gt300k
570,SOLVED,TRAIN,SOLVED_TRIVIAL_le100k
571,SOLVED,TRAIN,SOLVED_NONE_le10k
572,SOLVED,TRAIN,SOLVED_TRIVIAL_le10k
573,SOLVED,TRAIN,SOLVED_TRIVIAL_le300k
574,SOLVED,VALIDATION,SOLVED_EASY_le100k
575,SOLVED,TRAIN,SOLVED_TRIVIAL_le100k
576,SOLVED,TRAIN,SOLVED_TRIVIAL_le300k
577,SOLVED,TRAIN,SOLVED_TRIVIAL_le100k
578,SOLVED,TRAIN,SOLVED_NONE_le100k
579,SOLVED,VALIDATION,SOLVED_TRIVIAL_le10k
580,SOLVED,TRAIN,SOLVED_TRIVIAL_le100k
581,SOLVED,TRAIN,SOLVED_EASY_le100k
582,SOLVED,TRAIN,SOLVED_TRIVIAL_gt300k
583,SOLVED,TEST,SOLVED_TRIVIAL_le100k
584,SOLVED,VALIDATION,SOLVED_NONE_le100k
585,SOLVED,TRAIN,SOLVED_TRIVIAL_le100k
586,SOLVED,TRAIN,SOLVED_NONE_gt300k
587,SOLVED,TRAIN,SOLVED_TRIVIAL_gt300k
588,UNKNOWN,TEST,UNKNOWN_NONE_gt300k
589,SOLVED,VALIDATION,SOLVED_TRIVIAL_le100k
590,SOLVED,TRAIN,SOLVED_NONE_le100k
591,SOLVED,TRAIN,SOLVED_HARD_le10k
592,SOLVED,TRAIN,SOLVED_NONE_gt300k
593,SOLVED,TEST,SOLVED_HARD_le300k
594,SOLVED,TRAIN,SOLVED_TRIVIAL_le300k
595,UNKNOWN,TRAIN,UNKNOWN_NONE_gt300k
596,SOLVED,TRAIN,SOLVED_HARD_le100k
597,SOLVED,TRAIN,SOLVED_NONE_le100k
598,SOLVED,TEST,SOLVED_NONE_le100k
599,SOLVED,TRAIN,SOLVED_TRIVIAL_le100k
600,UNKNOWN,TRAIN,UNKNOWN_NONE_gt300k
601,SOLVED,TRAIN,SOLVED_TRIVIAL_le100k
602,SOLVED,TRAIN,SOLVED_EASY_le100k
603,SOLVED,VALIDATION,SOLVED_TRIVIAL_le100k
604,SOLVED,TRAIN,SOLVED_TRIVIAL_le100k
605,SOLVED,TRAIN,SOLVED_TRIVIAL_gt300k
606,SOLVED,TRAIN,SOLVED_NONE_le100k
607,UNKNOWN,TEST,UNKNOWN_NONE_gt300k
608,SOLVED,VALIDATION,SOLVED_TRIVIAL_le300k
609,UNKNOWN,TRAIN,UNKNOWN_NONE_gt300k
610,SOLVED,TRAIN,SOLVED_NONE_le100k
611,SOLVED,TRAIN,SOLVED_TRIVIAL_le100k
612,PROVEN_LOST,TEST,PROVEN_LOST_NONE_gt300k
613,SOLVED,VALIDATION,SOLVED_TRIVIAL_le100k
614,PROVEN_LOST,TRAIN,PROVEN_LOST_NONE_gt300k
615,UNKNOWN,TRAIN,UNKNOWN_NONE_gt300k
616,SOLVED,TRAIN,SOLVED_TRIVIAL_le100k
617,SOLVED,TEST,SOLVED_TRIVIAL_le100k
618,UNKNOWN,TRAIN,UNKNOWN_NONE_gt300k
619,UNKNOWN,TRAIN,UNKNOWN_NONE_gt300k
620,SOLVED,TRAIN,SOLVED_NONE_le10k
621,SOLVED,TRAIN,SOLVED_TRIVIAL_le100k
622,SOLVED,TEST,SOLVED_TRIVIAL_le10k
623,SOLVED,TRAIN,SOLVED_NONE_le300k
624,SOLVED,TRAIN,SOLVED_TRIVIAL_le300k
625,SOLVED,TRAIN,SOLVED_NONE_le100k
626,SOLVED,TRAIN,SOLVED_TRIVIAL_le10k
627,SOLVED,VALIDATION,SOLVED_TRIVIAL_le100k
628,SOLVED,TRAIN,SOLVED_TRIVIAL_le100k
629,SOLVED,TRAIN,SOLVED_TRIVIAL_gt300k
630,SOLVED,TRAIN,SOLVED_NONE_le100k
631,SOLVED,TEST,SOLVED_TRIVIAL_le100k
632,SOLVED,VALIDATION,SOLVED_NONE_gt300k
633,PROVEN_LOST,TRAIN,PROVEN_LOST_NONE_gt300k
634,UNKNOWN,TRAIN,UNKNOWN_NONE_gt300k
635,UNKNOWN,TRAIN,UNKNOWN_NONE_gt300k
636,UNKNOWN,TEST,UNKNOWN_NONE_gt300k
637,SOLVED,VALIDATION,SOLVED_TRIVIAL_le100k
638,SOLVED,TRAIN,SOLVED_TRIVIAL_le100k
639,SOLVED,TRAIN,SOLVED_TRIVIAL_le100k
640,PROVEN_LOST,TRAIN,PROVEN_LOST_NONE_le300k
641,SOLVED,TEST,SOLVED_TRIVIAL_le100k
642,SOLVED,TRAIN,SOLVED_TRIVIAL_le100k
643,SOLVED,TRAIN,SOLVED_EASY_gt300k
644,UNKNOWN,TRAIN,UNKNOWN_NONE_gt300k
645,SOLVED,TRAIN,SOLVED_TRIVIAL_le100k
646,SOLVED,TEST,SOLVED_TRIVIAL_le300k
647,SOLVED,TRAIN,SOLVED_NONE_le100k
648,SOLVED,TRAIN,SOLVED_HARD_gt300k
649,SOLVED,TRAIN,SOLVED_TRIVIAL_le100k
650,SOLVED,TRAIN,SOLVED_TRIVIAL_le10k
651,SOLVED,VALIDATION,SOLVED_TRIVIAL_gt300k
652,SOLVED,TRAIN,SOLVED_EASY_le100k
653,SOLVED,TRAIN,SOLVED_TRIVIAL_le100k
654,SOLVED,TRAIN,SOLVED_TRIVIAL_le300k
655,SOLVED,TEST,SOLVED_HARD_le100k
656,SOLVED,VALIDATION,SOLVED_HARD_gt300k
657,SOLVED,TRAIN,SOLVED_HARD_le10k
658,UNKNOWN,TRAIN,UNKNOWN_NONE_gt300k
659,SOLVED,TRAIN,SOLVED_TRIVIAL_le100k
660,SOLVED,TEST,SOLVED_EASY_le10k
661,SOLVED,VALIDATION,SOLVED_TRIVIAL_le100k
662,SOLVED,TRAIN,SOLVED_EASY_le100k
663,SOLVED,TRAIN,SOLVED_EASY_le300k
664,SOLVED,TRAIN,SOLVED_NONE_le100k
665,SOLVED,TEST,SOLVED_HARD_le10k
666,SOLVED,VALIDATION,SOLVED_TRIVIAL_le300k
667,PROVEN_LOST,TRAIN,PROVEN_LOST_NONE_gt300k
668,SOLVED,TRAIN,SOLVED_TRIVIAL_le100k
669,SOLVED,TRAIN,SOLVED_HARD_le100k
670,SOLVED,TEST,SOLVED_TRIVIAL_le100k
671,UNKNOWN,TRAIN,UNKNOWN_NONE_gt300k
672,SOLVED,TRAIN,SOLVED_TRIVIAL_le100k
673,SOLVED,TRAIN,SOLVED_TRIVIAL_le10k
674,SOLVED,TRAIN,SOLVED_TRIVIAL_le10k
675,SOLVED,VALIDATION,SOLVED_TRIVIAL_le100k
676,UNKNOWN,TRAIN,UNKNOWN_NONE_gt300k
677,SOLVED,TRAIN,SOLVED_EASY_le100k
678,SOLVED,TRAIN,SOLVED_HARD_le100k
679,SOLVED,TEST,SOLVED_HARD_le100k
680,UNKNOWN,VALIDATION,UNKNOWN_NONE_gt300k
681,SOLVED,TRAIN,SOLVED_TRIVIAL_le100k
682,SOLVED,TRAIN,SOLVED_TRIVIAL_le300k
683,SOLVED,TRAIN,SOLVED_TRIVIAL_le100k
684,SOLVED,TEST,SOLVED_TRIVIAL_le100k
685,SOLVED,VALIDATION,SOLVED_TRIVIAL_le10k
686,SOLVED,TRAIN,SOLVED_TRIVIAL_le100k
687,SOLVED,TRAIN,SOLVED_TRIVIAL_le10k
688,SOLVED,TRAIN,SOLVED_HARD_le100k
689,SOLVED,TEST,SOLVED_TRIVIAL_le100k
690,PROVEN_LOST,VALIDATION,PROVEN_LOST_NONE_gt300k
691,SOLVED,TRAIN,SOLVED_TRIVIAL_le100k
692,SOLVED,TRAIN,SOLVED_TRIVIAL_gt300k
693,SOLVED,TRAIN,SOLVED_NONE_le10k
694,SOLVED,TEST,SOLVED_TRIVIAL_le100k
695,SOLVED,TRAIN,SOLVED_TRIVIAL_le10k
696,UNKNOWN,TRAIN,UNKNOWN_NONE_gt300k
697,UNKNOWN,TRAIN,UNKNOWN_NONE_gt300k
698,SOLVED,TRAIN,SOLVED_NONE_le300k
699,SOLVED,VALIDATION,SOLVED_NONE_le100k
700,SOLVED,TRAIN,SOLVED_EXPERT_le100k
701,SOLVED,TRAIN,SOLVED_NONE_le100k
702,SOLVED,TRAIN,SOLVED_EASY_le100k
703,SOLVED,TRAIN,SOLVED_HARD_le100k
704,SOLVED,VALIDATION,SOLVED_EASY_le100k
705,PROVEN_LOST,TRAIN,PROVEN_LOST_NONE_gt300k
706,UNKNOWN,TRAIN,UNKNOWN_NONE_gt300k
707,UNKNOWN,TRAIN,UNKNOWN_NONE_gt300k
708,UNKNOWN,TEST,UNKNOWN_NONE_gt300k
709,SOLVED,VALIDATION,SOLVED_TRIVIAL_le10k
710,SOLVED,TRAIN,SOLVED_TRIVIAL_gt300k
711,UNKNOWN,TRAIN,UNKNOWN_NONE_gt300k
712,UNKNOWN,TRAIN,UNKNOWN_NONE_gt300k
713,UNKNOWN,TEST,UNKNOWN_NONE_gt300k
714,SOLVED,VALIDATION,SOLVED_EXPERT_gt300k
715,SOLVED,TRAIN,SOLVED_TRIVIAL_le100k
716,SOLVED,TRAIN,SOLVED_MEDIUM_gt300k
717,SOLVED,TRAIN,SOLVED_HARD_le100k
718,SOLVED,TEST,SOLVED_TRIVIAL_le10k
719,SOLVED,TRAIN,SOLVED_TRIVIAL_le10k
720,SOLVED,TRAIN,SOLVED_NONE_gt300k
721,SOLVED,TRAIN,SOLVED_TRIVIAL_le100k
722,SOLVED,TRAIN,SOLVED_TRIVIAL_le100k
723,SOLVED,VALIDATION,SOLVED_TRIVIAL_le100k
724,SOLVED,TRAIN,SOLVED_TRIVIAL_gt300k
725,SOLVED,TRAIN,SOLVED_NONE_le100k
726,SOLVED,TRAIN,SOLVED_TRIVIAL_le10k
727,SOLVED,TRAIN,SOLVED_TRIVIAL_le100k
728,UNKNOWN,VALIDATION,UNKNOWN_NONE_gt300k
729,SOLVED,TRAIN,SOLVED_TRIVIAL_le10k
730,SOLVED,TRAIN,SOLVED_HARD_le300k
731,PROVEN_LOST,TRAIN,PROVEN_LOST_NONE_gt300k
732,SOLVED,TEST,SOLVED_TRIVIAL_le100k
733,SOLVED,VALIDATION,SOLVED_NONE_le300k
734,SOLVED,TRAIN,SOLVED_TRIVIAL_gt300k
735,SOLVED,TRAIN,SOLVED_TRIVIAL_le10k
736,SOLVED,TRAIN,SOLVED_TRIVIAL_le100k
737,UNKNOWN,TEST,UNKNOWN_NONE_gt300k
738,SOLVED,VALIDATION,SOLVED_TRIVIAL_le100k
739,UNKNOWN,TRAIN,UNKNOWN_NONE_gt300k
740,SOLVED,TRAIN,SOLVED_TRIVIAL_le300k
741,SOLVED,TRAIN,SOLVED_EASY_le100k
742,SOLVED,TEST,SOLVED_EXPERT_le100k
743,SOLVED,TRAIN,SOLVED_TRIVIAL_gt300k
744,UNKNOWN,TRAIN,UNKNOWN_NONE_gt300k
745,SOLVED,TRAIN,SOLVED_TRIVIAL_le300k
746,SOLVED,TRAIN,SOLVED_TRIVIAL_gt300k
747,SOLVED,VALIDATION,SOLVED_TRIVIAL_le100k
748,SOLVED,TRAIN,SOLVED_TRIVIAL_le100k
749,SOLVED,TRAIN,SOLVED_TRIVIAL_gt300k
750,UNKNOWN,TRAIN,UNKNOWN_NONE_gt300k
751,SOLVED,TRAIN,SOLVED_NONE_le10k
752,UNKNOWN,VALIDATION,UNKNOWN_NONE_gt300k
753,SOLVED,TRAIN,SOLVED_TRIVIAL_le300k
754,UNKNOWN,TRAIN,UNKNOWN_NONE_gt300k
755,SOLVED,TRAIN,SOLVED_TRIVIAL_le100k
756,SOLVED,TEST,SOLVED_TRIVIAL_le100k
757,SOLVED,VALIDATION,SOLVED_NONE_gt300k
758,SOLVED,TRAIN,SOLVED_NONE_le100k
759,SOLVED,TRAIN,SOLVED_NONE_le10k
760,SOLVED,TRAIN,SOLVED_TRIVIAL_le100k
761,SOLVED,TEST,SOLVED_TRIVIAL_le100k
762,SOLVED,VALIDATION,SOLVED_TRIVIAL_le10k
763,SOLVED,TRAIN,SOLVED_TRIVIAL_gt300k
764,SOLVED,TRAIN,SOLVED_TRIVIAL_le100k
765,SOLVED,TRAIN,SOLVED_TRIVIAL_le300k
766,SOLVED,TEST,SOLVED_TRIVIAL_le10k
767,SOLVED,TRAIN,SOLVED_TRIVIAL_le100k
768,SOLVED,TRAIN,SOLVED_TRIVIAL_le100k
769,SOLVED,TRAIN,SOLVED_TRIVIAL_le100k
770,SOLVED,TRAIN,SOLVED_TRIVIAL_le100k
771,SOLVED,TEST,SOLVED_HARD_le100k
772,SOLVED,TRAIN,SOLVED_TRIVIAL_le300k
773,SOLVED,TRAIN,SOLVED_TRIVIAL_le100k
774,SOLVED,TRAIN,SOLVED_TRIVIAL_le300k
775,SOLVED,TRAIN,SOLVED_TRIVIAL_le300k
776,SOLVED,VALIDATION,SOLVED_TRIVIAL_le10k
777,SOLVED,TRAIN,SOLVED_TRIVIAL_le100k
778,SOLVED,TRAIN,SOLVED_HARD_le100k
779,SOLVED,TRAIN,SOLVED_NONE_le300k
780,SOLVED,TEST,SOLVED_EASY_gt300k
781,SOLVED,VALIDATION,SOLVED_EASY_le300k
782,PROVEN_LOST,TRAIN,PROVEN_LOST_NONE_le10k
783,SOLVED,TRAIN,SOLVED_NONE_le300k
784,SOLVED,TRAIN,SOLVED_TRIVIAL_gt300k
785,SOLVED,TEST,SOLVED_TRIVIAL_le10k
786,SOLVED,VALIDATION,SOLVED_TRIVIAL_le300k
787,SOLVED,TRAIN,SOLVED_TRIVIAL_le100k
788,SOLVED,TRAIN,SOLVED_TRIVIAL_le100k
789,SOLVED,TRAIN,SOLVED_TRIVIAL_le10k
790,SOLVED,TEST,SOLVED_HARD_le100k
791,SOLVED,TRAIN,SOLVED_TRIVIAL_le10k
792,UNKNOWN,TRAIN,UNKNOWN_NONE_gt300k
793,SOLVED,TRAIN,SOLVED_TRIVIAL_le300k
794,SOLVED,TRAIN,SOLVED_TRIVIAL_le100k
795,SOLVED,TEST,SOLVED_HARD_gt300k
796,SOLVED,TRAIN,SOLVED_TRIVIAL_le300k
797,SOLVED,TRAIN,SOLVED_NONE_le300k
798,UNKNOWN,TRAIN,UNKNOWN_NONE_gt300k
799,SOLVED,TRAIN,SOLVED_TRIVIAL_le100k
800,SOLVED,VALIDATION,SOLVED_TRIVIAL_le100k
801,SOLVED,TRAIN,SOLVED_TRIVIAL_gt300k
802,SOLVED,TRAIN,SOLVED_NONE_le10k
803,SOLVED,TRAIN,SOLVED_HARD_le100k
804,UNKNOWN,TEST,UNKNOWN_NONE_gt300k
805,UNKNOWN,VALIDATION,UNKNOWN_NONE_gt300k
806,SOLVED,TRAIN,SOLVED_TRIVIAL_le100k
807,SOLVED,TRAIN,SOLVED_NONE_le100k
808,SOLVED,TRAIN,SOLVED_EASY_le100k
809,SOLVED,TEST,SOLVED_NONE_le300k
810,SOLVED,VALIDATION,SOLVED_TRIVIAL_gt300k
811,SOLVED,TRAIN,SOLVED_TRIVIAL_gt300k
812,PROVEN_LOST,TRAIN,PROVEN_LOST_NONE_gt300k
813,SOLVED,TRAIN,SOLVED_NONE_le10k
814,SOLVED,TEST,SOLVED_TRIVIAL_le300k
815,SOLVED,TRAIN,SOLVED_TRIVIAL_le100k
816,SOLVED,TRAIN,SOLVED_TRIVIAL_le300k
817,UNKNOWN,TRAIN,UNKNOWN_NONE_gt300k
818,SOLVED,TRAIN,SOLVED_TRIVIAL_le300k
819,SOLVED,TEST,SOLVED_TRIVIAL_le100k
820,UNKNOWN,TRAIN,UNKNOWN_NONE_gt300k
821,SOLVED,TRAIN,SOLVED_TRIVIAL_le10k
822,SOLVED,TRAIN,SOLVED_NONE_le100k
823,SOLVED,TRAIN,SOLVED_TRIVIAL_le100k
824,SOLVED,VALIDATION,SOLVED_TRIVIAL_gt300k
825,SOLVED,TRAIN,SOLVED_TRIVIAL_le100k
826,SOLVED,TRAIN,SOLVED_TRIVIAL_le100k
827,SOLVED,TRAIN,SOLVED_TRIVIAL_le100k
828,SOLVED,TEST,SOLVED_TRIVIAL_gt300k
829,SOLVED,VALIDATION,SOLVED_TRIVIAL_le100k
830,SOLVED,TRAIN,SOLVED_NONE_gt300k
831,SOLVED,TRAIN,SOLVED_TRIVIAL_gt300k
832,SOLVED,TRAIN,SOLVED_HARD_le100k
833,UNKNOWN,TEST,UNKNOWN_NONE_gt300k
834,UNKNOWN,VALIDATION,UNKNOWN_NONE_gt300k
835,SOLVED,TRAIN,SOLVED_TRIVIAL_le100k
836,SOLVED,TRAIN,SOLVED_TRIVIAL_le100k
837,SOLVED,TRAIN,SOLVED_TRIVIAL_le10k
838,UNKNOWN,TEST,UNKNOWN_NONE_gt300k
839,SOLVED,VALIDATION,SOLVED_TRIVIAL_le100k
840,SOLVED,TRAIN,SOLVED_TRIVIAL_le100k
841,SOLVED,TRAIN,SOLVED_TRIVIAL_le100k
842,SOLVED,TRAIN,SOLVED_HARD_le100k
843,SOLVED,TEST,SOLVED_TRIVIAL_le300k
844,SOLVED,TRAIN,SOLVED_NONE_gt300k
845,SOLVED,TRAIN,SOLVED_TRIVIAL_le10k
846,SOLVED,TRAIN,SOLVED_NONE_le100k
847,SOLVED,TRAIN,SOLVED_TRIVIAL_gt300k
848,SOLVED,VALIDATION,SOLVED_TRIVIAL_le300k
849,SOLVED,TRAIN,SOLVED_TRIVIAL_le100k
850,UNKNOWN,TRAIN,UNKNOWN_NONE_gt300k
851,SOLVED,TRAIN,SOLVED_NONE_gt300k
852,UNKNOWN,TEST,UNKNOWN_NONE_gt300k
853,SOLVED,VALIDATION,SOLVED_NONE_gt300k
854,SOLVED,TRAIN,SOLVED_HARD_le100k
855,SOLVED,TRAIN,SOLVED_TRIVIAL_le10k
856,SOLVED,TRAIN,SOLVED_TRIVIAL_le100k
857,SOLVED,TEST,SOLVED_NONE_le100k
858,SOLVED,VALIDATION,SOLVED_TRIVIAL_le10k
859,UNKNOWN,TRAIN,UNKNOWN_NONE_gt300k
860,SOLVED,TRAIN,SOLVED_NONE_le100k
861,SOLVED,TRAIN,SOLVED_TRIVIAL_le10k
862,SOLVED,TEST,SOLVED_TRIVIAL_gt300k
863,SOLVED,VALIDATION,SOLVED_NONE_le10k
864,SOLVED,TRAIN,SOLVED_TRIVIAL_gt300k
865,UNKNOWN,TRAIN,UNKNOWN_NONE_gt300k
866,SOLVED,TRAIN,SOLVED_NONE_le100k
867,SOLVED,TEST,SOLVED_TRIVIAL_le100k
868,PROVEN_LOST,TRAIN,PROVEN_LOST_NONE_gt300k
869,UNKNOWN,TRAIN,UNKNOWN_NONE_gt300k
870,SOLVED,TRAIN,SOLVED_EXPERT_le100k
871,UNKNOWN,TRAIN,UNKNOWN_NONE_gt300k
872,SOLVED,VALIDATION,SOLVED_HARD_gt300k
873,SOLVED,TRAIN,SOLVED_TRIVIAL_le10k
874,SOLVED,TRAIN,SOLVED_TRIVIAL_gt300k
875,SOLVED,TRAIN,SOLVED_TRIVIAL_le300k
876,SOLVED,TRAIN,SOLVED_TRIVIAL_le100k
877,SOLVED,VALIDATION,SOLVED_TRIVIAL_gt300k
878,SOLVED,TRAIN,SOLVED_TRIVIAL_le10k
879,SOLVED,TRAIN,SOLVED_TRIVIAL_le100k
880,SOLVED,TRAIN,SOLVED_EASY_gt300k
881,SOLVED,TEST,SOLVED_HARD_gt300k
882,SOLVED,VALIDATION,SOLVED_TRIVIAL_le100k
883,SOLVED,TRAIN,SOLVED_EASY_le100k
884,SOLVED,TRAIN,SOLVED_TRIVIAL_le100k
885,SOLVED,TRAIN,SOLVED_HARD_le100k
886,SOLVED,TEST,SOLVED_TRIVIAL_le300k
887,SOLVED,VALIDATION,SOLVED_TRIVIAL_le10k
888,SOLVED,TRAIN,SOLVED_HARD_gt300k
889,PROVEN_LOST,TRAIN,PROVEN_LOST_NONE_gt300k
890,PROVEN_LOST,TRAIN,PROVEN_LOST_NONE_le300k
891,SOLVED,TEST,SOLVED_TRIVIAL_le10k
892,SOLVED,TRAIN,SOLVED_TRIVIAL_gt300k
893,SOLVED,TRAIN,SOLVED_TRIVIAL_le300k
894,SOLVED,TRAIN,SOLVED_TRIVIAL_le10k
895,UNKNOWN,TRAIN,UNKNOWN_NONE_gt300k
896,UNKNOWN,VALIDATION,UNKNOWN_NONE_gt300k
897,SOLVED,TRAIN,SOLVED_TRIVIAL_gt300k
898,SOLVED,TRAIN,SOLVED_TRIVIAL_le300k
899,SOLVED,TRAIN,SOLVED_TRIVIAL_gt300k
900,SOLVED,TRAIN,SOLVED_EASY_le10k
901,SOLVED,VALIDATION,SOLVED_NONE_gt300k
902,SOLVED,TRAIN,SOLVED_TRIVIAL_le100k
903,SOLVED,TRAIN,SOLVED_NONE_le10k
904,SOLVED,TRAIN,SOLVED_TRIVIAL_gt300k
905,SOLVED,TEST,SOLVED_TRIVIAL_le10k
906,UNKNOWN,VALIDATION,UNKNOWN_NONE_gt300k
907,SOLVED,TRAIN,SOLVED_HARD_le100k
908,SOLVED,TRAIN,SOLVED_TRIVIAL_le300k
909,SOLVED,TRAIN,SOLVED_HARD_gt300k
910,SOLVED,TEST,SOLVED_HARD_le300k
911,SOLVED,VALIDATION,SOLVED_TRIVIAL_le100k
912,SOLVED,TRAIN,SOLVED_TRIVIAL_le300k
913,SOLVED,TRAIN,SOLVED_TRIVIAL_le100k
914,SOLVED,TRAIN,SOLVED_NONE_le10k
915,PROVEN_LOST,TEST,PROVEN_LOST_NONE_le100k
916,SOLVED,TRAIN,SOLVED_TRIVIAL_le100k
917,SOLVED,TRAIN,SOLVED_TRIVIAL_gt300k
918,SOLVED,TRAIN,SOLVED_TRIVIAL_gt300k
919,SOLVED,TRAIN,SOLVED_TRIVIAL_le10k
920,SOLVED,VALIDATION,SOLVED_TRIVIAL_gt300k
921,SOLVED,TRAIN,SOLVED_TRIVIAL_le100k
922,SOLVED,TRAIN,SOLVED_TRIVIAL_le100k
923,SOLVED,TRAIN,SOLVED_TRIVIAL_le100k
924,SOLVED,TRAIN,SOLVED_TRIVIAL_le100k
925,UNKNOWN,VALIDATION,UNKNOWN_NONE_gt300k
926,SOLVED,TRAIN,SOLVED_HARD_le100k
927,SOLVED,TRAIN,SOLVED_EASY_gt300k
928,SOLVED,TRAIN,SOLVED_TRIVIAL_gt300k
929,UNKNOWN,TEST,UNKNOWN_NONE_gt300k
930,SOLVED,VALIDATION,SOLVED_TRIVIAL_le100k
931,SOLVED,TRAIN,SOLVED_TRIVIAL_le100k
932,SOLVED,TRAIN,SOLVED_TRIVIAL_le100k
933,SOLVED,TRAIN,SOLVED_TRIVIAL_le300k
934,SOLVED,TEST,SOLVED_EASY_le100k
935,SOLVED,VALIDATION,SOLVED_TRIVIAL_le10k
936,SOLVED,TRAIN,SOLVED_TRIVIAL_le100k
937,PROVEN_LOST,TRAIN,PROVEN_LOST_NONE_gt300k
938,SOLVED,TRAIN,SOLVED_TRIVIAL_le300k
939,UNKNOWN,TEST,UNKNOWN_NONE_gt300k
940,SOLVED,TRAIN,SOLVED_TRIVIAL_le10k
941,SOLVED,TRAIN,SOLVED_TRIVIAL_le100k
942,SOLVED,TRAIN,SOLVED_TRIVIAL_le300k
943,UNKNOWN,TRAIN,UNKNOWN_NONE_gt300k
944,SOLVED,TEST,SOLVED_TRIVIAL_le100k
945,SOLVED,TRAIN,SOLVED_TRIVIAL_le100k
946,SOLVED,TRAIN,SOLVED_NONE_le300k
947,UNKNOWN,TRAIN,UNKNOWN_NONE_gt300k
948,SOLVED,TRAIN,SOLVED_NONE_le100k
949,SOLVED,VALIDATION,SOLVED_TRIVIAL_le100k
950,SOLVED,TRAIN,SOLVED_TRIVIAL_le100k
951,SOLVED,TRAIN,SOLVED_HARD_le100k
952,SOLVED,TRAIN,SOLVED_NONE_le10k
953,SOLVED,TEST,SOLVED_HARD_le100k
954,SOLVED,VALIDATION,SOLVED_TRIVIAL_gt300k
955,SOLVED,TRAIN,SOLVED_TRIVIAL_le100k
956,SOLVED,TRAIN,SOLVED_TRIVIAL_le300k
957,SOLVED,TRAIN,SOLVED_TRIVIAL_le100k
958,SOLVED,TEST,SOLVED_TRIVIAL_le100k
959,SOLVED,VALIDATION,SOLVED_TRIVIAL_le100k
960,SOLVED,TRAIN,SOLVED_TRIVIAL_le10k
961,SOLVED,TRAIN,SOLVED_NONE_le300k
962,SOLVED,TRAIN,SOLVED_TRIVIAL_le100k
963,SOLVED,TEST,SOLVED_TRIVIAL_le100k
964,PROVEN_LOST,TRAIN,PROVEN_LOST_NONE_gt300k
965,SOLVED,TRAIN,SOLVED_TRIVIAL_le10k
966,SOLVED,TRAIN,SOLVED_HARD_le10k
967,SOLVED,TRAIN,SOLVED_TRIVIAL_le100k
968,SOLVED,TEST,SOLVED_TRIVIAL_le100k
969,SOLVED,TRAIN,SOLVED_NONE_gt300k
970,SOLVED,TRAIN,SOLVED_NONE_le100k
971,SOLVED,TRAIN,SOLVED_TRIVIAL_gt300k
972,UNKNOWN,TRAIN,UNKNOWN_NONE_gt300k
973,UNKNOWN,VALIDATION,UNKNOWN_NONE_gt300k
974,SOLVED,TRAIN,SOLVED_TRIVIAL_le10k
975,SOLVED,TRAIN,SOLVED_TRIVIAL_le100k
976,SOLVED,TRAIN,SOLVED_NONE_le100k
977,UNKNOWN,TEST,UNKNOWN_NONE_gt300k
978,UNKNOWN,VALIDATION,UNKNOWN_NONE_gt300k
979,SOLVED,TRAIN,SOLVED_NONE_le300k
980,SOLVED,TRAIN,SOLVED_HARD_le10k
981,UNKNOWN,TRAIN,UNKNOWN_NONE_gt300k
982,SOLVED,TEST,SOLVED_TRIVIAL_le100k
983,SOLVED,VALIDATION,SOLVED_TRIVIAL_le10k
984,SOLVED,TRAIN,SOLVED_NONE_gt300k
985,SOLVED,TRAIN,SOLVED_TRIVIAL_le300k
986,SOLVED,TRAIN,SOLVED_TRIVIAL_gt300k
987,SOLVED,TEST,SOLVED_NONE_le100k
988,SOLVED,TRAIN,SOLVED_TRIVIAL_le10k
989,SOLVED,TRAIN,SOLVED_NONE_le10k
990,SOLVED,TRAIN,SOLVED_TRIVIAL_le100k
991,SOLVED,TRAIN,SOLVED_TRIVIAL_le300k
992,SOLVED,TEST,SOLVED_TRIVIAL_le100k
993,SOLVED,TRAIN,SOLVED_TRIVIAL_le100k
994,PROVEN_LOST,TRAIN,PROVEN_LOST_NONE_gt300k
995,SOLVED,TRAIN,SOLVED_TRIVIAL_le100k
996,SOLVED,TRAIN,SOLVED_HARD_gt300k
997,SOLVED,VALIDATION,SOLVED_TRIVIAL_le100k
998,SOLVED,TRAIN,SOLVED_TRIVIAL_le100k
999,UNKNOWN,TRAIN,UNKNOWN_NONE_gt300k
1000,SOLVED,TRAIN,SOLVED_HARD_gt300k
1001,SOLVED,TEST,SOLVED_HARD_le100k
1002,SOLVED,VALIDATION,SOLVED_TRIVIAL_gt300k
1003,SOLVED,TRAIN,SOLVED_TRIVIAL_gt300k
1004,UNKNOWN,TRAIN,UNKNOWN_NONE_gt300k
1005,SOLVED,TRAIN,SOLVED_TRIVIAL_le100k
1006,SOLVED,TEST,SOLVED_TRIVIAL_le100k
1007,SOLVED,VALIDATION,SOLVED_TRIVIAL_le100k
1008,SOLVED,TRAIN,SOLVED_NONE_le100k
1009,SOLVED,TRAIN,SOLVED_HARD_gt300k
1010,SOLVED,TRAIN,SOLVED_NONE_le100k
1011,SOLVED,TEST,SOLVED_TRIVIAL_le100k
1012,SOLVED,VALIDATION,SOLVED_TRIVIAL_le10k
1013,SOLVED,TRAIN,SOLVED_TRIVIAL_le10k
1014,SOLVED,TRAIN,SOLVED_TRIVIAL_le100k
1015,SOLVED,TRAIN,SOLVED_NONE_le100k
1016,SOLVED,TEST,SOLVED_TRIVIAL_gt300k
1017,SOLVED,TRAIN,SOLVED_TRIVIAL_le10k
1018,SOLVED,TRAIN,SOLVED_HARD_le300k
1019,PROVEN_LOST,TRAIN,PROVEN_LOST_NONE_gt300k
1020,SOLVED,TRAIN,SOLVED_NONE_gt300k
1021,SOLVED,VALIDATION,SOLVED_NONE_le10k
1022,UNKNOWN,TRAIN,UNKNOWN_NONE_gt300k
1023,UNKNOWN,TRAIN,UNKNOWN_NONE_gt300k
1024,UNKNOWN,TRAIN,UNKNOWN_NONE_gt300k
1025,SOLVED,TEST,SOLVED_TRIVIAL_le100k
1026,SOLVED,VALIDATION,SOLVED_TRIVIAL_le100k
1027,PROVEN_LOST,TRAIN,PROVEN_LOST_NONE_gt300k
1028,SOLVED,TRAIN,SOLVED_TRIVIAL_le100k
1029,SOLVED,TRAIN,SOLVED_TRIVIAL_le100k
1030,UNKNOWN,TEST,UNKNOWN_NONE_gt300k
1031,SOLVED,VALIDATION,SOLVED_TRIVIAL_le10k
1032,SOLVED,TRAIN,SOLVED_NONE_le300k
1033,SOLVED,TRAIN,SOLVED_TRIVIAL_le300k
1034,SOLVED,TRAIN,SOLVED_TRIVIAL_le100k
1035,SOLVED,TEST,SOLVED_TRIVIAL_le10k
1036,UNKNOWN,VALIDATION,UNKNOWN_NONE_gt300k
1037,SOLVED,TRAIN,SOLVED_TRIVIAL_gt300k
1038,SOLVED,TRAIN,SOLVED_TRIVIAL_le300k
1039,SOLVED,TRAIN,SOLVED_NONE_le100k
1040,SOLVED,TEST,SOLVED_TRIVIAL_le100k
1041,SOLVED,TRAIN,SOLVED_TRIVIAL_le10k
1042,UNKNOWN,TRAIN,UNKNOWN_NONE_gt300k
1043,SOLVED,TRAIN,SOLVED_TRIVIAL_le100k
1044,SOLVED,TRAIN,SOLVED_TRIVIAL_le100k
1045,SOLVED,VALIDATION,SOLVED_NONE_le100k
1046,SOLVED,TRAIN,SOLVED_TRIVIAL_le100k
1047,UNKNOWN,TRAIN,UNKNOWN_NONE_gt300k
1048,SOLVED,TRAIN,SOLVED_NONE_le10k
1049,SOLVED,TRAIN,SOLVED_TRIVIAL_gt300k
1050,PROVEN_LOST,VALIDATION,PROVEN_LOST_NONE_gt300k
1051,SOLVED,TRAIN,SOLVED_TRIVIAL_le100k
1052,UNKNOWN,TRAIN,UNKNOWN_NONE_gt300k
1053,SOLVED,TRAIN,SOLVED_NONE_gt300k
1054,SOLVED,TEST,SOLVED_TRIVIAL_le10k
1055,UNKNOWN,VALIDATION,UNKNOWN_NONE_gt300k
1056,SOLVED,TRAIN,SOLVED_TRIVIAL_gt300k
1057,SOLVED,TRAIN,SOLVED_TRIVIAL_le300k
1058,UNKNOWN,TRAIN,UNKNOWN_NONE_gt300k
1059,SOLVED,TEST,SOLVED_TRIVIAL_le100k
1060,SOLVED,VALIDATION,SOLVED_TRIVIAL_le300k
1061,SOLVED,TRAIN,SOLVED_TRIVIAL_le100k
1062,UNKNOWN,TRAIN,UNKNOWN_NONE_gt300k
1063,SOLVED,TRAIN,SOLVED_TRIVIAL_le100k
1064,UNKNOWN,TEST,UNKNOWN_NONE_gt300k
1065,SOLVED,TRAIN,SOLVED_TRIVIAL_le10k
1066,SOLVED,TRAIN,SOLVED_TRIVIAL_le10k
1067,SOLVED,TRAIN,SOLVED_TRIVIAL_le100k
1068,SOLVED,TRAIN,SOLVED_TRIVIAL_le100k
1069,UNKNOWN,VALIDATION,UNKNOWN_NONE_gt300k
1070,UNKNOWN,TRAIN,UNKNOWN_NONE_gt300k
1071,SOLVED,TRAIN,SOLVED_TRIVIAL_le100k
1072,SOLVED,TRAIN,SOLVED_EXPERT_le100k
1073,SOLVED,TRAIN,SOLVED_TRIVIAL_gt300k
1074,SOLVED,VALIDATION,SOLVED_NONE_le10k
1075,SOLVED,TRAIN,SOLVED_TRIVIAL_le10k
1076,SOLVED,TRAIN,SOLVED_EASY_le10k
1077,SOLVED,TRAIN,SOLVED_TRIVIAL_gt300k
1078,PROVEN_LOST,TEST,PROVEN_LOST_NONE_gt300k
1079,SOLVED,VALIDATION,SOLVED_HARD_le10k
1080,UNKNOWN,TRAIN,UNKNOWN_NONE_gt300k
1081,SOLVED,TRAIN,SOLVED_TRIVIAL_le100k
1082,UNKNOWN,TRAIN,UNKNOWN_NONE_gt300k
1083,SOLVED,TEST,SOLVED_NONE_le100k
1084,SOLVED,VALIDATION,SOLVED_EXPERT_le100k
1085,SOLVED,TRAIN,SOLVED_TRIVIAL_le100k
1086,SOLVED,TRAIN,SOLVED_EASY_le300k
1087,SOLVED,TRAIN,SOLVED_HARD_le100k
1088,SOLVED,TEST,SOLVED_TRIVIAL_le100k
1089,SOLVED,TRAIN,SOLVED_TRIVIAL_le10k
1090,SOLVED,TRAIN,SOLVED_HARD_le10k
1091,SOLVED,TRAIN,SOLVED_TRIVIAL_le100k
1092,SOLVED,TRAIN,SOLVED_TRIVIAL_le100k
1093,SOLVED,VALIDATION,SOLVED_NONE_gt300k
1094,SOLVED,TRAIN,SOLVED_TRIVIAL_le100k
1095,SOLVED,TRAIN,SOLVED_NONE_le300k
1096,SOLVED,TRAIN,SOLVED_HARD_le100k
1097,SOLVED,TRAIN,SOLVED_TRIVIAL_le100k
1098,PROVEN_LOST,VALIDATION,PROVEN_LOST_NONE_gt300k
1099,SOLVED,TRAIN,SOLVED_TRIVIAL_le100k
1100,SOLVED,TRAIN,SOLVED_TRIVIAL_le100k
1101,SOLVED,TRAIN,SOLVED_TRIVIAL_gt300k
1102,SOLVED,TEST,SOLVED_TRIVIAL_le100k
1103,SOLVED,VALIDATION,SOLVED_TRIVIAL_le300k
1104,SOLVED,TRAIN,SOLVED_TRIVIAL_le100k
1105,SOLVED,TRAIN,SOLVED_TRIVIAL_gt300k
1106,SOLVED,TRAIN,SOLVED_HARD_le300k
1107,SOLVED,TEST,SOLVED_TRIVIAL_gt300k
1108,SOLVED,VALIDATION,SOLVED_EASY_le100k
1109,SOLVED,TRAIN,SOLVED_TRIVIAL_le100k
1110,SOLVED,TRAIN,SOLVED_TRIVIAL_le100k
1111,SOLVED,TRAIN,SOLVED_TRIVIAL_le10k
1112,SOLVED,TEST,SOLVED_NONE_le100k
1113,SOLVED,TRAIN,SOLVED_TRIVIAL_le300k
1114,SOLVED,TRAIN,SOLVED_NONE_le10k
1115,SOLVED,TRAIN,SOLVED_TRIVIAL_le100k
1116,SOLVED,TRAIN,SOLVED_TRIVIAL_gt300k
1117,SOLVED,TEST,SOLVED_TRIVIAL_gt300k
1118,SOLVED,TRAIN,SOLVED_TRIVIAL_le100k
1119,SOLVED,TRAIN,SOLVED_TRIVIAL_le10k
1120,UNKNOWN,TRAIN,UNKNOWN_NONE_gt300k
1121,SOLVED,TRAIN,SOLVED_NONE_le10k
1122,SOLVED,VALIDATION,SOLVED_TRIVIAL_le100k
1123,UNKNOWN,TRAIN,UNKNOWN_NONE_gt300k
1124,SOLVED,TRAIN,SOLVED_TRIVIAL_le100k
1125,SOLVED,TRAIN,SOLVED_TRIVIAL_le100k
1126,SOLVED,TEST,SOLVED_TRIVIAL_le100k
1127,SOLVED,VALIDATION,SOLVED_HARD_le100k
1128,SOLVED,TRAIN,SOLVED_TRIVIAL_le100k
1129,SOLVED,TRAIN,SOLVED_TRIVIAL_gt300k
1130,SOLVED,TRAIN,SOLVED_TRIVIAL_le10k
1131,SOLVED,TEST,SOLVED_EXPERT_le100k
1132,SOLVED,VALIDATION,SOLVED_NONE_le100k
1133,SOLVED,TRAIN,SOLVED_HARD_le100k
1134,SOLVED,TRAIN,SOLVED_NONE_le10k
1135,UNKNOWN,TRAIN,UNKNOWN_NONE_gt300k
1136,UNKNOWN,TEST,UNKNOWN_NONE_gt300k
1137,SOLVED,TRAIN,SOLVED_TRIVIAL_le10k
1138,SOLVED,TRAIN,SOLVED_HARD_le10k
1139,SOLVED,TRAIN,SOLVED_TRIVIAL_gt300k
1140,UNKNOWN,TRAIN,UNKNOWN_NONE_gt300k
1141,SOLVED,TEST,SOLVED_NONE_gt300k
1142,UNKNOWN,TRAIN,UNKNOWN_NONE_gt300k
1143,SOLVED,TRAIN,SOLVED_NONE_le100k
1144,SOLVED,TRAIN,SOLVED_TRIVIAL_le300k
1145,SOLVED,TRAIN,SOLVED_NONE_le100k
1146,SOLVED,VALIDATION,SOLVED_TRIVIAL_gt300k
1147,SOLVED,TRAIN,SOLVED_HARD_gt300k
1148,SOLVED,TRAIN,SOLVED_NONE_le100k
1149,SOLVED,TRAIN,SOLVED_HARD_gt300k
1150,SOLVED,TEST,SOLVED_TRIVIAL_le100k
1151,UNKNOWN,VALIDATION,UNKNOWN_NONE_gt300k
1152,SOLVED,TRAIN,SOLVED_TRIVIAL_le100k
1153,SOLVED,TRAIN,SOLVED_TRIVIAL_le100k
1154,SOLVED,TRAIN,SOLVED_TRIVIAL_gt300k
1155,SOLVED,TEST,SOLVED_TRIVIAL_gt300k
1156,SOLVED,VALIDATION,SOLVED_TRIVIAL_le100k
1157,SOLVED,TRAIN,SOLVED_TRIVIAL_le100k
1158,UNKNOWN,TRAIN,UNKNOWN_NONE_gt300k
1159,SOLVED,TRAIN,SOLVED_TRIVIAL_gt300k
1160,SOLVED,TEST,SOLVED_HARD_le300k
1161,SOLVED,TRAIN,SOLVED_TRIVIAL_le100k
1162,SOLVED,TRAIN,SOLVED_NONE_le300k
1163,SOLVED,TRAIN,SOLVED_TRIVIAL_le100k
1164,SOLVED,TRAIN,SOLVED_HARD_le100k
1165,SOLVED,TEST,SOLVED_NONE_le300k
1166,UNKNOWN,TRAIN,UNKNOWN_NONE_gt300k
1167,SOLVED,TRAIN,SOLVED_TRIVIAL_le100k
1168,SOLVED,TRAIN,SOLVED_TRIVIAL_le100k
1169,UNKNOWN,TRAIN,UNKNOWN_NONE_gt300k
1170,PROVEN_LOST,VALIDATION,PROVEN_LOST_NONE_gt300k
1171,SOLVED,TRAIN,SOLVED_TRIVIAL_le10k
1172,UNKNOWN,TRAIN,UNKNOWN_NONE_gt300k
1173,SOLVED,TRAIN,SOLVED_NONE_le100k
1174,SOLVED,TEST,SOLVED_TRIVIAL_le100k
1175,PROVEN_LOST,VALIDATION,PROVEN_LOST_NONE_le300k
1176,SOLVED,TRAIN,SOLVED_HARD_le100k
1177,SOLVED,TRAIN,SOLVED_TRIVIAL_le100k
1178,SOLVED,TRAIN,SOLVED_EASY_gt300k
1179,SOLVED,TEST,SOLVED_EASY_le300k
1180,SOLVED,VALIDATION,SOLVED_TRIVIAL_le100k
1181,SOLVED,TRAIN,SOLVED_TRIVIAL_gt300k
1182,SOLVED,TRAIN,SOLVED_TRIVIAL_le100k
1183,UNKNOWN,TRAIN,UNKNOWN_NONE_gt300k
1184,SOLVED,TEST,SOLVED_EASY_le100k
1185,SOLVED,TRAIN,SOLVED_HARD_le100k
1186,SOLVED,TRAIN,SOLVED_TRIVIAL_le100k
1187,SOLVED,TRAIN,SOLVED_NONE_gt300k
1188,SOLVED,TRAIN,SOLVED_EASY_le100k
1189,SOLVED,TEST,SOLVED_EASY_le100k
1190,UNKNOWN,TRAIN,UNKNOWN_NONE_gt300k
1191,UNKNOWN,TRAIN,UNKNOWN_NONE_gt300k
1192,UNKNOWN,TRAIN,UNKNOWN_NONE_gt300k
1193,SOLVED,TRAIN,SOLVED_TRIVIAL_le100k
1194,PROVEN_LOST,VALIDATION,PROVEN_LOST_NONE_gt300k
1195,SOLVED,TRAIN,SOLVED_TRIVIAL_gt300k
1196,SOLVED,TRAIN,SOLVED_TRIVIAL_le300k
1197,SOLVED,TRAIN,SOLVED_HARD_le100k
1198,SOLVED,TEST,SOLVED_TRIVIAL_le100k
1199,SOLVED,VALIDATION,SOLVED_TRIVIAL_gt300k
1200,UNKNOWN,TRAIN,UNKNOWN_NONE_gt300k
1201,SOLVED,TRAIN,SOLVED_TRIVIAL_le100k
1202,SOLVED,TRAIN,SOLVED_TRIVIAL_le100k
1203,SOLVED,TEST,SOLVED_TRIVIAL_gt300k
1204,PROVEN_LOST,VALIDATION,PROVEN_LOST_NONE_gt300k
1205,SOLVED,TRAIN,SOLVED_TRIVIAL_le100k
1206,SOLVED,TRAIN,SOLVED_TRIVIAL_le10k
1207,SOLVED,TRAIN,SOLVED_TRIVIAL_le100k
1208,UNKNOWN,TEST,UNKNOWN_NONE_gt300k
1209,SOLVED,VALIDATION,SOLVED_TRIVIAL_gt300k
1210,UNKNOWN,TRAIN,UNKNOWN_NONE_gt300k
1211,UNKNOWN,TRAIN,UNKNOWN_NONE_gt300k
1212,SOLVED,TRAIN,SOLVED_HARD_gt300k
1213,SOLVED,TEST,SOLVED_NONE_le10k
1214,SOLVED,TRAIN,SOLVED_TRIVIAL_le10k
1215,SOLVED,TRAIN,SOLVED_HARD_le10k
1216,UNKNOWN,TRAIN,UNKNOWN_NONE_gt300k
1217,SOLVED,TRAIN,SOLVED_EASY_le100k
1218,SOLVED,VALIDATION,SOLVED_NONE_le100k
1219,SOLVED,TRAIN,SOLVED_TRIVIAL_le100k
1220,SOLVED,TRAIN,SOLVED_NONE_le100k
1221,SOLVED,TRAIN,SOLVED_NONE_le300k
1222,SOLVED,TRAIN,SOLVED_TRIVIAL_gt300k
1223,SOLVED,VALIDATION,SOLVED_TRIVIAL_le100k
1224,UNKNOWN,TRAIN,UNKNOWN_NONE_gt300k
1225,SOLVED,TRAIN,SOLVED_NONE_le100k
1226,SOLVED,TRAIN,SOLVED_TRIVIAL_le10k
1227,SOLVED,TEST,SOLVED_HARD_le100k
1228,SOLVED,VALIDATION,SOLVED_TRIVIAL_gt300k
1229,SOLVED,TRAIN,SOLVED_TRIVIAL_gt300k
1230,SOLVED,TRAIN,SOLVED_TRIVIAL_gt300k
1231,SOLVED,TRAIN,SOLVED_NONE_le100k
1232,UNKNOWN,TEST,UNKNOWN_NONE_gt300k
1233,SOLVED,VALIDATION,SOLVED_TRIVIAL_gt300k
1234,SOLVED,TRAIN,SOLVED_TRIVIAL_le10k
1235,SOLVED,TRAIN,SOLVED_TRIVIAL_le300k
1236,SOLVED,TRAIN,SOLVED_TRIVIAL_le10k
1237,UNKNOWN,TEST,UNKNOWN_NONE_gt300k
1238,SOLVED,TRAIN,SOLVED_TRIVIAL_le100k
1239,UNKNOWN,TRAIN,UNKNOWN_NONE_gt300k
1240,SOLVED,TRAIN,SOLVED_TRIVIAL_gt300k
1241,UNKNOWN,TRAIN,UNKNOWN_NONE_gt300k
1242,SOLVED,VALIDATION,SOLVED_TRIVIAL_le100k
1243,SOLVED,TRAIN,SOLVED_TRIVIAL_le100k
1244,SOLVED,TRAIN,SOLVED_TRIVIAL_le10k
1245,SOLVED,TRAIN,SOLVED_TRIVIAL_gt300k
1246,SOLVED,TRAIN,SOLVED_NONE_le100k
1247,SOLVED,VALIDATION,SOLVED_HARD_le300k
1248,SOLVED,TRAIN,SOLVED_TRIVIAL_gt300k
1249,SOLVED,TRAIN,SOLVED_EXPERT_le100k
1250,SOLVED,TRAIN,SOLVED_TRIVIAL_le300k
1251,SOLVED,TEST,SOLVED_TRIVIAL_gt300k
1252,SOLVED,VALIDATION,SOLVED_TRIVIAL_le100k
1253,SOLVED,TRAIN,SOLVED_TRIVIAL_le100k
1254,UNKNOWN,TRAIN,UNKNOWN_NONE_gt300k
1255,SOLVED,TRAIN,SOLVED_HARD_gt300k
1256,SOLVED,TEST,SOLVED_NONE_le100k
1257,SOLVED,VALIDATION,SOLVED_TRIVIAL_le100k
1258,SOLVED,TRAIN,SOLVED_NONE_gt300k
1259,SOLVED,TRAIN,SOLVED_TRIVIAL_le100k
1260,SOLVED,TRAIN,SOLVED_TRIVIAL_le100k
1261,SOLVED,TEST,SOLVED_TRIVIAL_le300k
1262,SOLVED,TRAIN,SOLVED_TRIVIAL_gt300k
1263,SOLVED,TRAIN,SOLVED_TRIVIAL_le10k
1264,SOLVED,TRAIN,SOLVED_NONE_le10k
1265,SOLVED,TRAIN,SOLVED_TRIVIAL_le100k
1266,SOLVED,VALIDATION,SOLVED_TRIVIAL_le100k
1267,SOLVED,TRAIN,SOLVED_EASY_le100k
1268,SOLVED,TRAIN,SOLVED_TRIVIAL_le100k
1269,SOLVED,TRAIN,SOLVED_TRIVIAL_le300k
1270,SOLVED,TRAIN,SOLVED_TRIVIAL_le10k
1271,SOLVED,VALIDATION,SOLVED_TRIVIAL_le100k
1272,SOLVED,TRAIN,SOLVED_TRIVIAL_gt300k
1273,SOLVED,TRAIN,SOLVED_NONE_le300k
1274,SOLVED,TRAIN,SOLVED_TRIVIAL_le100k
1275,SOLVED,TEST,SOLVED_NONE_gt300k
1276,SOLVED,VALIDATION,SOLVED_TRIVIAL_le100k
1277,SOLVED,TRAIN,SOLVED_NONE_le300k
1278,SOLVED,TRAIN,SOLVED_EASY_le100k
1279,SOLVED,TRAIN,SOLVED_TRIVIAL_le100k
1280,SOLVED,TEST,SOLVED_TRIVIAL_le300k
1281,SOLVED,VALIDATION,SOLVED_HARD_le100k
1282,UNKNOWN,TRAIN,UNKNOWN_NONE_gt300k
1283,SOLVED,TRAIN,SOLVED_HARD_le100k
1284,SOLVED,TRAIN,SOLVED_TRIVIAL_le100k
1285,SOLVED,TEST,SOLVED_TRIVIAL_le100k
1286,SOLVED,TRAIN,SOLVED_TRIVIAL_le100k
1287,SOLVED,TRAIN,SOLVED_TRIVIAL_le100k
1288,SOLVED,TRAIN,SOLVED_TRIVIAL_gt300k
1289,SOLVED,TRAIN,SOLVED_EXPERT_le300k
1290,PROVEN_LOST,VALIDATION,PROVEN_LOST_NONE_le300k
1291,SOLVED,TRAIN,SOLVED_TRIVIAL_le100k
1292,SOLVED,TRAIN,SOLVED_HARD_le300k
1293,SOLVED,TRAIN,SOLVED_TRIVIAL_gt300k
1294,SOLVED,TRAIN,SOLVED_EXPERT_le100k
1295,SOLVED,VALIDATION,SOLVED_HARD_le100k
1296,SOLVED,TRAIN,SOLVED_TRIVIAL_gt300k
1297,PROVEN_LOST,TRAIN,PROVEN_LOST_NONE_le100k
1298,SOLVED,TRAIN,SOLVED_TRIVIAL_le100k
1299,SOLVED,TEST,SOLVED_MEDIUM_le10k
1300,SOLVED,VALIDATION,SOLVED_HARD_gt300k
1301,SOLVED,TRAIN,SOLVED_NONE_gt300k
1302,UNKNOWN,TRAIN,UNKNOWN_NONE_gt300k
1303,SOLVED,TRAIN,SOLVED_TRIVIAL_le100k
1304,SOLVED,TEST,SOLVED_TRIVIAL_le10k
1305,SOLVED,VALIDATION,SOLVED_HARD_le100k
1306,UNKNOWN,TRAIN,UNKNOWN_NONE_gt300k
1307,SOLVED,TRAIN,SOLVED_EASY_le100k
1308,SOLVED,TRAIN,SOLVED_TRIVIAL_le100k
1309,SOLVED,TEST,SOLVED_NONE_gt300k
1310,SOLVED,TRAIN,SOLVED_EXPERT_le100k
1311,SOLVED,TRAIN,SOLVED_TRIVIAL_le10k
1312,UNKNOWN,TRAIN,UNKNOWN_NONE_gt300k
1313,PROVEN_LOST,TRAIN,PROVEN_LOST_NONE_le10k
1314,SOLVED,TEST,SOLVED_TRIVIAL_le100k
1315,UNKNOWN,TRAIN,UNKNOWN_NONE_gt300k
1316,SOLVED,TRAIN,SOLVED_TRIVIAL_gt300k
1317,SOLVED,TRAIN,SOLVED_NONE_gt300k
1318,SOLVED,TRAIN,SOLVED_TRIVIAL_le300k
1319,SOLVED,VALIDATION,SOLVED_TRIVIAL_le10k
1320,SOLVED,TRAIN,SOLVED_TRIVIAL_gt300k
1321,PROVEN_LOST,TRAIN,PROVEN_LOST_NONE_gt300k
1322,SOLVED,TRAIN,SOLVED_TRIVIAL_le10k
1323,SOLVED,TEST,SOLVED_NONE_le10k
1324,SOLVED,VALIDATION,SOLVED_TRIVIAL_le100k
1325,SOLVED,TRAIN,SOLVED_EASY_le100k
1326,SOLVED,TRAIN,SOLVED_TRIVIAL_gt300k
1327,SOLVED,TRAIN,SOLVED_TRIVIAL_gt300k
1328,SOLVED,TEST,SOLVED_TRIVIAL_le100k
1329,SOLVED,VALIDATION,SOLVED_TRIVIAL_le100k
1330,SOLVED,TRAIN,SOLVED_TRIVIAL_gt300k
1331,SOLVED,TRAIN,SOLVED_TRIVIAL_le10k
1332,SOLVED,TRAIN,SOLVED_TRIVIAL_le100k
1333,SOLVED,TEST,SOLVED_TRIVIAL_le100k
1334,SOLVED,TRAIN,SOLVED_TRIVIAL_le100k
1335,SOLVED,TRAIN,SOLVED_TRIVIAL_le300k
1336,SOLVED,TRAIN,SOLVED_NONE_gt300k
1337,SOLVED,TRAIN,SOLVED_TRIVIAL_le100k
1338,SOLVED,TEST,SOLVED_NONE_le100k
1339,SOLVED,TRAIN,SOLVED_TRIVIAL_le10k
1340,SOLVED,TRAIN,SOLVED_HARD_le100k
1341,SOLVED,TRAIN,SOLVED_TRIVIAL_le100k
1342,SOLVED,TRAIN,SOLVED_TRIVIAL_gt300k
1343,SOLVED,VALIDATION,SOLVED_HARD_le10k
1344,SOLVED,TRAIN,SOLVED_TRIVIAL_le100k
1345,SOLVED,TRAIN,SOLVED_TRIVIAL_le100k
1346,SOLVED,TRAIN,SOLVED_TRIVIAL_le100k
1347,UNKNOWN,TEST,UNKNOWN_NONE_gt300k
1348,SOLVED,VALIDATION,SOLVED_TRIVIAL_gt300k
1349,UNKNOWN,TRAIN,UNKNOWN_NONE_gt300k
1350,SOLVED,TRAIN,SOLVED_NONE_le100k
1351,SOLVED,TRAIN,SOLVED_TRIVIAL_gt300k
1352,SOLVED,TEST,SOLVED_NONE_gt300k
1353,SOLVED,VALIDATION,SOLVED_TRIVIAL_le100k
1354,SOLVED,TRAIN,SOLVED_TRIVIAL_le100k
1355,SOLVED,TRAIN,SOLVED_TRIVIAL_le100k
1356,SOLVED,TRAIN,SOLVED_TRIVIAL_le300k
1357,UNKNOWN,TEST,UNKNOWN_NONE_gt300k
1358,UNKNOWN,TRAIN,UNKNOWN_NONE_gt300k
1359,SOLVED,TRAIN,SOLVED_NONE_le100k
1360,SOLVED,TRAIN,SOLVED_TRIVIAL_le100k
1361,SOLVED,TRAIN,SOLVED_TRIVIAL_gt300k
1362,UNKNOWN,TEST,UNKNOWN_NONE_gt300k
1363,PROVEN_LOST,TRAIN,PROVEN_LOST_NONE_gt300k
1364,SOLVED,TRAIN,SOLVED_NONE_le100k
1365,SOLVED,TRAIN,SOLVED_TRIVIAL_le100k
1366,SOLVED,TRAIN,SOLVED_TRIVIAL_le10k
1367,SOLVED,VALIDATION,SOLVED_TRIVIAL_le300k
1368,SOLVED,TRAIN,SOLVED_HARD_le100k
1369,SOLVED,TRAIN,SOLVED_TRIVIAL_le100k
1370,SOLVED,TRAIN,SOLVED_TRIVIAL_le100k
1371,SOLVED,TEST,SOLVED_TRIVIAL_le10k
1372,SOLVED,VALIDATION,SOLVED_TRIVIAL_gt300k
1373,SOLVED,TRAIN,SOLVED_TRIVIAL_gt300k
1374,SOLVED,TRAIN,SOLVED_HARD_le100k
1375,SOLVED,TRAIN,SOLVED_TRIVIAL_le300k
1376,PROVEN_LOST,TEST,PROVEN_LOST_NONE_le100k
1377,SOLVED,VALIDATION,SOLVED_HARD_gt300k
1378,SOLVED,TRAIN,SOLVED_TRIVIAL_le100k
1379,SOLVED,TRAIN,SOLVED_TRIVIAL_gt300k
1380,SOLVED,TRAIN,SOLVED_TRIVIAL_gt300k
1381,SOLVED,TEST,SOLVED_HARD_le100k
1382,SOLVED,VALIDATION,SOLVED_TRIVIAL_le100k
1383,SOLVED,TRAIN,SOLVED_TRIVIAL_le100k
1384,SOLVED,TRAIN,SOLVED_HARD_le100k
1385,UNKNOWN,TRAIN,UNKNOWN_NONE_gt300k
1386,SOLVED,TEST,SOLVED_TRIVIAL_le100k
1387,SOLVED,TRAIN,SOLVED_HARD_le100k
1388,UNKNOWN,TRAIN,UNKNOWN_NONE_gt300k
1389,SOLVED,TRAIN,SOLVED_NONE_gt300k
1390,SOLVED,TRAIN,SOLVED_TRIVIAL_le300k
1391,SOLVED,VALIDATION,SOLVED_TRIVIAL_le100k
1392,PROVEN_LOST,TRAIN,PROVEN_LOST_NONE_le100k
1393,SOLVED,TRAIN,SOLVED_NONE_le300k
1394,SOLVED,TRAIN,SOLVED_TRIVIAL_le100k
1395,SOLVED,TEST,SOLVED_HARD_le100k
1396,SOLVED,VALIDATION,SOLVED_TRIVIAL_gt300k
1397,SOLVED,TRAIN,SOLVED_TRIVIAL_le100k
1398,SOLVED,TRAIN,SOLVED_TRIVIAL_le300k
1399,UNKNOWN,TRAIN,UNKNOWN_NONE_gt300k
1400,SOLVED,TEST,SOLVED_NONE_le100k
1401,SOLVED,VALIDATION,SOLVED_TRIVIAL_le100k
1402,SOLVED,TRAIN,SOLVED_TRIVIAL_le100k
1403,SOLVED,TRAIN,SOLVED_TRIVIAL_le100k
1404,SOLVED,TRAIN,SOLVED_TRIVIAL_le100k
1405,SOLVED,TEST,SOLVED_EASY_le10k
1406,SOLVED,VALIDATION,SOLVED_EASY_gt300k
1407,SOLVED,TRAIN,SOLVED_NONE_gt300k
1408,SOLVED,TRAIN,SOLVED_HARD_le100k
1409,SOLVED,TRAIN,SOLVED_TRIVIAL_le100k
1410,SOLVED,TEST,SOLVED_TRIVIAL_le300k
1411,SOLVED,TRAIN,SOLVED_HARD_le100k
1412,SOLVED,TRAIN,SOLVED_TRIVIAL_le100k
1413,SOLVED,TRAIN,SOLVED_HARD_le100k
1414,SOLVED,TRAIN,SOLVED_HARD_le100k
1415,UNKNOWN,VALIDATION,UNKNOWN_NONE_gt300k
1416,PROVEN_LOST,TRAIN,PROVEN_LOST_NONE_gt300k
1417,UNKNOWN,TRAIN,UNKNOWN_NONE_gt300k
1418,SOLVED,TRAIN,SOLVED_EASY_le10k
1419,SOLVED,TRAIN,SOLVED_NONE_le10k
1420,SOLVED,VALIDATION,SOLVED_HARD_le100k
1421,SOLVED,TRAIN,SOLVED_TRIVIAL_le100k
1422,SOLVED,TRAIN,SOLVED_TRIVIAL_gt300k
1423,SOLVED,TRAIN,SOLVED_TRIVIAL_le100k
1424,SOLVED,TEST,SOLVED_NONE_le100k
1425,SOLVED,VALIDATION,SOLVED_HARD_le300k
1426,SOLVED,TRAIN,SOLVED_NONE_le10k
1427,SOLVED,TRAIN,SOLVED_NONE_le100k
1428,SOLVED,TRAIN,SOLVED_TRIVIAL_gt300k
1429,SOLVED,TEST,SOLVED_NONE_le300k
1430,SOLVED,VALIDATION,SOLVED_HARD_le100k
1431,SOLVED,TRAIN,SOLVED_TRIVIAL_le100k
1432,SOLVED,TRAIN,SOLVED_NONE_le10k
1433,SOLVED,TRAIN,SOLVED_TRIVIAL_le100k
1434,SOLVED,TEST,SOLVED_TRIVIAL_le300k
1435,PROVEN_LOST,TRAIN,PROVEN_LOST_NONE_le10k
1436,SOLVED,TRAIN,SOLVED_HARD_le100k
1437,SOLVED,TRAIN,SOLVED_TRIVIAL_gt300k
1438,SOLVED,TRAIN,SOLVED_HARD_le100k
1439,SOLVED,VALIDATION,SOLVED_NONE_le100k
1440,SOLVED,TRAIN,SOLVED_TRIVIAL_le300k
1441,SOLVED,TRAIN,SOLVED_TRIVIAL_le100k
1442,SOLVED,TRAIN,SOLVED_HARD_le10k
1443,SOLVED,TRAIN,SOLVED_TRIVIAL_le100k
1444,UNKNOWN,VALIDATION,UNKNOWN_NONE_gt300k
1445,UNKNOWN,TRAIN,UNKNOWN_NONE_gt300k
1446,UNKNOWN,TRAIN,UNKNOWN_NONE_gt300k
1447,SOLVED,TRAIN,SOLVED_TRIVIAL_le300k
1448,SOLVED,TEST,SOLVED_TRIVIAL_le100k
1449,SOLVED,VALIDATION,SOLVED_TRIVIAL_le10k
1450,SOLVED,TRAIN,SOLVED_TRIVIAL_le100k
1451,SOLVED,TRAIN,SOLVED_TRIVIAL_le10k
1452,SOLVED,TRAIN,SOLVED_HARD_gt300k
1453,SOLVED,TEST,SOLVED_NONE_le100k
1454,SOLVED,VALIDATION,SOLVED_NONE_le100k
1455,SOLVED,TRAIN,SOLVED_NONE_le300k
1456,SOLVED,TRAIN,SOLVED_TRIVIAL_le100k
1457,UNKNOWN,TRAIN,UNKNOWN_NONE_gt300k
1458,SOLVED,TEST,SOLVED_HARD_le300k
1459,SOLVED,TRAIN,SOLVED_NONE_le10k
1460,UNKNOWN,TRAIN,UNKNOWN_NONE_gt300k
1461,SOLVED,TRAIN,SOLVED_HARD_gt300k
1462,SOLVED,TRAIN,SOLVED_TRIVIAL_le10k
1463,SOLVED,VALIDATION,SOLVED_TRIVIAL_le10k
1464,UNKNOWN,TRAIN,UNKNOWN_NONE_gt300k
1465,SOLVED,TRAIN,SOLVED_TRIVIAL_le100k
1466,SOLVED,TRAIN,SOLVED_NONE_le100k
1467,SOLVED,TRAIN,SOLVED_TRIVIAL_le300k
1468,UNKNOWN,VALIDATION,UNKNOWN_NONE_gt300k
1469,SOLVED,TRAIN,SOLVED_NONE_gt300k
1470,SOLVED,TRAIN,SOLVED_EASY_le100k
1471,UNKNOWN,TRAIN,UNKNOWN_NONE_gt300k
1472,SOLVED,TEST,SOLVED_TRIVIAL_le100k
1473,SOLVED,VALIDATION,SOLVED_TRIVIAL_le300k
1474,SOLVED,TRAIN,SOLVED_EASY_le100k
1475,UNKNOWN,TRAIN,UNKNOWN_NONE_gt300k
1476,UNKNOWN,TRAIN,UNKNOWN_NONE_gt300k
1477,UNKNOWN,TEST,UNKNOWN_NONE_gt300k
1478,UNKNOWN,VALIDATION,UNKNOWN_NONE_gt300k
1479,SOLVED,TRAIN,SOLVED_TRIVIAL_le100k
1480,SOLVED,TRAIN,SOLVED_TRIVIAL_le10k
1481,SOLVED,TRAIN,SOLVED_TRIVIAL_le100k
1482,SOLVED,TEST,SOLVED_TRIVIAL_gt300k
1483,SOLVED,TRAIN,SOLVED_HARD_gt300k
1484,SOLVED,TRAIN,SOLVED_NONE_le100k
1485,SOLVED,TRAIN,SOLVED_TRIVIAL_le10k
1486,SOLVED,TRAIN,SOLVED_TRIVIAL_le100k
1487,SOLVED,TEST,SOLVED_EASY_le100k
1488,SOLVED,TRAIN,SOLVED_NONE_gt300k
1489,SOLVED,TRAIN,SOLVED_TRIVIAL_le100k
1490,SOLVED,TRAIN,SOLVED_TRIVIAL_le100k
1491,SOLVED,TRAIN,SOLVED_TRIVIAL_le300k
1492,SOLVED,VALIDATION,SOLVED_TRIVIAL_le100k
1493,SOLVED,TRAIN,SOLVED_HARD_gt300k
1494,SOLVED,TRAIN,SOLVED_TRIVIAL_le100k
1495,SOLVED,TRAIN,SOLVED_EASY_le100k
1496,SOLVED,TEST,SOLVED_TRIVIAL_le10k
1497,SOLVED,VALIDATION,SOLVED_TRIVIAL_gt300k
1498,SOLVED,TRAIN,SOLVED_TRIVIAL_gt300k
1499,SOLVED,TRAIN,SOLVED_TRIVIAL_le100k
1500,SOLVED,TRAIN,SOLVED_EASY_le100k
1501,SOLVED,TEST,SOLVED_TRIVIAL_le300k
1502,SOLVED,VALIDATION,SOLVED_HARD_le100k
1503,SOLVED,TRAIN,SOLVED_TRIVIAL_le10k
1504,SOLVED,TRAIN,SOLVED_TRIVIAL_le100k
1505,SOLVED,TRAIN,SOLVED_NONE_gt300k
1506,SOLVED,TEST,SOLVED_TRIVIAL_le10k
1507,UNKNOWN,TRAIN,UNKNOWN_NONE_gt300k
1508,SOLVED,TRAIN,SOLVED_NONE_gt300k
1509,PROVEN_LOST,TRAIN,PROVEN_LOST_NONE_le100k
1510,UNKNOWN,TRAIN,UNKNOWN_NONE_gt300k
1511,SOLVED,TEST,SOLVED_TRIVIAL_le100k
1512,SOLVED,TRAIN,SOLVED_TRIVIAL_le100k
1513,SOLVED,TRAIN,SOLVED_TRIVIAL_le100k
1514,SOLVED,TRAIN,SOLVED_TRIVIAL_gt300k
1515,SOLVED,TRAIN,SOLVED_TRIVIAL_le100k
1516,SOLVED,VALIDATION,SOLVED_TRIVIAL_le300k
1517,SOLVED,TRAIN,SOLVED_TRIVIAL_le100k
1518,UNKNOWN,TRAIN,UNKNOWN_NONE_gt300k
1519,SOLVED,TRAIN,SOLVED_EXPERT_le10k
1520,SOLVED,TEST,SOLVED_TRIVIAL_le100k
1521,SOLVED,VALIDATION,SOLVED_HARD_le10k
1522,PROVEN_LOST,TRAIN,PROVEN_LOST_NONE_le100k
1523,UNKNOWN,TRAIN,UNKNOWN_NONE_gt300k
1524,SOLVED,TRAIN,SOLVED_HARD_le10k
1525,SOLVED,TEST,SOLVED_TRIVIAL_gt300k
1526,SOLVED,VALIDATION,SOLVED_TRIVIAL_le100k
1527,SOLVED,TRAIN,SOLVED_NONE_le100k
1528,SOLVED,TRAIN,SOLVED_TRIVIAL_le100k
1529,UNKNOWN,TRAIN,UNKNOWN_NONE_gt300k
1530,SOLVED,TEST,SOLVED_TRIVIAL_gt300k
1531,SOLVED,TRAIN,SOLVED_TRIVIAL_le100k
1532,SOLVED,TRAIN,SOLVED_EASY_le100k
1533,SOLVED,TRAIN,SOLVED_TRIVIAL_le100k
1534,SOLVED,TRAIN,SOLVED_TRIVIAL_le100k
1535,SOLVED,TEST,SOLVED_TRIVIAL_le100k
1536,SOLVED,TRAIN,SOLVED_TRIVIAL_gt300k
1537,SOLVED,TRAIN,SOLVED_TRIVIAL_le300k
1538,SOLVED,TRAIN,SOLVED_TRIVIAL_le10k
1539,UNKNOWN,TRAIN,UNKNOWN_NONE_gt300k
1540,SOLVED,VALIDATION,SOLVED_TRIVIAL_le100k
1541,SOLVED,TRAIN,SOLVED_TRIVIAL_le100k
1542,SOLVED,TRAIN,SOLVED_TRIVIAL_le100k
1543,UNKNOWN,TRAIN,UNKNOWN_NONE_gt300k
1544,SOLVED,TEST,SOLVED_TRIVIAL_le10k
1545,SOLVED,VALIDATION,SOLVED_TRIVIAL_le100k
1546,SOLVED,TRAIN,SOLVED_HARD_gt300k
1547,UNKNOWN,TRAIN,UNKNOWN_NONE_gt300k
1548,SOLVED,TRAIN,SOLVED_TRIVIAL_le100k
1549,SOLVED,TEST,SOLVED_TRIVIAL_le300k
1550,SOLVED,VALIDATION,SOLVED_TRIVIAL_le100k
1551,SOLVED,TRAIN,SOLVED_TRIVIAL_gt300k
1552,UNKNOWN,TRAIN,UNKNOWN_NONE_gt300k
1553,SOLVED,TRAIN,SOLVED_NONE_le100k
1554,SOLVED,TEST,SOLVED_TRIVIAL_gt300k
1555,SOLVED,VALIDATION,SOLVED_HARD_le100k
1556,SOLVED,TRAIN,SOLVED_TRIVIAL_le10k
1557,SOLVED,TRAIN,SOLVED_TRIVIAL_le100k
1558,SOLVED,TRAIN,SOLVED_NONE_gt300k
1559,SOLVED,TEST,SOLVED_TRIVIAL_le100k
1560,SOLVED,TRAIN,SOLVED_HARD_gt300k
1561,UNKNOWN,TRAIN,UNKNOWN_NONE_gt300k
1562,SOLVED,TRAIN,SOLVED_NONE_le100k
1563,SOLVED,TRAIN,SOLVED_TRIVIAL_le100k
1564,SOLVED,VALIDATION,SOLVED_TRIVIAL_gt300k
1565,SOLVED,TRAIN,SOLVED_TRIVIAL_le100k
1566,SOLVED,TRAIN,SOLVED_HARD_gt300k
1567,SOLVED,TRAIN,SOLVED_TRIVIAL_le100k
1568,SOLVED,TEST,SOLVED_HARD_gt300k
1569,SOLVED,VALIDATION,SOLVED_NONE_gt300k
1570,UNKNOWN,TRAIN,UNKNOWN_NONE_gt300k
1571,SOLVED,TRAIN,SOLVED_TRIVIAL_le300k
1572,SOLVED,TRAIN,SOLVED_TRIVIAL_le100k
1573,SOLVED,TEST,SOLVED_TRIVIAL_le100k
1574,SOLVED,VALIDATION,SOLVED_NONE_le100k
1575,PROVEN_LOST,TRAIN,PROVEN_LOST_NONE_gt300k
1576,SOLVED,TRAIN,SOLVED_NONE_le100k
1577,SOLVED,TRAIN,SOLVED_TRIVIAL_le100k
1578,SOLVED,TEST,SOLVED_NONE_le100k
1579,SOLVED,VALIDATION,SOLVED_TRIVIAL_le100k
1580,SOLVED,TRAIN,SOLVED_TRIVIAL_le100k
1581,SOLVED,TRAIN,SOLVED_NONE_le100k
1582,PROVEN_LOST,TRAIN,PROVEN_LOST_NONE_gt300k
1583,SOLVED,TEST,SOLVED_HARD_le100k
1584,SOLVED,TRAIN,SOLVED_HARD_le100k
1585,SOLVED,TRAIN,SOLVED_TRIVIAL_gt300k
1586,SOLVED,TRAIN,SOLVED_HARD_gt300k
1587,SOLVED,TRAIN,SOLVED_HARD_gt300k
1588,SOLVED,VALIDATION,SOLVED_EXPERT_gt300k
1589,SOLVED,TRAIN,SOLVED_EASY_le100k
1590,SOLVED,TRAIN,SOLVED_TRIVIAL_le100k
1591,UNKNOWN,TRAIN,UNKNOWN_NONE_gt300k
1592,SOLVED,TRAIN,SOLVED_NONE_le100k
1593,SOLVED,VALIDATION,SOLVED_EASY_le10k
1594,SOLVED,TRAIN,SOLVED_TRIVIAL_gt300k
1595,SOLVED,TRAIN,SOLVED_TRIVIAL_le10k
1596,SOLVED,TRAIN,SOLVED_TRIVIAL_le10k
1597,SOLVED,TEST,SOLVED_TRIVIAL_le100k
1598,UNKNOWN,VALIDATION,UNKNOWN_NONE_gt300k
1599,UNKNOWN,TRAIN,UNKNOWN_NONE_gt300k
1600,SOLVED,TRAIN,SOLVED_TRIVIAL_le300k
1601,SOLVED,TRAIN,SOLVED_EXPERT_gt300k
1602,SOLVED,TEST,SOLVED_TRIVIAL_le300k
1603,SOLVED,VALIDATION,SOLVED_NONE_le100k
1604,SOLVED,TRAIN,SOLVED_EXPERT_le300k
1605,SOLVED,TRAIN,SOLVED_TRIVIAL_le300k
1606,PROVEN_LOST,TRAIN,PROVEN_LOST_NONE_gt300k
1607,SOLVED,TEST,SOLVED_TRIVIAL_le100k
1608,UNKNOWN,TRAIN,UNKNOWN_NONE_gt300k
1609,SOLVED,TRAIN,SOLVED_TRIVIAL_le100k
1610,UNKNOWN,TRAIN,UNKNOWN_NONE_gt300k
1611,SOLVED,TRAIN,SOLVED_NONE_le100k
1612,SOLVED,VALIDATION,SOLVED_TRIVIAL_le300k
1613,SOLVED,TRAIN,SOLVED_TRIVIAL_le100k
1614,SOLVED,TRAIN,SOLVED_TRIVIAL_le100k
1615,SOLVED,TRAIN,SOLVED_TRIVIAL_le10k
1616,SOLVED,TRAIN,SOLVED_TRIVIAL_le100k
1617,SOLVED,VALIDATION,SOLVED_TRIVIAL_le100k
1618,SOLVED,TRAIN,SOLVED_TRIVIAL_le10k
1619,SOLVED,TRAIN,SOLVED_NONE_le100k
1620,UNKNOWN,TRAIN,UNKNOWN_NONE_gt300k
1621,SOLVED,TEST,SOLVED_TRIVIAL_gt300k
1622,UNKNOWN,VALIDATION,UNKNOWN_NONE_gt300k
1623,SOLVED,TRAIN,SOLVED_TRIVIAL_le100k
1624,SOLVED,TRAIN,SOLVED_TRIVIAL_le100k
1625,SOLVED,TRAIN,SOLVED_TRIVIAL_le10k
1626,SOLVED,TEST,SOLVED_EASY_le300k
1627,SOLVED,VALIDATION,SOLVED_TRIVIAL_le10k
1628,SOLVED,TRAIN,SOLVED_EASY_le100k
1629,SOLVED,TRAIN,SOLVED_TRIVIAL_le10k
1630,UNKNOWN,TRAIN,UNKNOWN_NONE_gt300k
1631,SOLVED,TEST,SOLVED_HARD_le300k
1632,SOLVED,TRAIN,SOLVED_NONE_gt300k
1633,UNKNOWN,TRAIN,UNKNOWN_NONE_gt300k
1634,SOLVED,TRAIN,SOLVED_TRIVIAL_le300k
1635,SOLVED,TRAIN,SOLVED_TRIVIAL_le100k
1636,SOLVED,VALIDATION,SOLVED_TRIVIAL_le100k
1637,SOLVED,TRAIN,SOLVED_NONE_gt300k
1638,SOLVED,TRAIN,SOLVED_TRIVIAL_le100k
1639,SOLVED,TRAIN,SOLVED_HARD_gt300k
1640,SOLVED,TRAIN,SOLVED_NONE_le300k
1641,SOLVED,VALIDATION,SOLVED_EASY_gt300k
1642,SOLVED,TRAIN,SOLVED_TRIVIAL_le300k
1643,SOLVED,TRAIN,SOLVED_TRIVIAL_gt300k
1644,UNKNOWN,TRAIN,UNKNOWN_NONE_gt300k
1645,UNKNOWN,TEST,UNKNOWN_NONE_gt300k
1646,UNKNOWN,VALIDATION,UNKNOWN_NONE_gt300k
1647,SOLVED,TRAIN,SOLVED_TRIVIAL_le10k
1648,SOLVED,TRAIN,SOLVED_NONE_le100k
1649,SOLVED,TRAIN,SOLVED_TRIVIAL_le10k
1650,SOLVED,TEST,SOLVED_NONE_le100k
1651,SOLVED,VALIDATION,SOLVED_EXPERT_le100k
1652,UNKNOWN,TRAIN,UNKNOWN_NONE_gt300k
1653,SOLVED,TRAIN,SOLVED_TRIVIAL_le100k
1654,UNKNOWN,TRAIN,UNKNOWN_NONE_gt300k
1655,SOLVED,TEST,SOLVED_NONE_gt300k
1656,SOLVED,TRAIN,SOLVED_NONE_le10k
1657,SOLVED,TRAIN,SOLVED_TRIVIAL_le100k
1658,SOLVED,TRAIN,SOLVED_TRIVIAL_le100k
1659,SOLVED,TRAIN,SOLVED_TRIVIAL_le100k
1660,SOLVED,TEST,SOLVED_TRIVIAL_le100k
1661,SOLVED,TRAIN,SOLVED_NONE_gt300k
1662,SOLVED,TRAIN,SOLVED_TRIVIAL_le100k
1663,SOLVED,TRAIN,SOLVED_NONE_le100k
1664,SOLVED,TRAIN,SOLVED_TRIVIAL_le300k
1665,SOLVED,VALIDATION,SOLVED_TRIVIAL_le100k
1666,UNKNOWN,TRAIN,UNKNOWN_NONE_gt300k
1667,SOLVED,TRAIN,SOLVED_TRIVIAL_le300k
1668,SOLVED,TRAIN,SOLVED_EXPERT_le10k
1669,SOLVED,TEST,SOLVED_TRIVIAL_le10k
1670,SOLVED,VALIDATION,SOLVED_TRIVIAL_le100k
1671,SOLVED,TRAIN,SOLVED_TRIVIAL_le100k
1672,SOLVED,TRAIN,SOLVED_TRIVIAL_gt300k
1673,PROVEN_LOST,TRAIN,PROVEN_LOST_NONE_gt300k
1674,SOLVED,TEST,SOLVED_TRIVIAL_le10k
1675,SOLVED,VALIDATION,SOLVED_TRIVIAL_le100k
1676,SOLVED,TRAIN,SOLVED_NONE_le10k
1677,SOLVED,TRAIN,SOLVED_EASY_gt300k
1678,SOLVED,TRAIN,SOLVED_TRIVIAL_le100k
1679,SOLVED,TEST,SOLVED_TRIVIAL_gt300k
1680,SOLVED,TRAIN,SOLVED_TRIVIAL_gt300k
1681,UNKNOWN,TRAIN,UNKNOWN_NONE_gt300k
1682,SOLVED,TRAIN,SOLVED_TRIVIAL_le100k
1683,SOLVED,TRAIN,SOLVED_NONE_le300k
1684,SOLVED,TEST,SOLVED_NONE_gt300k
1685,SOLVED,TRAIN,SOLVED_NONE_le100k
1686,SOLVED,TRAIN,SOLVED_TRIVIAL_le10k
1687,PROVEN_LOST,TRAIN,PROVEN_LOST_NONE_le10k
1688,SOLVED,TRAIN,SOLVED_TRIVIAL_le100k
1689,UNKNOWN,VALIDATION,UNKNOWN_NONE_gt300k
1690,SOLVED,TRAIN,SOLVED_TRIVIAL_le10k
1691,UNKNOWN,TRAIN,UNKNOWN_NONE_gt300k
1692,SOLVED,TRAIN,SOLVED_MEDIUM_le10k
1693,SOLVED,TEST,SOLVED_EXPERT_gt300k
1694,SOLVED,VALIDATION,SOLVED_HARD_le100k
1695,SOLVED,TRAIN,SOLVED_NONE_le100k
1696,SOLVED,TRAIN,SOLVED_HARD_le100k
1697,SOLVED,TRAIN,SOLVED_HARD_le100k
1698,SOLVED,TEST,SOLVED_TRIVIAL_le100k
1699,SOLVED,VALIDATION,SOLVED_TRIVIAL_le100k
1700,SOLVED,TRAIN,SOLVED_TRIVIAL_le100k
1701,SOLVED,TRAIN,SOLVED_TRIVIAL_le100k
1702,SOLVED,TRAIN,SOLVED_TRIVIAL_le100k
1703,SOLVED,TEST,SOLVED_TRIVIAL_le100k
1704,UNKNOWN,TRAIN,UNKNOWN_NONE_gt300k
1705,UNKNOWN,TRAIN,UNKNOWN_NONE_gt300k
1706,SOLVED,TRAIN,SOLVED_TRIVIAL_le300k
1707,PROVEN_LOST,TRAIN,PROVEN_LOST_NONE_le300k
1708,UNKNOWN,TEST,UNKNOWN_NONE_gt300k
1709,SOLVED,TRAIN,SOLVED_NONE_le100k
1710,UNKNOWN,TRAIN,UNKNOWN_NONE_gt300k
1711,SOLVED,TRAIN,SOLVED_TRIVIAL_le100k
1712,SOLVED,TRAIN,SOLVED_TRIVIAL_gt300k
1713,UNKNOWN,VALIDATION,UNKNOWN_NONE_gt300k
1714,UNKNOWN,TRAIN,UNKNOWN_NONE_gt300k
1715,SOLVED,TRAIN,SOLVED_TRIVIAL_le10k
1716,PROVEN_LOST,TRAIN,PROVEN_LOST_NONE_gt300k
1717,SOLVED,TEST,SOLVED_TRIVIAL_le100k
1718,SOLVED,VALIDATION,SOLVED_TRIVIAL_gt300k
1719,SOLVED,TRAIN,SOLVED_TRIVIAL_le100k
1720,SOLVED,TRAIN,SOLVED_TRIVIAL_le10k
1721,SOLVED,TRAIN,SOLVED_TRIVIAL_le100k
1722,SOLVED,TEST,SOLVED_TRIVIAL_le100k
1723,UNKNOWN,VALIDATION,UNKNOWN_NONE_gt300k
1724,SOLVED,TRAIN,SOLVED_TRIVIAL_gt300k
1725,UNKNOWN,TRAIN,UNKNOWN_NONE_gt300k
1726,SOLVED,TRAIN,SOLVED_TRIVIAL_gt300k
1727,SOLVED,TEST,SOLVED_NONE_le100k
1728,SOLVED,VALIDATION,SOLVED_TRIVIAL_le10k
1729,SOLVED,TRAIN,SOLVED_TRIVIAL_le100k
1730,SOLVED,TRAIN,SOLVED_TRIVIAL_gt300k
1731,SOLVED,TRAIN,SOLVED_TRIVIAL_gt300k
1732,SOLVED,TEST,SOLVED_TRIVIAL_gt300k
1733,SOLVED,TRAIN,SOLVED_NONE_le100k
1734,SOLVED,TRAIN,SOLVED_TRIVIAL_le100k
1735,SOLVED,TRAIN,SOLVED_NONE_le100k
1736,SOLVED,TRAIN,SOLVED_NONE_le300k
1737,UNKNOWN,VALIDATION,UNKNOWN_NONE_gt300k
1738,SOLVED,TRAIN,SOLVED_TRIVIAL_le100k
1739,SOLVED,TRAIN,SOLVED_TRIVIAL_le100k
1740,UNKNOWN,TRAIN,UNKNOWN_NONE_gt300k
1741,SOLVED,TEST,SOLVED_TRIVIAL_le100k
1742,SOLVED,VALIDATION,SOLVED_HARD_le300k
1743,SOLVED,TRAIN,SOLVED_TRIVIAL_le100k
1744,SOLVED,TRAIN,SOLVED_TRIVIAL_le300k
1745,SOLVED,TRAIN,SOLVED_EASY_le100k
1746,SOLVED,TEST,SOLVED_TRIVIAL_gt300k
1747,SOLVED,VALIDATION,SOLVED_TRIVIAL_le10k
1748,SOLVED,TRAIN,SOLVED_NONE_le100k
1749,SOLVED,TRAIN,SOLVED_TRIVIAL_gt300k
1750,SOLVED,TRAIN,SOLVED_TRIVIAL_le100k
1751,SOLVED,TEST,SOLVED_NONE_le100k
1752,SOLVED,VALIDATION,SOLVED_NONE_le10k
1753,SOLVED,TRAIN,SOLVED_TRIVIAL_le100k
1754,SOLVED,TRAIN,SOLVED_TRIVIAL_le100k
1755,SOLVED,TRAIN,SOLVED_NONE_le10k
1756,SOLVED,TEST,SOLVED_HARD_le100k
1757,SOLVED,TRAIN,SOLVED_TRIVIAL_gt300k
1758,SOLVED,TRAIN,SOLVED_TRIVIAL_le100k
1759,SOLVED,TRAIN,SOLVED_HARD_le10k
1760,PROVEN_LOST,TRAIN,PROVEN_LOST_NONE_gt300k
1761,SOLVED,VALIDATION,SOLVED_EASY_le100k
1762,SOLVED,TRAIN,SOLVED_TRIVIAL_le100k
1763,SOLVED,TRAIN,SOLVED_TRIVIAL_le10k
1764,UNKNOWN,TRAIN,UNKNOWN_NONE_gt300k
1765,SOLVED,TRAIN,SOLVED_TRIVIAL_le10k
1766,PROVEN_LOST,VALIDATION,PROVEN_LOST_NONE_le300k
1767,SOLVED,TRAIN,SOLVED_TRIVIAL_le100k
1768,SOLVED,TRAIN,SOLVED_TRIVIAL_le10k
1769,SOLVED,TRAIN,SOLVED_TRIVIAL_le100k
1770,SOLVED,TEST,SOLVED_TRIVIAL_le10k
1771,SOLVED,VALIDATION,SOLVED_HARD_gt300k
1772,SOLVED,TRAIN,SOLVED_HARD_le300k
1773,SOLVED,TRAIN,SOLVED_NONE_le300k
1774,SOLVED,TRAIN,SOLVED_NONE_le100k
1775,SOLVED,TEST,SOLVED_NONE_gt300k
1776,SOLVED,VALIDATION,SOLVED_TRIVIAL_le100k
1777,SOLVED,TRAIN,SOLVED_TRIVIAL_le100k
1778,SOLVED,TRAIN,SOLVED_TRIVIAL_gt300k
1779,SOLVED,TRAIN,SOLVED_TRIVIAL_le10k
1780,SOLVED,TEST,SOLVED_HARD_le100k
1781,SOLVED,TRAIN,SOLVED_TRIVIAL_le300k
1782,SOLVED,TRAIN,SOLVED_TRIVIAL_le100k
1783,SOLVED,TRAIN,SOLVED_TRIVIAL_le300k
1784,SOLVED,TRAIN,SOLVED_TRIVIAL_le100k
1785,SOLVED,VALIDATION,SOLVED_TRIVIAL_le10k
1786,SOLVED,TRAIN,SOLVED_NONE_gt300k
1787,SOLVED,TRAIN,SOLVED_TRIVIAL_le100k
1788,SOLVED,TRAIN,SOLVED_HARD_gt300k
1789,SOLVED,TRAIN,SOLVED_TRIVIAL_le100k
1790,SOLVED,VALIDATION,SOLVED_TRIVIAL_gt300k
1791,SOLVED,TRAIN,SOLVED_TRIVIAL_le100k
1792,SOLVED,TRAIN,SOLVED_TRIVIAL_le100k
1793,SOLVED,TRAIN,SOLVED_HARD_le100k
1794,SOLVED,TEST,SOLVED_EASY_le100k
1795,SOLVED,VALIDATION,SOLVED_TRIVIAL_le10k
1796,SOLVED,TRAIN,SOLVED_NONE_le100k
1797,SOLVED,TRAIN,SOLVED_NONE_le300k
1798,SOLVED,TRAIN,SOLVED_TRIVIAL_le300k
1799,SOLVED,TEST,SOLVED_TRIVIAL_le300k
1800,SOLVED,VALIDATION,SOLVED_TRIVIAL_le100k
1801,SOLVED,TRAIN,SOLVED_TRIVIAL_le100k
1802,SOLVED,TRAIN,SOLVED_EASY_le10k
1803,SOLVED,TRAIN,SOLVED_MEDIUM_le100k
1804,SOLVED,TEST,SOLVED_TRIVIAL_le100k
1805,SOLVED,TRAIN,SOLVED_EASY_le100k
1806,SOLVED,TRAIN,SOLVED_TRIVIAL_le10k
1807,SOLVED,TRAIN,SOLVED_TRIVIAL_le100k
1808,UNKNOWN,TRAIN,UNKNOWN_NONE_gt300k
1809,UNKNOWN,VALIDATION,UNKNOWN_NONE_gt300k
1810,SOLVED,TRAIN,SOLVED_HARD_le100k
1811,SOLVED,TRAIN,SOLVED_HARD_le100k
1812,SOLVED,TRAIN,SOLVED_TRIVIAL_le100k
1813,SOLVED,TRAIN,SOLVED_HARD_le100k
1814,SOLVED,VALIDATION,SOLVED_TRIVIAL_le100k
1815,SOLVED,TRAIN,SOLVED_NONE_le100k
1816,SOLVED,TRAIN,SOLVED_HARD_le100k
1817,SOLVED,TRAIN,SOLVED_NONE_le300k
1818,SOLVED,TEST,SOLVED_NONE_gt300k
1819,SOLVED,VALIDATION,SOLVED_TRIVIAL_gt300k
1820,SOLVED,TRAIN,SOLVED_NONE_gt300k
1821,SOLVED,TRAIN,SOLVED_EASY_le300k
1822,UNKNOWN,TRAIN,UNKNOWN_NONE_gt300k
1823,SOLVED,TEST,SOLVED_HARD_le10k
1824,SOLVED,VALIDATION,SOLVED_NONE_gt300k
1825,SOLVED,TRAIN,SOLVED_TRIVIAL_le100k
1826,SOLVED,TRAIN,SOLVED_TRIVIAL_le10k
1827,SOLVED,TRAIN,SOLVED_NONE_gt300k
1828,SOLVED,TEST,SOLVED_TRIVIAL_gt300k
1829,SOLVED,TRAIN,SOLVED_HARD_le100k
1830,SOLVED,TRAIN,SOLVED_TRIVIAL_le100k
1831,SOLVED,TRAIN,SOLVED_TRIVIAL_gt300k
1832,PROVEN_LOST,TRAIN,PROVEN_LOST_NONE_le10k
1833,SOLVED,TEST,SOLVED_TRIVIAL_le100k
1834,UNKNOWN,TRAIN,UNKNOWN_NONE_gt300k
1835,UNKNOWN,TRAIN,UNKNOWN_NONE_gt300k
1836,UNKNOWN,TRAIN,UNKNOWN_NONE_gt300k
1837,SOLVED,TRAIN,SOLVED_TRIVIAL_le100k
1838,SOLVED,VALIDATION,SOLVED_NONE_le100k
1839,PROVEN_LOST,TRAIN,PROVEN_LOST_NONE_le300k
1840,SOLVED,TRAIN,SOLVED_TRIVIAL_le300k
1841,SOLVED,TRAIN,SOLVED_HARD_le100k
1842,SOLVED,TEST,SOLVED_TRIVIAL_le10k
1843,SOLVED,VALIDATION,SOLVED_NONE_gt300k
1844,SOLVED,TRAIN,SOLVED_EASY_le300k
1845,SOLVED,TRAIN,SOLVED_NONE_le100k
1846,PROVEN_LOST,TRAIN,PROVEN_LOST_NONE_gt300k
1847,SOLVED,TEST,SOLVED_TRIVIAL_gt300k
1848,SOLVED,VALIDATION,SOLVED_NONE_le100k
1849,SOLVED,TRAIN,SOLVED_HARD_le10k
1850,SOLVED,TRAIN,SOLVED_TRIVIAL_le100k
1851,SOLVED,TRAIN,SOLVED_HARD_gt300k
1852,UNKNOWN,TEST,UNKNOWN_NONE_gt300k
1853,SOLVED,TRAIN,SOLVED_TRIVIAL_le100k
1854,SOLVED,TRAIN,SOLVED_TRIVIAL_le100k
1855,SOLVED,TRAIN,SOLVED_TRIVIAL_le100k
1856,SOLVED,TRAIN,SOLVED_HARD_le10k
1857,SOLVED,TEST,SOLVED_TRIVIAL_le100k
1858,SOLVED,TRAIN,SOLVED_HARD_le10k
1859,PROVEN_LOST,TRAIN,PROVEN_LOST_NONE_gt300k
1860,SOLVED,TRAIN,SOLVED_EASY_gt300k
1861,SOLVED,TRAIN,SOLVED_NONE_le100k
1862,SOLVED,VALIDATION,SOLVED_TRIVIAL_le10k
1863,SOLVED,TRAIN,SOLVED_TRIVIAL_le100k
1864,SOLVED,TRAIN,SOLVED_TRIVIAL_le100k
1865,SOLVED,TRAIN,SOLVED_NONE_le300k
1866,SOLVED,TEST,SOLVED_TRIVIAL_le100k
1867,SOLVED,VALIDATION,SOLVED_TRIVIAL_le300k
1868,UNKNOWN,TRAIN,UNKNOWN_NONE_gt300k
1869,SOLVED,TRAIN,SOLVED_TRIVIAL_gt300k
1870,SOLVED,TRAIN,SOLVED_HARD_gt300k
1871,SOLVED,TEST,SOLVED_NONE_le100k
1872,SOLVED,VALIDATION,SOLVED_NONE_le300k
1873,SOLVED,TRAIN,SOLVED_NONE_le100k
1874,SOLVED,TRAIN,SOLVED_NONE_le100k
1875,SOLVED,TRAIN,SOLVED_TRIVIAL_le100k
1876,UNKNOWN,TEST,UNKNOWN_NONE_gt300k
1877,SOLVED,TRAIN,SOLVED_NONE_gt300k
1878,SOLVED,TRAIN,SOLVED_NONE_le10k
1879,SOLVED,TRAIN,SOLVED_TRIVIAL_le300k
1880,UNKNOWN,TRAIN,UNKNOWN_NONE_gt300k
1881,SOLVED,TEST,SOLVED_NONE_le100k
1882,UNKNOWN,TRAIN,UNKNOWN_NONE_gt300k
1883,SOLVED,TRAIN,SOLVED_TRIVIAL_gt300k
1884,SOLVED,TRAIN,SOLVED_NONE_le100k
1885,UNKNOWN,TRAIN,UNKNOWN_NONE_gt300k
1886,SOLVED,VALIDATION,SOLVED_NONE_le300k
1887,UNKNOWN,TRAIN,UNKNOWN_NONE_gt300k
1888,UNKNOWN,TRAIN,UNKNOWN_NONE_gt300k
1889,SOLVED,TRAIN,SOLVED_TRIVIAL_gt300k
1890,SOLVED,TEST,SOLVED_TRIVIAL_le100k
1891,SOLVED,VALIDATION,SOLVED_HARD_le300k
1892,SOLVED,TRAIN,SOLVED_TRIVIAL_le10k
1893,SOLVED,TRAIN,SOLVED_TRIVIAL_le10k
1894,SOLVED,TRAIN,SOLVED_EASY_le100k
1895,SOLVED,TEST,SOLVED_TRIVIAL_le300k
1896,SOLVED,VALIDATION,SOLVED_TRIVIAL_le100k
1897,SOLVED,TRAIN,SOLVED_EASY_le100k
1898,SOLVED,TRAIN,SOLVED_TRIVIAL_le100k
1899,SOLVED,TRAIN,SOLVED_TRIVIAL_le10k
1900,SOLVED,TEST,SOLVED_TRIVIAL_le100k
1901,SOLVED,VALIDATION,SOLVED_NONE_le100k
1902,SOLVED,TRAIN,SOLVED_HARD_le100k
1903,SOLVED,TRAIN,SOLVED_TRIVIAL_le100k
1904,SOLVED,TRAIN,SOLVED_TRIVIAL_le100k
1905,SOLVED,TEST,SOLVED_TRIVIAL_le10k
1906,SOLVED,TRAIN,SOLVED_NONE_le300k
1907,SOLVED,TRAIN,SOLVED_TRIVIAL_le100k
1908,SOLVED,TRAIN,SOLVED_TRIVIAL_le100k
1909,UNKNOWN,TRAIN,UNKNOWN_NONE_gt300k
1910,SOLVED,VALIDATION,SOLVED_TRIVIAL_le10k
1911,UNKNOWN,TRAIN,UNKNOWN_NONE_gt300k
1912,SOLVED,TRAIN,SOLVED_HARD_le300k
1913,SOLVED,TRAIN,SOLVED_HARD_le300k
1914,SOLVED,TEST,SOLVED_HARD_le300k
1915,SOLVED,VALIDATION,SOLVED_NONE_le100k
1916,UNKNOWN,TRAIN,UNKNOWN_NONE_gt300k
1917,SOLVED,TRAIN,SOLVED_TRIVIAL_gt300k
1918,SOLVED,TRAIN,SOLVED_TRIVIAL_le100k
1919,SOLVED,TEST,SOLVED_EASY_le300k
1920,SOLVED,VALIDATION,SOLVED_EASY_gt300k
1921,UNKNOWN,TRAIN,UNKNOWN_NONE_gt300k
1922,SOLVED,TRAIN,SOLVED_EASY_le10k
1923,SOLVED,TRAIN,SOLVED_TRIVIAL_le100k
1924,SOLVED,TEST,SOLVED_TRIVIAL_le100k
1925,SOLVED,VALIDATION,SOLVED_TRIVIAL_gt300k
1926,SOLVED,TRAIN,SOLVED_TRIVIAL_gt300k
1927,SOLVED,TRAIN,SOLVED_NONE_le100k
1928,SOLVED,TRAIN,SOLVED_TRIVIAL_le100k
1929,SOLVED,TEST,SOLVED_TRIVIAL_le100k
1930,SOLVED,TRAIN,SOLVED_TRIVIAL_le100k
1931,SOLVED,TRAIN,SOLVED_TRIVIAL_le100k
1932,SOLVED,TRAIN,SOLVED_EASY_gt300k
1933,SOLVED,TRAIN,SOLVED_EASY_gt300k
1934,SOLVED,VALIDATION,SOLVED_EASY_le100k
1935,UNKNOWN,TRAIN,UNKNOWN_NONE_gt300k
1936,SOLVED,TRAIN,SOLVED_TRIVIAL_le100k
1937,SOLVED,TRAIN,SOLVED_TRIVIAL_le10k
1938,SOLVED,TRAIN,SOLVED_TRIVIAL_le300k
1939,PROVEN_LOST,VALIDATION,PROVEN_LOST_NONE_gt300k
1940,SOLVED,TRAIN,SOLVED_HARD_le300k
1941,SOLVED,TRAIN,SOLVED_EXPERT_le300k
1942,SOLVED,TRAIN,SOLVED_TRIVIAL_gt300k
1943,UNKNOWN,TEST,UNKNOWN_NONE_gt300k
1944,SOLVED,VALIDATION,SOLVED_TRIVIAL_le100k
1945,PROVEN_LOST,TRAIN,PROVEN_LOST_NONE_gt300k
1946,UNKNOWN,TRAIN,UNKNOWN_NONE_gt300k
1947,SOLVED,TRAIN,SOLVED_TRIVIAL_le10k
1948,UNKNOWN,TEST,UNKNOWN_NONE_gt300k
1949,UNKNOWN,VALIDATION,UNKNOWN_NONE_gt300k
1950,SOLVED,TRAIN,SOLVED_TRIVIAL_le100k
1951,SOLVED,TRAIN,SOLVED_NONE_le100k
1952,SOLVED,TRAIN,SOLVED_NONE_le100k
1953,SOLVED,TEST,SOLVED_TRIVIAL_gt300k
1954,PROVEN_LOST,TRAIN,PROVEN_LOST_NONE_gt300k
1955,SOLVED,TRAIN,SOLVED_TRIVIAL_le10k
1956,SOLVED,TRAIN,SOLVED_HARD_gt300k
1957,SOLVED,TRAIN,SOLVED_TRIVIAL_le100k
1958,SOLVED,VALIDATION,SOLVED_HARD_le300k
1959,SOLVED,TRAIN,SOLVED_TRIVIAL_le100k
1960,SOLVED,TRAIN,SOLVED_TRIVIAL_le100k
1961,SOLVED,TRAIN,SOLVED_TRIVIAL_le100k
1962,SOLVED,TRAIN,SOLVED_NONE_le100k
1963,PROVEN_LOST,VALIDATION,PROVEN_LOST_NONE_le300k
1964,SOLVED,TRAIN,SOLVED_TRIVIAL_le100k
1965,SOLVED,TRAIN,SOLVED_NONE_le100k
1966,SOLVED,TRAIN,SOLVED_NONE_le100k
1967,SOLVED,TEST,SOLVED_TRIVIAL_le10k
1968,SOLVED,VALIDATION,SOLVED_NONE_le300k
1969,SOLVED,TRAIN,SOLVED_EASY_le300k
1970,SOLVED,TRAIN,SOLVED_TRIVIAL_le100k
1971,SOLVED,TRAIN,SOLVED_TRIVIAL_le100k
1972,SOLVED,TEST,SOLVED_TRIVIAL_le100k
1973,SOLVED,VALIDATION,SOLVED_EASY_gt300k
1974,SOLVED,TRAIN,SOLVED_TRIVIAL_le300k
1975,SOLVED,TRAIN,SOLVED_TRIVIAL_gt300k
1976,SOLVED,TRAIN,SOLVED_TRIVIAL_le10k
1977,SOLVED,TEST,SOLVED_TRIVIAL_le100k
1978,SOLVED,TRAIN,SOLVED_HARD_le300k
1979,PROVEN_LOST,TRAIN,PROVEN_LOST_NONE_gt300k
1980,SOLVED,TRAIN,SOLVED_NONE_le10k
1981,SOLVED,TRAIN,SOLVED_NONE_gt300k
1982,UNKNOWN,VALIDATION,UNKNOWN_NONE_gt300k
1983,SOLVED,TRAIN,SOLVED_TRIVIAL_gt300k
1984,SOLVED,TRAIN,SOLVED_HARD_le100k
1985,SOLVED,TRAIN,SOLVED_EASY_gt300k
1986,SOLVED,TRAIN,SOLVED_NONE_le100k
1987,PROVEN_LOST,VALIDATION,PROVEN_LOST_NONE_le300k
1988,SOLVED,TRAIN,SOLVED_NONE_le300k
1989,UNKNOWN,TRAIN,UNKNOWN_NONE_gt300k
1990,SOLVED,TRAIN,SOLVED_TRIVIAL_le100k
1991,SOLVED,TEST,SOLVED_TRIVIAL_le100k
1992,SOLVED,VALIDATION,SOLVED_TRIVIAL_le300k
1993,SOLVED,TRAIN,SOLVED_EXPERT_gt300k
1994,SOLVED,TRAIN,SOLVED_TRIVIAL_le300k
1995,SOLVED,TRAIN,SOLVED_NONE_le100k
1996,SOLVED,TEST,SOLVED_NONE_gt300k
1997,SOLVED,VALIDATION,SOLVED_TRIVIAL_le100k
1998,SOLVED,TRAIN,SOLVED_TRIVIAL_gt300k
1999,SOLVED,TRAIN,SOLVED_HARD_le100k
2000,SOLVED,TRAIN,SOLVED_TRIVIAL_le300k
2001,SOLVED,TEST,SOLVED_TRIVIAL_le10k
2002,SOLVED,TRAIN,SOLVED_TRIVIAL_le100k
2003,SOLVED,TRAIN,SOLVED_TRIVIAL_gt300k
2004,SOLVED,TRAIN,SOLVED_TRIVIAL_le100k
2005,SOLVED,TRAIN,SOLVED_TRIVIAL_le100k
2006,SOLVED,VALIDATION,SOLVED_HARD_gt300k
2007,SOLVED,TRAIN,SOLVED_TRIVIAL_le100k
2008,SOLVED,TRAIN,SOLVED_HARD_le100k
2009,SOLVED,TRAIN,SOLVED_TRIVIAL_gt300k
2010,SOLVED,TRAIN,SOLVED_TRIVIAL_le100k
2011,SOLVED,VALIDATION,SOLVED_TRIVIAL_le100k
2012,SOLVED,TRAIN,SOLVED_TRIVIAL_gt300k
2013,SOLVED,TRAIN,SOLVED_HARD_le100k
2014,SOLVED,TRAIN,SOLVED_TRIVIAL_le100k
2015,SOLVED,TEST,SOLVED_TRIVIAL_le100k
2016,SOLVED,VALIDATION,SOLVED_NONE_le100k
2017,SOLVED,TRAIN,SOLVED_NONE_gt300k
2018,SOLVED,TRAIN,SOLVED_HARD_gt300k
2019,SOLVED,TRAIN,SOLVED_TRIVIAL_le100k
2020,SOLVED,TEST,SOLVED_TRIVIAL_gt300k
2021,UNKNOWN,VALIDATION,UNKNOWN_NONE_gt300k
2022,UNKNOWN,TRAIN,UNKNOWN_NONE_gt300k
2023,SOLVED,TRAIN,SOLVED_TRIVIAL_le10k
2024,SOLVED,TRAIN,SOLVED_HARD_le100k
2025,UNKNOWN,TEST,UNKNOWN_NONE_gt300k
2026,SOLVED,TRAIN,SOLVED_TRIVIAL_le300k
2027,SOLVED,TRAIN,SOLVED_TRIVIAL_le100k
2028,UNKNOWN,TRAIN,UNKNOWN_NONE_gt300k
2029,SOLVED,TRAIN,SOLVED_HARD_le10k
2030,SOLVED,TEST,SOLVED_TRIVIAL_le100k
2031,SOLVED,TRAIN,SOLVED_TRIVIAL_le300k
2032,SOLVED,TRAIN,SOLVED_TRIVIAL_le100k
2033,SOLVED,TRAIN,SOLVED_TRIVIAL_le100k
2034,SOLVED,TRAIN,SOLVED_TRIVIAL_le100k
2035,SOLVED,VALIDATION,SOLVED_TRIVIAL_le10k
2036,SOLVED,TRAIN,SOLVED_EASY_le100k
2037,SOLVED,TRAIN,SOLVED_NONE_le300k
2038,UNKNOWN,TRAIN,UNKNOWN_NONE_gt300k
2039,SOLVED,TEST,SOLVED_TRIVIAL_le100k
2040,SOLVED,VALIDATION,SOLVED_TRIVIAL_le100k
2041,SOLVED,TRAIN,SOLVED_TRIVIAL_le100k
2042,SOLVED,TRAIN,SOLVED_TRIVIAL_le100k
2043,SOLVED,TRAIN,SOLVED_NONE_le100k
2044,SOLVED,TEST,SOLVED_TRIVIAL_le100k
2045,SOLVED,VALIDATION,SOLVED_TRIVIAL_le100k
2046,SOLVED,TRAIN,SOLVED_TRIVIAL_le100k
2047,SOLVED,TRAIN,SOLVED_TRIVIAL_le10k
2048,SOLVED,TRAIN,SOLVED_NONE_gt300k
2049,SOLVED,TEST,SOLVED_HARD_le10k
2050,SOLVED,TRAIN,SOLVED_TRIVIAL_le100k
2051,SOLVED,TRAIN,SOLVED_TRIVIAL_gt300k
2052,SOLVED,TRAIN,SOLVED_TRIVIAL_le100k
2053,SOLVED,TRAIN,SOLVED_TRIVIAL_le100k
2054,SOLVED,TEST,SOLVED_TRIVIAL_le300k
2055,SOLVED,TRAIN,SOLVED_TRIVIAL_le100k
2056,SOLVED,TRAIN,SOLVED_TRIVIAL_le100k
2057,UNKNOWN,TRAIN,UNKNOWN_NONE_gt300k
2058,SOLVED,TRAIN,SOLVED_TRIVIAL_le300k
2059,SOLVED,VALIDATION,SOLVED_TRIVIAL_le100k
2060,SOLVED,TRAIN,SOLVED_NONE_gt300k
2061,SOLVED,TRAIN,SOLVED_TRIVIAL_le300k
2062,SOLVED,TRAIN,SOLVED_NONE_le100k
2063,SOLVED,TEST,SOLVED_TRIVIAL_le10k
2064,SOLVED,VALIDATION,SOLVED_TRIVIAL_le300k
2065,SOLVED,TRAIN,SOLVED_HARD_le10k
2066,UNKNOWN,TRAIN,UNKNOWN_NONE_gt300k
2067,SOLVED,TRAIN,SOLVED_TRIVIAL_le10k
2068,UNKNOWN,TEST,UNKNOWN_NONE_gt300k
2069,PROVEN_LOST,VALIDATION,PROVEN_LOST_NONE_le100k
2070,UNKNOWN,TRAIN,UNKNOWN_NONE_gt300k
2071,SOLVED,TRAIN,SOLVED_HARD_le10k
2072,SOLVED,TRAIN,SOLVED_HARD_le100k
2073,SOLVED,TEST,SOLVED_NONE_gt300k
2074,SOLVED,TRAIN,SOLVED_NONE_le100k
2075,SOLVED,TRAIN,SOLVED_NONE_le10k
2076,SOLVED,TRAIN,SOLVED_HARD_le10k
2077,UNKNOWN,TRAIN,UNKNOWN_NONE_gt300k
2078,SOLVED,TEST,SOLVED_TRIVIAL_le10k
2079,SOLVED,TRAIN,SOLVED_NONE_le10k
2080,SOLVED,TRAIN,SOLVED_TRIVIAL_le300k
2081,SOLVED,TRAIN,SOLVED_HARD_le300k
2082,SOLVED,TRAIN,SOLVED_NONE_gt300k
2083,SOLVED,VALIDATION,SOLVED_TRIVIAL_gt300k
2084,SOLVED,TRAIN,SOLVED_TRIVIAL_le10k
2085,SOLVED,TRAIN,SOLVED_HARD_le300k
2086,SOLVED,TRAIN,SOLVED_NONE_le300k
2087,SOLVED,TEST,SOLVED_NONE_le100k
2088,SOLVED,VALIDATION,SOLVED_TRIVIAL_le100k
2089,SOLVED,TRAIN,SOLVED_NONE_le100k
2090,SOLVED,TRAIN,SOLVED_TRIVIAL_le100k
2091,SOLVED,TRAIN,SOLVED_NONE_le100k
2092,SOLVED,TEST,SOLVED_TRIVIAL_le10k
2093,SOLVED,VALIDATION,SOLVED_MEDIUM_le100k
2094,SOLVED,TRAIN,SOLVED_TRIVIAL_le10k
2095,UNKNOWN,TRAIN,UNKNOWN_NONE_gt300k
2096,SOLVED,TRAIN,SOLVED_HARD_le100k
2097,UNKNOWN,TEST,UNKNOWN_NONE_gt300k
2098,SOLVED,VALIDATION,SOLVED_TRIVIAL_le300k
2099,SOLVED,TRAIN,SOLVED_EASY_le10k
2100,SOLVED,TRAIN,SOLVED_NONE_le300k
2101,SOLVED,TRAIN,SOLVED_HARD_gt300k
2102,SOLVED,TEST,SOLVED_HARD_le100k
2103,SOLVED,TRAIN,SOLVED_TRIVIAL_le300k
2104,SOLVED,TRAIN,SOLVED_TRIVIAL_le300k
2105,SOLVED,TRAIN,SOLVED_EXPERT_le100k
2106,SOLVED,TRAIN,SOLVED_TRIVIAL_le300k
2107,SOLVED,VALIDATION,SOLVED_HARD_le100k
2108,SOLVED,TRAIN,SOLVED_TRIVIAL_le100k
2109,UNKNOWN,TRAIN,UNKNOWN_NONE_gt300k
2110,SOLVED,TRAIN,SOLVED_TRIVIAL_le100k
2111,SOLVED,TEST,SOLVED_TRIVIAL_le100k
2112,SOLVED,VALIDATION,SOLVED_TRIVIAL_le10k
2113,SOLVED,TRAIN,SOLVED_TRIVIAL_gt300k
2114,SOLVED,TRAIN,SOLVED_TRIVIAL_le100k
2115,SOLVED,TRAIN,SOLVED_TRIVIAL_le100k
2116,UNKNOWN,TEST,UNKNOWN_NONE_gt300k
2117,SOLVED,VALIDATION,SOLVED_NONE_le100k
2118,UNKNOWN,TRAIN,UNKNOWN_NONE_gt300k
2119,SOLVED,TRAIN,SOLVED_HARD_le100k
2120,SOLVED,TRAIN,SOLVED_TRIVIAL_le10k
2121,SOLVED,TEST,SOLVED_TRIVIAL_le300k
2122,SOLVED,VALIDATION,SOLVED_HARD_le300k
2123,SOLVED,TRAIN,SOLVED_HARD_le100k
2124,UNKNOWN,TRAIN,UNKNOWN_NONE_gt300k
2125,SOLVED,TRAIN,SOLVED_HARD_le100k
2126,SOLVED,TEST,SOLVED_TRIVIAL_le100k
2127,SOLVED,TRAIN,SOLVED_TRIVIAL_le100k
2128,UNKNOWN,TRAIN,UNKNOWN_NONE_gt300k
2129,SOLVED,TRAIN,SOLVED_TRIVIAL_le100k
2130,SOLVED,TRAIN,SOLVED_TRIVIAL_le100k
2131,SOLVED,VALIDATION,SOLVED_NONE_le100k
2132,SOLVED,TRAIN,SOLVED_TRIVIAL_le100k
2133,UNKNOWN,TRAIN,UNKNOWN_NONE_gt300k
2134,SOLVED,TRAIN,SOLVED_TRIVIAL_le100k
2135,SOLVED,TRAIN,SOLVED_TRIVIAL_gt300k
2136,SOLVED,VALIDATION,SOLVED_TRIVIAL_le100k
2137,SOLVED,TRAIN,SOLVED_TRIVIAL_le100k
2138,SOLVED,TRAIN,SOLVED_TRIVIAL_le100k
2139,SOLVED,TRAIN,SOLVED_NONE_gt300k
2140,UNKNOWN,TEST,UNKNOWN_NONE_gt300k
2141,SOLVED,VALIDATION,SOLVED_TRIVIAL_le10k
2142,SOLVED,TRAIN,SOLVED_TRIVIAL_le100k
2143,SOLVED,TRAIN,SOLVED_TRIVIAL_le100k
2144,SOLVED,TRAIN,SOLVED_NONE_le100k
2145,SOLVED,TEST,SOLVED_TRIVIAL_le10k
2146,UNKNOWN,VALIDATION,UNKNOWN_NONE_gt300k
2147,SOLVED,TRAIN,SOLVED_TRIVIAL_gt300k
2148,SOLVED,TRAIN,SOLVED_TRIVIAL_le10k
2149,UNKNOWN,TRAIN,UNKNOWN_NONE_gt300k
2150,SOLVED,TEST,SOLVED_TRIVIAL_le100k
2151,PROVEN_LOST,TRAIN,PROVEN_LOST_NONE_gt300k
2152,SOLVED,TRAIN,SOLVED_TRIVIAL_gt300k
2153,UNKNOWN,TRAIN,UNKNOWN_NONE_gt300k
2154,SOLVED,TRAIN,SOLVED_TRIVIAL_le100k
2155,SOLVED,VALIDATION,SOLVED_NONE_le100k
2156,SOLVED,TRAIN,SOLVED_TRIVIAL_le100k
2157,SOLVED,TRAIN,SOLVED_TRIVIAL_gt300k
2158,UNKNOWN,TRAIN,UNKNOWN_NONE_gt300k
2159,SOLVED,TRAIN,SOLVED_TRIVIAL_gt300k
2160,SOLVED,VALIDATION,SOLVED_HARD_le10k
2161,UNKNOWN,TRAIN,UNKNOWN_NONE_gt300k
2162,SOLVED,TRAIN,SOLVED_TRIVIAL_le100k
2163,SOLVED,TRAIN,SOLVED_NONE_le300k
2164,SOLVED,TEST,SOLVED_TRIVIAL_gt300k
2165,SOLVED,VALIDATION,SOLVED_HARD_le100k
2166,SOLVED,TRAIN,SOLVED_TRIVIAL_le10k
2167,SOLVED,TRAIN,SOLVED_TRIVIAL_le100k
2168,SOLVED,TRAIN,SOLVED_TRIVIAL_gt300k
2169,SOLVED,TEST,SOLVED_TRIVIAL_le100k
2170,SOLVED,VALIDATION,SOLVED_TRIVIAL_le100k
2171,SOLVED,TRAIN,SOLVED_TRIVIAL_le300k
2172,SOLVED,TRAIN,SOLVED_TRIVIAL_le10k
2173,SOLVED,TRAIN,SOLVED_TRIVIAL_gt300k
2174,SOLVED,TEST,SOLVED_NONE_le100k
2175,SOLVED,TRAIN,SOLVED_TRIVIAL_le100k
2176,SOLVED,TRAIN,SOLVED_TRIVIAL_le100k
2177,UNKNOWN,TRAIN,UNKNOWN_NONE_gt300k
2178,PROVEN_LOST,TRAIN,PROVEN_LOST_NONE_le100k
2179,SOLVED,VALIDATION,SOLVED_TRIVIAL_le100k
2180,SOLVED,TRAIN,SOLVED_NONE_gt300k
2181,SOLVED,TRAIN,SOLVED_NONE_gt300k
2182,UNKNOWN,TRAIN,UNKNOWN_NONE_gt300k
2183,SOLVED,TRAIN,SOLVED_TRIVIAL_le100k
2184,SOLVED,VALIDATION,SOLVED_TRIVIAL_gt300k
2185,PROVEN_LOST,TRAIN,PROVEN_LOST_NONE_gt300k
2186,SOLVED,TRAIN,SOLVED_EXPERT_le300k
2187,SOLVED,TRAIN,SOLVED_TRIVIAL_le100k
2188,SOLVED,TEST,SOLVED_HARD_le100k
2189,SOLVED,VALIDATION,SOLVED_HARD_le10k
2190,SOLVED,TRAIN,SOLVED_TRIVIAL_le100k
2191,UNKNOWN,TRAIN,UNKNOWN_NONE_gt300k
2192,SOLVED,TRAIN,SOLVED_TRIVIAL_le300k
2193,SOLVED,TEST,SOLVED_NONE_le100k
2194,SOLVED,VALIDATION,SOLVED_TRIVIAL_le100k
2195,UNKNOWN,TRAIN,UNKNOWN_NONE_gt300k
2196,UNKNOWN,TRAIN,UNKNOWN_NONE_gt300k
2197,SOLVED,TRAIN,SOLVED_NONE_le100k
2198,SOLVED,TEST,SOLVED_TRIVIAL_le100k
2199,SOLVED,TRAIN,SOLVED_NONE_gt300k
2200,SOLVED,TRAIN,SOLVED_TRIVIAL_le100k
2201,SOLVED,TRAIN,SOLVED_TRIVIAL_le100k
2202,SOLVED,TRAIN,SOLVED_NONE_gt300k
2203,SOLVED,TEST,SOLVED_TRIVIAL_le100k
2204,SOLVED,TRAIN,SOLVED_TRIVIAL_le100k
2205,SOLVED,TRAIN,SOLVED_TRIVIAL_gt300k
2206,SOLVED,TRAIN,SOLVED_NONE_le100k
2207,SOLVED,TRAIN,SOLVED_TRIVIAL_le100k
2208,UNKNOWN,VALIDATION,UNKNOWN_NONE_gt300k
2209,SOLVED,TRAIN,SOLVED_TRIVIAL_le100k
2210,SOLVED,TRAIN,SOLVED_TRIVIAL_le10k
2211,SOLVED,TRAIN,SOLVED_TRIVIAL_le100k
2212,SOLVED,TEST,SOLVED_HARD_le10k
2213,SOLVED,VALIDATION,SOLVED_TRIVIAL_gt300k
2214,SOLVED,TRAIN,SOLVED_NONE_le100k
2215,SOLVED,TRAIN,SOLVED_TRIVIAL_gt300k
2216,SOLVED,TRAIN,SOLVED_NONE_le100k
2217,SOLVED,TEST,SOLVED_NONE_le100k
2218,SOLVED,VALIDATION,SOLVED_EXPERT_le300k
2219,SOLVED,TRAIN,SOLVED_TRIVIAL_le300k
2220,SOLVED,TRAIN,SOLVED_TRIVIAL_le100k
2221,SOLVED,TRAIN,SOLVED_TRIVIAL_le100k
2222,SOLVED,TEST,SOLVED_HARD_le100k
2223,SOLVED,TRAIN,SOLVED_TRIVIAL_gt300k
2224,SOLVED,TRAIN,SOLVED_HARD_gt300k
2225,SOLVED,TRAIN,SOLVED_TRIVIAL_le100k
2226,SOLVED,TRAIN,SOLVED_TRIVIAL_le100k
2227,UNKNOWN,TEST,UNKNOWN_NONE_gt300k
2228,SOLVED,TRAIN,SOLVED_HARD_le10k
2229,SOLVED,TRAIN,SOLVED_HARD_le100k
2230,SOLVED,TRAIN,SOLVED_TRIVIAL_le100k
2231,SOLVED,TRAIN,SOLVED_HARD_gt300k
2232,SOLVED,VALIDATION,SOLVED_TRIVIAL_le100k
2233,SOLVED,TRAIN,SOLVED_TRIVIAL_le100k
2234,SOLVED,TRAIN,SOLVED_TRIVIAL_le100k
2235,SOLVED,TRAIN,SOLVED_TRIVIAL_le10k
2236,PROVEN_LOST,TEST,PROVEN_LOST_NONE_gt300k
2237,SOLVED,VALIDATION,SOLVED_TRIVIAL_le100k
2238,SOLVED,TRAIN,SOLVED_TRIVIAL_gt300k
2239,SOLVED,TRAIN,SOLVED_TRIVIAL_le100k
2240,SOLVED,TRAIN,SOLVED_TRIVIAL_le10k
2241,SOLVED,TEST,SOLVED_HARD_gt300k
2242,SOLVED,VALIDATION,SOLVED_TRIVIAL_le10k
2243,SOLVED,TRAIN,SOLVED_TRIVIAL_le100k
2244,UNKNOWN,TRAIN,UNKNOWN_NONE_gt300k
2245,SOLVED,TRAIN,SOLVED_HARD_le100k
2246,SOLVED,TEST,SOLVED_TRIVIAL_le10k
2247,SOLVED,TRAIN,SOLVED_TRIVIAL_le100k
2248,SOLVED,TRAIN,SOLVED_TRIVIAL_gt300k
2249,SOLVED,TRAIN,SOLVED_TRIVIAL_le100k
2250,UNKNOWN,TRAIN,UNKNOWN_NONE_gt300k
2251,SOLVED,TEST,SOLVED_NONE_le100k
2252,SOLVED,TRAIN,SOLVED_TRIVIAL_le100k
2253,SOLVED,TRAIN,SOLVED_TRIVIAL_le100k
2254,SOLVED,TRAIN,SOLVED_TRIVIAL_le100k
2255,SOLVED,TRAIN,SOLVED_NONE_le100k
2256,UNKNOWN,VALIDATION,UNKNOWN_NONE_gt300k
2257,SOLVED,TRAIN,SOLVED_TRIVIAL_le100k
2258,SOLVED,TRAIN,SOLVED_EASY_le100k
2259,SOLVED,TRAIN,SOLVED_TRIVIAL_le100k
2260,SOLVED,TEST,SOLVED_NONE_gt300k
2261,SOLVED,VALIDATION,SOLVED_TRIVIAL_gt300k
2262,SOLVED,TRAIN,SOLVED_TRIVIAL_gt300k
2263,SOLVED,TRAIN,SOLVED_TRIVIAL_le300k
2264,SOLVED,TRAIN,SOLVED_HARD_gt300k
2265,SOLVED,TEST,SOLVED_NONE_le10k
2266,SOLVED,VALIDATION,SOLVED_TRIVIAL_le100k
2267,SOLVED,TRAIN,SOLVED_TRIVIAL_le100k
2268,UNKNOWN,TRAIN,UNKNOWN_NONE_gt300k
2269,PROVEN_LOST,TRAIN,PROVEN_LOST_NONE_gt300k
2270,SOLVED,TEST,SOLVED_TRIVIAL_le100k
2271,SOLVED,VALIDATION,SOLVED_EASY_gt300k
2272,SOLVED,TRAIN,SOLVED_TRIVIAL_le10k
2273,SOLVED,TRAIN,SOLVED_NONE_le100k
2274,UNKNOWN,TRAIN,UNKNOWN_NONE_gt300k
2275,SOLVED,TEST,SOLVED_TRIVIAL_le10k
2276,SOLVED,TRAIN,SOLVED_HARD_gt300k
2277,UNKNOWN,TRAIN,UNKNOWN_NONE_gt300k
2278,SOLVED,TRAIN,SOLVED_NONE_le10k
2279,SOLVED,TRAIN,SOLVED_TRIVIAL_le100k
2280,SOLVED,VALIDATION,SOLVED_TRIVIAL_le10k
2281,UNKNOWN,TRAIN,UNKNOWN_NONE_gt300k
2282,SOLVED,TRAIN,SOLVED_TRIVIAL_le300k
2283,SOLVED,TRAIN,SOLVED_NONE_gt300k
2284,UNKNOWN,TEST,UNKNOWN_NONE_gt300k
2285,SOLVED,VALIDATION,SOLVED_TRIVIAL_gt300k
2286,SOLVED,TRAIN,SOLVED_TRIVIAL_gt300k
2287,SOLVED,TRAIN,SOLVED_TRIVIAL_le10k
2288,PROVEN_LOST,TRAIN,PROVEN_LOST_NONE_gt300k
2289,SOLVED,TEST,SOLVED_HARD_le10k
2290,SOLVED,VALIDATION,SOLVED_NONE_le100k
2291,UNKNOWN,TRAIN,UNKNOWN_NONE_gt300k
2292,SOLVED,TRAIN,SOLVED_TRIVIAL_le100k
2293,SOLVED,TRAIN,SOLVED_TRIVIAL_le10k
2294,SOLVED,TEST,SOLVED_TRIVIAL_gt300k
2295,UNKNOWN,VALIDATION,UNKNOWN_NONE_gt300k
2296,SOLVED,TRAIN,SOLVED_TRIVIAL_le10k
2297,UNKNOWN,TRAIN,UNKNOWN_NONE_gt300k
2298,SOLVED,TRAIN,SOLVED_TRIVIAL_le100k
2299,SOLVED,TEST,SOLVED_NONE_le100k
2300,SOLVED,TRAIN,SOLVED_EASY_le100k
2301,SOLVED,TRAIN,SOLVED_NONE_le100k
2302,SOLVED,TRAIN,SOLVED_TRIVIAL_gt300k
2303,SOLVED,TRAIN,SOLVED_TRIVIAL_le100k
2304,SOLVED,VALIDATION,SOLVED_TRIVIAL_le100k
2305,SOLVED,TRAIN,SOLVED_TRIVIAL_le10k
2306,SOLVED,TRAIN,SOLVED_TRIVIAL_le300k
2307,SOLVED,TRAIN,SOLVED_TRIVIAL_le10k
2308,SOLVED,TRAIN,SOLVED_TRIVIAL_le300k
2309,SOLVED,VALIDATION,SOLVED_TRIVIAL_gt300k
2310,SOLVED,TRAIN,SOLVED_EASY_le100k
2311,SOLVED,TRAIN,SOLVED_TRIVIAL_le100k
2312,SOLVED,TRAIN,SOLVED_NONE_gt300k
2313,SOLVED,TEST,SOLVED_TRIVIAL_le100k
2314,SOLVED,VALIDATION,SOLVED_TRIVIAL_le10k
2315,SOLVED,TRAIN,SOLVED_TRIVIAL_le300k
2316,UNKNOWN,TRAIN,UNKNOWN_NONE_gt300k
2317,SOLVED,TRAIN,SOLVED_TRIVIAL_le300k
2318,SOLVED,TEST,SOLVED_TRIVIAL_le100k
2319,PROVEN_LOST,VALIDATION,PROVEN_LOST_NONE_gt300k
2320,SOLVED,TRAIN,SOLVED_TRIVIAL_gt300k
2321,SOLVED,TRAIN,SOLVED_TRIVIAL_le100k
2322,SOLVED,TRAIN,SOLVED_TRIVIAL_le100k
2323,UNKNOWN,TEST,UNKNOWN_NONE_gt300k
2324,UNKNOWN,TRAIN,UNKNOWN_NONE_gt300k
2325,SOLVED,TRAIN,SOLVED_TRIVIAL_le10k
2326,SOLVED,TRAIN,SOLVED_TRIVIAL_le100k
2327,SOLVED,TRAIN,SOLVED_NONE_le300k
2328,SOLVED,VALIDATION,SOLVED_TRIVIAL_le100k
2329,SOLVED,TRAIN,SOLVED_HARD_gt300k
2330,SOLVED,TRAIN,SOLVED_EASY_gt300k
2331,UNKNOWN,TRAIN,UNKNOWN_NONE_gt300k
2332,SOLVED,TRAIN,SOLVED_TRIVIAL_le100k
2333,SOLVED,VALIDATION,SOLVED_TRIVIAL_le100k
2334,SOLVED,TRAIN,SOLVED_HARD_le100k
2335,SOLVED,TRAIN,SOLVED_TRIVIAL_gt300k
2336,SOLVED,TRAIN,SOLVED_TRIVIAL_gt300k
2337,SOLVED,TEST,SOLVED_HARD_le100k
2338,SOLVED,VALIDATION,SOLVED_TRIVIAL_le100k
2339,UNKNOWN,TRAIN,UNKNOWN_NONE_gt300k
2340,SOLVED,TRAIN,SOLVED_TRIVIAL_le300k
2341,SOLVED,TRAIN,SOLVED_NONE_le100k
2342,SOLVED,TEST,SOLVED_TRIVIAL_le100k
2343,SOLVED,VALIDATION,SOLVED_NONE_gt300k
2344,SOLVED,TRAIN,SOLVED_TRIVIAL_le300k
2345,SOLVED,TRAIN,SOLVED_TRIVIAL_le10k
2346,SOLVED,TRAIN,SOLVED_TRIVIAL_le10k
2347,SOLVED,TEST,SOLVED_TRIVIAL_le100k
2348,SOLVED,TRAIN,SOLVED_TRIVIAL_gt300k
2349,SOLVED,TRAIN,SOLVED_NONE_le100k
2350,SOLVED,TRAIN,SOLVED_TRIVIAL_le100k
2351,SOLVED,TRAIN,SOLVED_TRIVIAL_le300k
2352,SOLVED,VALIDATION,SOLVED_NONE_gt300k
2353,SOLVED,TRAIN,SOLVED_TRIVIAL_gt300k
2354,SOLVED,TRAIN,SOLVED_TRIVIAL_le100k
2355,SOLVED,TRAIN,SOLVED_HARD_le300k
2356,SOLVED,TRAIN,SOLVED_TRIVIAL_le300k
2357,SOLVED,VALIDATION,SOLVED_TRIVIAL_le100k
2358,SOLVED,TRAIN,SOLVED_TRIVIAL_le100k
2359,SOLVED,TRAIN,SOLVED_TRIVIAL_gt300k
2360,UNKNOWN,TRAIN,UNKNOWN_NONE_gt300k
2361,SOLVED,TEST,SOLVED_EASY_le300k
2362,SOLVED,VALIDATION,SOLVED_EASY_gt300k
2363,SOLVED,TRAIN,SOLVED_TRIVIAL_le100k
2364,SOLVED,TRAIN,SOLVED_TRIVIAL_le100k
2365,SOLVED,TRAIN,SOLVED_TRIVIAL_le100k
2366,SOLVED,TEST,SOLVED_TRIVIAL_le100k
2367,SOLVED,VALIDATION,SOLVED_NONE_le100k
2368,SOLVED,TRAIN,SOLVED_TRIVIAL_le300k
2369,SOLVED,TRAIN,SOLVED_TRIVIAL_gt300k
2370,SOLVED,TRAIN,SOLVED_TRIVIAL_le300k
2371,SOLVED,TEST,SOLVED_TRIVIAL_le100k
2372,UNKNOWN,TRAIN,UNKNOWN_NONE_gt300k
2373,SOLVED,TRAIN,SOLVED_EASY_le10k
2374,SOLVED,TRAIN,SOLVED_NONE_gt300k
2375,SOLVED,TRAIN,SOLVED_HARD_le300k
2376,SOLVED,TEST,SOLVED_TRIVIAL_le10k
2377,SOLVED,TRAIN,SOLVED_HARD_gt300k
2378,SOLVED,TRAIN,SOLVED_TRIVIAL_le100k
2379,SOLVED,TRAIN,SOLVED_TRIVIAL_le100k
2380,SOLVED,TRAIN,SOLVED_TRIVIAL_gt300k
2381,UNKNOWN,VALIDATION,UNKNOWN_NONE_gt300k
2382,UNKNOWN,TRAIN,UNKNOWN_NONE_gt300k
2383,SOLVED,TRAIN,SOLVED_TRIVIAL_le300k
2384,SOLVED,TRAIN,SOLVED_TRIVIAL_le100k
2385,SOLVED,TEST,SOLVED_HARD_le100k
2386,SOLVED,VALIDATION,SOLVED_TRIVIAL_le100k
2387,SOLVED,TRAIN,SOLVED_NONE_gt300k
2388,UNKNOWN,TRAIN,UNKNOWN_NONE_gt300k
2389,SOLVED,TRAIN,SOLVED_TRIVIAL_le300k
2390,SOLVED,TEST,SOLVED_TRIVIAL_le100k
2391,SOLVED,VALIDATION,SOLVED_TRIVIAL_le100k
2392,SOLVED,TRAIN,SOLVED_HARD_le100k
2393,SOLVED,TRAIN,SOLVED_TRIVIAL_le100k
2394,PROVEN_LOST,TRAIN,PROVEN_LOST_NONE_le300k
2395,UNKNOWN,TEST,UNKNOWN_NONE_gt300k
2396,SOLVED,TRAIN,SOLVED_EASY_gt300k
2397,SOLVED,TRAIN,SOLVED_TRIVIAL_le10k
2398,UNKNOWN,TRAIN,UNKNOWN_NONE_gt300k
2399,SOLVED,TRAIN,SOLVED_HARD_le100k
2400,SOLVED,TEST,SOLVED_TRIVIAL_le100k
2401,SOLVED,TRAIN,SOLVED_TRIVIAL_le100k
2402,SOLVED,TRAIN,SOLVED_HARD_le300k
2403,SOLVED,TRAIN,SOLVED_TRIVIAL_gt300k
2404,SOLVED,TRAIN,SOLVED_TRIVIAL_le100k
2405,SOLVED,VALIDATION,SOLVED_TRIVIAL_le10k
2406,SOLVED,TRAIN,SOLVED_TRIVIAL_le10k
2407,SOLVED,TRAIN,SOLVED_NONE_le10k
2408,SOLVED,TRAIN,SOLVED_NONE_gt300k
2409,SOLVED,TEST,SOLVED_TRIVIAL_le100k
2410,SOLVED,VALIDATION,SOLVED_TRIVIAL_le100k
2411,SOLVED,TRAIN,SOLVED_TRIVIAL_le100k
2412,SOLVED,TRAIN,SOLVED_HARD_gt300k
2413,SOLVED,TRAIN,SOLVED_TRIVIAL_le100k
2414,SOLVED,TEST,SOLVED_TRIVIAL_le300k
2415,SOLVED,VALIDATION,SOLVED_TRIVIAL_le100k
2416,SOLVED,TRAIN,SOLVED_TRIVIAL_le100k
2417,SOLVED,TRAIN,SOLVED_TRIVIAL_gt300k
2418,SOLVED,TRAIN,SOLVED_TRIVIAL_le100k
2419,SOLVED,TEST,SOLVED_TRIVIAL_le100k
2420,SOLVED,TRAIN,SOLVED_HARD_le100k
2421,UNKNOWN,TRAIN,UNKNOWN_NONE_gt300k
2422,SOLVED,TRAIN,SOLVED_HARD_le100k
2423,SOLVED,TRAIN,SOLVED_TRIVIAL_gt300k
2424,SOLVED,TEST,SOLVED_NONE_le10k
2425,SOLVED,TRAIN,SOLVED_NONE_le100k
2426,SOLVED,TRAIN,SOLVED_NONE_gt300k
2427,SOLVED,TRAIN,SOLVED_TRIVIAL_gt300k
2428,SOLVED,TRAIN,SOLVED_EASY_le10k
2429,SOLVED,VALIDATION,SOLVED_EASY_le100k
2430,SOLVED,TRAIN,SOLVED_HARD_le100k
2431,SOLVED,TRAIN,SOLVED_TRIVIAL_le100k
2432,SOLVED,TRAIN,SOLVED_EASY_gt300k
2433,SOLVED,TEST,SOLVED_HARD_le100k
2434,SOLVED,VALIDATION,SOLVED_TRIVIAL_le10k
2435,SOLVED,TRAIN,SOLVED_TRIVIAL_le100k
2436,SOLVED,TRAIN,SOLVED_TRIVIAL_gt300k
2437,UNKNOWN,TRAIN,UNKNOWN_NONE_gt300k
2438,SOLVED,TEST,SOLVED_TRIVIAL_le10k
2439,SOLVED,VALIDATION,SOLVED_TRIVIAL_le100k
2440,UNKNOWN,TRAIN,UNKNOWN_NONE_gt300k
2441,SOLVED,TRAIN,SOLVED_TRIVIAL_le300k
2442,UNKNOWN,TRAIN,UNKNOWN_NONE_gt300k
2443,SOLVED,TEST,SOLVED_NONE_le300k
2444,UNKNOWN,VALIDATION,UNKNOWN_NONE_gt300k
2445,SOLVED,TRAIN,SOLVED_NONE_gt300k
2446,SOLVED,TRAIN,SOLVED_TRIVIAL_le100k
2447,SOLVED,TRAIN,SOLVED_EASY_le100k
2448,SOLVED,TEST,SOLVED_TRIVIAL_le100k
2449,SOLVED,TRAIN,SOLVED_TRIVIAL_le10k
2450,SOLVED,TRAIN,SOLVED_HARD_gt300k
2451,SOLVED,TRAIN,SOLVED_TRIVIAL_le10k
2452,SOLVED,TRAIN,SOLVED_HARD_gt300k
2453,SOLVED,VALIDATION,SOLVED_TRIVIAL_le300k
2454,SOLVED,TRAIN,SOLVED_TRIVIAL_gt300k
2455,UNKNOWN,TRAIN,UNKNOWN_NONE_gt300k
2456,SOLVED,TRAIN,SOLVED_TRIVIAL_le10k
2457,PROVEN_LOST,TEST,PROVEN_LOST_NONE_le300k
2458,SOLVED,VALIDATION,SOLVED_TRIVIAL_le100k
2459,SOLVED,TRAIN,SOLVED_HARD_le300k
2460,SOLVED,TRAIN,SOLVED_TRIVIAL_le10k
2461,SOLVED,TRAIN,SOLVED_TRIVIAL_gt300k
2462,SOLVED,TEST,SOLVED_TRIVIAL_le100k
2463,SOLVED,VALIDATION,SOLVED_NONE_gt300k
2464,UNKNOWN,TRAIN,UNKNOWN_NONE_gt300k
2465,UNKNOWN,TRAIN,UNKNOWN_NONE_gt300k
2466,SOLVED,TRAIN,SOLVED_NONE_gt300k
2467,SOLVED,TEST,SOLVED_HARD_le10k
2468,SOLVED,VALIDATION,SOLVED_TRIVIAL_le100k
2469,SOLVED,TRAIN,SOLVED_EASY_le100k
2470,SOLVED,TRAIN,SOLVED_HARD_le10k
2471,SOLVED,TRAIN,SOLVED_TRIVIAL_gt300k
2472,SOLVED,TEST,SOLVED_TRIVIAL_le100k
2473,SOLVED,TRAIN,SOLVED_TRIVIAL_gt300k
2474,SOLVED,TRAIN,SOLVED_TRIVIAL_gt300k
2475,SOLVED,TRAIN,SOLVED_TRIVIAL_gt300k
2476,SOLVED,TRAIN,SOLVED_TRIVIAL_le300k
2477,SOLVED,VALIDATION,SOLVED_TRIVIAL_le100k
2478,SOLVED,TRAIN,SOLVED_TRIVIAL_le100k
2479,SOLVED,TRAIN,SOLVED_TRIVIAL_le100k
2480,SOLVED,TRAIN,SOLVED_TRIVIAL_gt300k
2481,SOLVED,TRAIN,SOLVED_TRIVIAL_le300k
2482,SOLVED,VALIDATION,SOLVED_HARD_le300k
2483,SOLVED,TRAIN,SOLVED_TRIVIAL_gt300k
2484,SOLVED,TRAIN,SOLVED_TRIVIAL_le100k
2485,SOLVED,TRAIN,SOLVED_TRIVIAL_le100k
2486,UNKNOWN,TEST,UNKNOWN_NONE_gt300k
2487,SOLVED,VALIDATION,SOLVED_TRIVIAL_le10k
2488,SOLVED,TRAIN,SOLVED_HARD_le10k
2489,SOLVED,TRAIN,SOLVED_TRIVIAL_le300k
2490,UNKNOWN,TRAIN,UNKNOWN_NONE_gt300k
2491,SOLVED,TEST,SOLVED_EASY_gt300k
2492,SOLVED,VALIDATION,SOLVED_TRIVIAL_le100k
2493,UNKNOWN,TRAIN,UNKNOWN_NONE_gt300k
2494,SOLVED,TRAIN,SOLVED_HARD_le100k
2495,UNKNOWN,TRAIN,UNKNOWN_NONE_gt300k
2496,SOLVED,TEST,SOLVED_TRIVIAL_le10k
2497,SOLVED,TRAIN,SOLVED_EXPERT_gt300k
2498,SOLVED,TRAIN,SOLVED_TRIVIAL_le100k
2499,SOLVED,TRAIN,SOLVED_EASY_le10k
2500,UNKNOWN,TRAIN,UNKNOWN_NONE_gt300k
2501,SOLVED,VALIDATION,SOLVED_TRIVIAL_le300k
2502,PROVEN_LOST,TRAIN,PROVEN_LOST_NONE_gt300k
2503,UNKNOWN,TRAIN,UNKNOWN_NONE_gt300k
2504,SOLVED,TRAIN,SOLVED_TRIVIAL_gt300k
2505,SOLVED,TRAIN,SOLVED_TRIVIAL_le10k
2506,SOLVED,VALIDATION,SOLVED_TRIVIAL_le100k
2507,SOLVED,TRAIN,SOLVED_TRIVIAL_le100k
2508,SOLVED,TRAIN,SOLVED_NONE_le100k
2509,SOLVED,TRAIN,SOLVED_TRIVIAL_le100k
2510,SOLVED,TEST,SOLVED_TRIVIAL_le100k
2511,SOLVED,VALIDATION,SOLVED_HARD_gt300k
2512,UNKNOWN,TRAIN,UNKNOWN_NONE_gt300k
2513,SOLVED,TRAIN,SOLVED_TRIVIAL_le100k
2514,SOLVED,TRAIN,SOLVED_TRIVIAL_le100k
2515,SOLVED,TEST,SOLVED_TRIVIAL_le300k
2516,SOLVED,VALIDATION,SOLVED_NONE_le100k
2517,SOLVED,TRAIN,SOLVED_TRIVIAL_le10k
2518,SOLVED,TRAIN,SOLVED_TRIVIAL_le300k
2519,SOLVED,TRAIN,SOLVED_NONE_le100k
2520,SOLVED,TEST,SOLVED_TRIVIAL_le100k
2521,UNKNOWN,TRAIN,UNKNOWN_NONE_gt300k
2522,SOLVED,TRAIN,SOLVED_TRIVIAL_le100k
2523,SOLVED,TRAIN,SOLVED_TRIVIAL_le10k
2524,SOLVED,TRAIN,SOLVED_TRIVIAL_le10k
2525,SOLVED,VALIDATION,SOLVED_EXPERT_gt300k
2526,SOLVED,TRAIN,SOLVED_TRIVIAL_le10k
2527,SOLVED,TRAIN,SOLVED_TRIVIAL_le300k
2528,SOLVED,TRAIN,SOLVED_NONE_le100k
2529,SOLVED,TRAIN,SOLVED_HARD_gt300k
2530,SOLVED,VALIDATION,SOLVED_TRIVIAL_le100k
2531,SOLVED,TRAIN,SOLVED_TRIVIAL_le10k
2532,SOLVED,TRAIN,SOLVED_TRIVIAL_le100k
2533,SOLVED,TRAIN,SOLVED_TRIVIAL_gt300k
2534,SOLVED,TEST,SOLVED_TRIVIAL_gt300k
2535,SOLVED,VALIDATION,SOLVED_TRIVIAL_le300k
2536,SOLVED,TRAIN,SOLVED_NONE_gt300k
2537,UNKNOWN,TRAIN,UNKNOWN_NONE_gt300k
2538,UNKNOWN,TRAIN,UNKNOWN_NONE_gt300k
2539,SOLVED,TEST,SOLVED_TRIVIAL_le10k
2540,SOLVED,VALIDATION,SOLVED_TRIVIAL_le100k
2541,SOLVED,TRAIN,SOLVED_TRIVIAL_le10k
2542,SOLVED,TRAIN,SOLVED_TRIVIAL_le10k
2543,SOLVED,TRAIN,SOLVED_TRIVIAL_le100k
2544,SOLVED,TEST,SOLVED_TRIVIAL_le300k
2545,SOLVED,TRAIN,SOLVED_HARD_le100k
2546,SOLVED,TRAIN,SOLVED_NONE_le100k
2547,UNKNOWN,TRAIN,UNKNOWN_NONE_gt300k
2548,SOLVED,TRAIN,SOLVED_NONE_gt300k
2549,SOLVED,TEST,SOLVED_TRIVIAL_gt300k
2550,SOLVED,TRAIN,SOLVED_TRIVIAL_le300k
2551,SOLVED,TRAIN,SOLVED_TRIVIAL_le10k
2552,SOLVED,TRAIN,SOLVED_TRIVIAL_gt300k
2553,SOLVED,TRAIN,SOLVED_TRIVIAL_le10k
2554,SOLVED,VALIDATION,SOLVED_NONE_le10k
2555,SOLVED,TRAIN,SOLVED_TRIVIAL_le100k
2556,UNKNOWN,TRAIN,UNKNOWN_NONE_gt300k
2557,SOLVED,TRAIN,SOLVED_TRIVIAL_le10k
2558,UNKNOWN,TEST,UNKNOWN_NONE_gt300k
2559,SOLVED,VALIDATION,SOLVED_TRIVIAL_le10k
2560,SOLVED,TRAIN,SOLVED_TRIVIAL_le10k
2561,SOLVED,TRAIN,SOLVED_TRIVIAL_le300k
2562,PROVEN_LOST,TRAIN,PROVEN_LOST_NONE_gt300k
2563,SOLVED,TEST,SOLVED_NONE_le10k
2564,UNKNOWN,VALIDATION,UNKNOWN_NONE_gt300k
2565,SOLVED,TRAIN,SOLVED_TRIVIAL_le100k
2566,SOLVED,TRAIN,SOLVED_NONE_le100k
2567,SOLVED,TRAIN,SOLVED_NONE_le100k
2568,SOLVED,TEST,SOLVED_EXPERT_gt300k
2569,SOLVED,TRAIN,SOLVED_TRIVIAL_le100k
2570,SOLVED,TRAIN,SOLVED_NONE_le10k
2571,SOLVED,TRAIN,SOLVED_HARD_le100k
2572,SOLVED,TRAIN,SOLVED_TRIVIAL_le100k
2573,SOLVED,TEST,SOLVED_EASY_le100k
2574,SOLVED,TRAIN,SOLVED_EASY_le10k
2575,SOLVED,TRAIN,SOLVED_TRIVIAL_gt300k
2576,SOLVED,TRAIN,SOLVED_TRIVIAL_le10k
2577,SOLVED,TRAIN,SOLVED_EASY_le10k
2578,SOLVED,VALIDATION,SOLVED_TRIVIAL_le10k
2579,SOLVED,TRAIN,SOLVED_NONE_le100k
2580,SOLVED,TRAIN,SOLVED_TRIVIAL_le300k
2581,SOLVED,TRAIN,SOLVED_TRIVIAL_le100k
2582,UNKNOWN,TEST,UNKNOWN_NONE_gt300k
2583,SOLVED,VALIDATION,SOLVED_TRIVIAL_le100k
2584,SOLVED,TRAIN,SOLVED_NONE_le300k
2585,SOLVED,TRAIN,SOLVED_NONE_gt300k
2586,SOLVED,TRAIN,SOLVED_EXPERT_gt300k
2587,SOLVED,TEST,SOLVED_TRIVIAL_le100k
2588,SOLVED,VALIDATION,SOLVED_TRIVIAL_le10k
2589,SOLVED,TRAIN,SOLVED_TRIVIAL_gt300k
2590,UNKNOWN,TRAIN,UNKNOWN_NONE_gt300k
2591,SOLVED,TRAIN,SOLVED_NONE_gt300k
2592,PROVEN_LOST,TEST,PROVEN_LOST_NONE_le100k
2593,SOLVED,TRAIN,SOLVED_HARD_le100k
2594,UNKNOWN,TRAIN,UNKNOWN_NONE_gt300k
2595,SOLVED,TRAIN,SOLVED_NONE_gt300k
2596,SOLVED,TRAIN,SOLVED_TRIVIAL_le300k
2597,SOLVED,TEST,SOLVED_NONE_gt300k
2598,SOLVED,TRAIN,SOLVED_HARD_gt300k
2599,SOLVED,TRAIN,SOLVED_HARD_le100k
2600,SOLVED,TRAIN,SOLVED_TRIVIAL_gt300k
2601,SOLVED,TRAIN,SOLVED_TRIVIAL_gt300k
2602,SOLVED,VALIDATION,SOLVED_HARD_le100k
2603,SOLVED,TRAIN,SOLVED_NONE_le100k
2604,SOLVED,TRAIN,SOLVED_TRIVIAL_le100k
2605,SOLVED,TRAIN,SOLVED_TRIVIAL_le100k
2606,SOLVED,TEST,SOLVED_TRIVIAL_le10k
2607,SOLVED,VALIDATION,SOLVED_NONE_le100k
2608,SOLVED,TRAIN,SOLVED_TRIVIAL_le100k
2609,SOLVED,TRAIN,SOLVED_NONE_le10k
2610,SOLVED,TRAIN,SOLVED_HARD_le100k
2611,SOLVED,TEST,SOLVED_TRIVIAL_le100k
2612,SOLVED,VALIDATION,SOLVED_NONE_gt300k
2613,SOLVED,TRAIN,SOLVED_EXPERT_le100k
2614,SOLVED,TRAIN,SOLVED_NONE_le100k
2615,SOLVED,TRAIN,SOLVED_TRIVIAL_gt300k
2616,SOLVED,TEST,SOLVED_HARD_le100k
2617,SOLVED,VALIDATION,SOLVED_TRIVIAL_gt300k
2618,SOLVED,TRAIN,SOLVED_TRIVIAL_le10k
2619,SOLVED,TRAIN,SOLVED_TRIVIAL_gt300k
2620,SOLVED,TRAIN,SOLVED_TRIVIAL_le100k
2621,SOLVED,TEST,SOLVED_TRIVIAL_le300k
2622,SOLVED,TRAIN,SOLVED_TRIVIAL_le10k
2623,SOLVED,TRAIN,SOLVED_NONE_gt300k
2624,SOLVED,TRAIN,SOLVED_NONE_gt300k
2625,SOLVED,TRAIN,SOLVED_TRIVIAL_le10k
2626,SOLVED,VALIDATION,SOLVED_TRIVIAL_gt300k
2627,UNKNOWN,TRAIN,UNKNOWN_NONE_gt300k
2628,SOLVED,TRAIN,SOLVED_TRIVIAL_le300k
2629,SOLVED,TRAIN,SOLVED_HARD_le100k
2630,SOLVED,TEST,SOLVED_TRIVIAL_le10k
2631,SOLVED,VALIDATION,SOLVED_EASY_gt300k
2632,SOLVED,TRAIN,SOLVED_NONE_le100k
2633,SOLVED,TRAIN,SOLVED_TRIVIAL_le10k
2634,SOLVED,TRAIN,SOLVED_TRIVIAL_gt300k
2635,SOLVED,TEST,SOLVED_NONE_le100k
2636,SOLVED,VALIDATION,SOLVED_TRIVIAL_gt300k
2637,PROVEN_LOST,TRAIN,PROVEN_LOST_NONE_le100k
2638,SOLVED,TRAIN,SOLVED_TRIVIAL_le300k
2639,SOLVED,TRAIN,SOLVED_NONE_le300k
2640,UNKNOWN,TEST,UNKNOWN_NONE_gt300k
2641,SOLVED,VALIDATION,SOLVED_NONE_le300k
2642,SOLVED,TRAIN,SOLVED_TRIVIAL_le100k
2643,SOLVED,TRAIN,SOLVED_HARD_gt300k
2644,SOLVED,TRAIN,SOLVED_HARD_le100k
2645,SOLVED,TEST,SOLVED_TRIVIAL_le10k
2646,SOLVED,TRAIN,SOLVED_HARD_le10k
2647,UNKNOWN,TRAIN,UNKNOWN_NONE_gt300k
2648,PROVEN_LOST,TRAIN,PROVEN_LOST_NONE_gt300k
2649,SOLVED,TRAIN,SOLVED_TRIVIAL_le300k
2650,SOLVED,VALIDATION,SOLVED_TRIVIAL_le10k
2651,SOLVED,TRAIN,SOLVED_TRIVIAL_le100k
2652,SOLVED,TRAIN,SOLVED_TRIVIAL_le100k
2653,SOLVED,TRAIN,SOLVED_TRIVIAL_le100k
2654,UNKNOWN,TRAIN,UNKNOWN_NONE_gt300k
2655,SOLVED,VALIDATION,SOLVED_TRIVIAL_le100k
2656,SOLVED,TRAIN,SOLVED_TRIVIAL_le300k
2657,SOLVED,TRAIN,SOLVED_EASY_le100k
2658,SOLVED,TRAIN,SOLVED_NONE_le300k
2659,UNKNOWN,TEST,UNKNOWN_NONE_gt300k
2660,SOLVED,VALIDATION,SOLVED_NONE_le100k
2661,SOLVED,TRAIN,SOLVED_HARD_le100k
2662,SOLVED,TRAIN,SOLVED_HARD_le100k
2663,SOLVED,TRAIN,SOLVED_NONE_le100k
2664,SOLVED,TEST,SOLVED_TRIVIAL_le10k
2665,SOLVED,VALIDATION,SOLVED_HARD_le100k
2666,SOLVED,TRAIN,SOLVED_TRIVIAL_le100k
2667,SOLVED,TRAIN,SOLVED_TRIVIAL_le100k
2668,SOLVED,TRAIN,SOLVED_TRIVIAL_gt300k
2669,SOLVED,TEST,SOLVED_NONE_le100k
2670,SOLVED,TRAIN,SOLVED_TRIVIAL_le100k
2671,SOLVED,TRAIN,SOLVED_TRIVIAL_le100k
2672,UNKNOWN,TRAIN,UNKNOWN_NONE_gt300k
2673,SOLVED,TRAIN,SOLVED_HARD_le10k
2674,SOLVED,VALIDATION,SOLVED_TRIVIAL_le100k
2675,SOLVED,TRAIN,SOLVED_TRIVIAL_gt300k
2676,UNKNOWN,TRAIN,UNKNOWN_NONE_gt300k
2677,SOLVED,TRAIN,SOLVED_TRIVIAL_le100k
2678,UNKNOWN,TRAIN,UNKNOWN_NONE_gt300k
2679,SOLVED,VALIDATION,SOLVED_TRIVIAL_le100k
2680,SOLVED,TRAIN,SOLVED_TRIVIAL_le100k
2681,SOLVED,TRAIN,SOLVED_TRIVIAL_gt300k
2682,SOLVED,TRAIN,SOLVED_NONE_le100k
2683,UNKNOWN,TEST,UNKNOWN_NONE_gt300k
2684,SOLVED,VALIDATION,SOLVED_EXPERT_gt300k
2685,SOLVED,TRAIN,SOLVED_NONE_le100k
2686,SOLVED,TRAIN,SOLVED_EASY_le100k
2687,UNKNOWN,TRAIN,UNKNOWN_NONE_gt300k
2688,SOLVED,TEST,SOLVED_EASY_le300k
2689,SOLVED,VALIDATION,SOLVED_TRIVIAL_gt300k
2690,SOLVED,TRAIN,SOLVED_NONE_gt300k
2691,SOLVED,TRAIN,SOLVED_EXPERT_le100k
2692,SOLVED,TRAIN,SOLVED_TRIVIAL_le100k
2693,UNKNOWN,TEST,UNKNOWN_NONE_gt300k
2694,SOLVED,TRAIN,SOLVED_TRIVIAL_le10k
2695,SOLVED,TRAIN,SOLVED_TRIVIAL_le100k
2696,SOLVED,TRAIN,SOLVED_TRIVIAL_le100k
2697,SOLVED,TRAIN,SOLVED_EXPERT_le100k
2698,SOLVED,VALIDATION,SOLVED_NONE_gt300k
2699,SOLVED,TRAIN,SOLVED_NONE_le300k
2700,SOLVED,TRAIN,SOLVED_HARD_le100k
2701,SOLVED,TRAIN,SOLVED_TRIVIAL_le100k
2702,SOLVED,TRAIN,SOLVED_NONE_le300k
2703,SOLVED,VALIDATION,SOLVED_TRIVIAL_le10k
2704,SOLVED,TRAIN,SOLVED_TRIVIAL_gt300k
2705,UNKNOWN,TRAIN,UNKNOWN_NONE_gt300k
2706,SOLVED,TRAIN,SOLVED_TRIVIAL_le100k
2707,SOLVED,TEST,SOLVED_TRIVIAL_gt300k
2708,SOLVED,VALIDATION,SOLVED_TRIVIAL_le100k
2709,UNKNOWN,TRAIN,UNKNOWN_NONE_gt300k
2710,SOLVED,TRAIN,SOLVED_TRIVIAL_gt300k
2711,SOLVED,TRAIN,SOLVED_TRIVIAL_le100k
2712,SOLVED,TEST,SOLVED_HARD_le100k
2713,SOLVED,VALIDATION,SOLVED_TRIVIAL_le100k
2714,SOLVED,TRAIN,SOLVED_TRIVIAL_le100k
2715,SOLVED,TRAIN,SOLVED_TRIVIAL_le100k
2716,SOLVED,TRAIN,SOLVED_NONE_le10k
2717,SOLVED,TEST,SOLVED_NONE_le10k
2718,SOLVED,TRAIN,SOLVED_NONE_le100k
2719,SOLVED,TRAIN,SOLVED_TRIVIAL_gt300k
2720,SOLVED,TRAIN,SOLVED_NONE_le100k
2721,SOLVED,TRAIN,SOLVED_TRIVIAL_le10k
2722,SOLVED,TEST,SOLVED_TRIVIAL_le100k
2723,SOLVED,TRAIN,SOLVED_TRIVIAL_gt300k
2724,SOLVED,TRAIN,SOLVED_NONE_le10k
2725,SOLVED,TRAIN,SOLVED_TRIVIAL_le100k
2726,SOLVED,TRAIN,SOLVED_TRIVIAL_le100k
2727,PROVEN_LOST,VALIDATION,PROVEN_LOST_NONE_gt300k
2728,SOLVED,TRAIN,SOLVED_TRIVIAL_gt300k
2729,SOLVED,TRAIN,SOLVED_TRIVIAL_le10k
2730,SOLVED,TRAIN,SOLVED_EXPERT_gt300k
2731,SOLVED,TEST,SOLVED_TRIVIAL_le100k
2732,SOLVED,VALIDATION,SOLVED_NONE_le10k
2733,SOLVED,TRAIN,SOLVED_TRIVIAL_le100k
2734,SOLVED,TRAIN,SOLVED_TRIVIAL_le10k
2735,SOLVED,TRAIN,SOLVED_EXPERT_le100k
2736,SOLVED,TEST,SOLVED_NONE_le100k
2737,SOLVED,VALIDATION,SOLVED_NONE_le100k
2738,SOLVED,TRAIN,SOLVED_TRIVIAL_le300k
2739,SOLVED,TRAIN,SOLVED_TRIVIAL_le100k
2740,SOLVED,TRAIN,SOLVED_TRIVIAL_le100k
2741,SOLVED,TEST,SOLVED_TRIVIAL_le100k
2742,SOLVED,TRAIN,SOLVED_TRIVIAL_gt300k
2743,SOLVED,TRAIN,SOLVED_NONE_le100k
2744,SOLVED,TRAIN,SOLVED_TRIVIAL_le100k
2745,SOLVED,TRAIN,SOLVED_NONE_le300k
2746,UNKNOWN,TEST,UNKNOWN_NONE_gt300k
2747,SOLVED,TRAIN,SOLVED_HARD_le100k
2748,SOLVED,TRAIN,SOLVED_NONE_le100k
2749,SOLVED,TRAIN,SOLVED_NONE_gt300k
2750,SOLVED,TRAIN,SOLVED_TRIVIAL_le100k
2751,SOLVED,VALIDATION,SOLVED_HARD_le100k
2752,SOLVED,TRAIN,SOLVED_TRIVIAL_le10k
2753,SOLVED,TRAIN,SOLVED_EXPERT_le10k
2754,SOLVED,TRAIN,SOLVED_NONE_gt300k
2755,SOLVED,TEST,SOLVED_NONE_gt300k
2756,SOLVED,VALIDATION,SOLVED_TRIVIAL_le100k
2757,SOLVED,TRAIN,SOLVED_HARD_le10k
2758,SOLVED,TRAIN,SOLVED_HARD_le100k
2759,UNKNOWN,TRAIN,UNKNOWN_NONE_gt300k
2760,UNKNOWN,TEST,UNKNOWN_NONE_gt300k
2761,SOLVED,VALIDATION,SOLVED_TRIVIAL_le300k
2762,SOLVED,TRAIN,SOLVED_EASY_le100k
2763,SOLVED,TRAIN,SOLVED_MEDIUM_le100k
2764,SOLVED,TRAIN,SOLVED_NONE_le100k
2765,SOLVED,TEST,SOLVED_TRIVIAL_le10k
2766,SOLVED,TRAIN,SOLVED_TRIVIAL_le300k
2767,SOLVED,TRAIN,SOLVED_TRIVIAL_le100k
2768,SOLVED,TRAIN,SOLVED_TRIVIAL_le100k
2769,UNKNOWN,TRAIN,UNKNOWN_NONE_gt300k
2770,SOLVED,TEST,SOLVED_TRIVIAL_le300k
2771,SOLVED,TRAIN,SOLVED_TRIVIAL_le100k
2772,UNKNOWN,TRAIN,UNKNOWN_NONE_gt300k
2773,SOLVED,TRAIN,SOLVED_HARD_le100k
2774,SOLVED,TRAIN,SOLVED_NONE_le100k
2775,PROVEN_LOST,VALIDATION,PROVEN_LOST_NONE_gt300k
2776,SOLVED,TRAIN,SOLVED_TRIVIAL_le10k
2777,SOLVED,TRAIN,SOLVED_TRIVIAL_le100k
2778,SOLVED,TRAIN,SOLVED_NONE_le100k
2779,SOLVED,TEST,SOLVED_HARD_gt300k
2780,SOLVED,VALIDATION,SOLVED_HARD_le100k
2781,SOLVED,TRAIN,SOLVED_EXPERT_le100k
2782,SOLVED,TRAIN,SOLVED_TRIVIAL_le100k
2783,SOLVED,TRAIN,SOLVED_TRIVIAL_le300k
2784,UNKNOWN,TEST,UNKNOWN_NONE_gt300k
2785,UNKNOWN,VALIDATION,UNKNOWN_NONE_gt300k
2786,UNKNOWN,TRAIN,UNKNOWN_NONE_gt300k
2787,SOLVED,TRAIN,SOLVED_TRIVIAL_le100k
2788,PROVEN_LOST,TRAIN,PROVEN_LOST_NONE_gt300k
2789,SOLVED,TEST,SOLVED_NONE_le100k
2790,SOLVED,TRAIN,SOLVED_EASY_le100k
2791,SOLVED,TRAIN,SOLVED_TRIVIAL_le100k
2792,SOLVED,TRAIN,SOLVED_NONE_gt300k
2793,SOLVED,TRAIN,SOLVED_TRIVIAL_le100k
2794,SOLVED,TEST,SOLVED_NONE_gt300k
2795,SOLVED,TRAIN,SOLVED_TRIVIAL_le100k
2796,SOLVED,TRAIN,SOLVED_HARD_le300k
2797,SOLVED,TRAIN,SOLVED_TRIVIAL_le10k
2798,SOLVED,TRAIN,SOLVED_TRIVIAL_gt300k
2799,SOLVED,VALIDATION,SOLVED_TRIVIAL_le100k
2800,SOLVED,TRAIN,SOLVED_TRIVIAL_gt300k
2801,SOLVED,TRAIN,SOLVED_TRIVIAL_gt300k
2802,UNKNOWN,TRAIN,UNKNOWN_NONE_gt300k
2803,SOLVED,TEST,SOLVED_TRIVIAL_le100k
2804,SOLVED,VALIDATION,SOLVED_HARD_le100k
2805,SOLVED,TRAIN,SOLVED_TRIVIAL_le100k
2806,UNKNOWN,TRAIN,UNKNOWN_NONE_gt300k
2807,UNKNOWN,TRAIN,UNKNOWN_NONE_gt300k
2808,SOLVED,TEST,SOLVED_TRIVIAL_le100k
2809,SOLVED,VALIDATION,SOLVED_TRIVIAL_gt300k
2810,SOLVED,TRAIN,SOLVED_TRIVIAL_le100k
2811,SOLVED,TRAIN,SOLVED_TRIVIAL_le100k
2812,SOLVED,TRAIN,SOLVED_TRIVIAL_gt300k
2813,SOLVED,TEST,SOLVED_TRIVIAL_le100k
2814,SOLVED,VALIDATION,SOLVED_TRIVIAL_le100k
2815,SOLVED,TRAIN,SOLVED_TRIVIAL_le100k
2816,SOLVED,TRAIN,SOLVED_TRIVIAL_le300k
2817,SOLVED,TRAIN,SOLVED_TRIVIAL_gt300k
2818,SOLVED,TEST,SOLVED_HARD_le10k
2819,SOLVED,TRAIN,SOLVED_TRIVIAL_le100k
2820,SOLVED,TRAIN,SOLVED_TRIVIAL_gt300k
2821,SOLVED,TRAIN,SOLVED_TRIVIAL_le100k
2822,SOLVED,TRAIN,SOLVED_TRIVIAL_le10k
2823,SOLVED,VALIDATION,SOLVED_NONE_le100k
2824,SOLVED,TRAIN,SOLVED_TRIVIAL_le100k
2825,SOLVED,TRAIN,SOLVED_TRIVIAL_le10k
2826,SOLVED,TRAIN,SOLVED_TRIVIAL_gt300k
2827,SOLVED,TEST,SOLVED_TRIVIAL_le100k
2828,SOLVED,VALIDATION,SOLVED_NONE_gt300k
2829,SOLVED,TRAIN,SOLVED_NONE_le100k
2830,SOLVED,TRAIN,SOLVED_TRIVIAL_gt300k
2831,SOLVED,TRAIN,SOLVED_NONE_le100k
2832,UNKNOWN,TEST,UNKNOWN_NONE_gt300k
2833,SOLVED,VALIDATION,SOLVED_TRIVIAL_le100k
2834,SOLVED,TRAIN,SOLVED_TRIVIAL_le100k
2835,UNKNOWN,TRAIN,UNKNOWN_NONE_gt300k
2836,SOLVED,TRAIN,SOLVED_TRIVIAL_le100k
2837,SOLVED,TEST,SOLVED_TRIVIAL_le100k
2838,SOLVED,VALIDATION,SOLVED_NONE_le100k
2839,SOLVED,TRAIN,SOLVED_NONE_le100k
2840,SOLVED,TRAIN,SOLVED_TRIVIAL_le100k
2841,UNKNOWN,TRAIN,UNKNOWN_NONE_gt300k
2842,SOLVED,TEST,SOLVED_TRIVIAL_le10k
2843,SOLVED,TRAIN,SOLVED_HARD_le100k
2844,SOLVED,TRAIN,SOLVED_TRIVIAL_le100k
2845,SOLVED,TRAIN,SOLVED_TRIVIAL_le10k
2846,SOLVED,TRAIN,SOLVED_TRIVIAL_le100k
2847,SOLVED,VALIDATION,SOLVED_NONE_gt300k
2848,PROVEN_LOST,TRAIN,PROVEN_LOST_NONE_gt300k
2849,UNKNOWN,TRAIN,UNKNOWN_NONE_gt300k
2850,SOLVED,TRAIN,SOLVED_TRIVIAL_le100k
2851,SOLVED,TRAIN,SOLVED_NONE_le10k
2852,SOLVED,VALIDATION,SOLVED_HARD_gt300k
2853,SOLVED,TRAIN,SOLVED_TRIVIAL_le100k
2854,SOLVED,TRAIN,SOLVED_HARD_le100k
2855,SOLVED,TRAIN,SOLVED_EASY_gt300k
2856,SOLVED,TEST,SOLVED_TRIVIAL_le100k
2857,UNKNOWN,VALIDATION,UNKNOWN_NONE_gt300k
2858,SOLVED,TRAIN,SOLVED_EXPERT_le100k
2859,SOLVED,TRAIN,SOLVED_TRIVIAL_le100k
2860,SOLVED,TRAIN,SOLVED_TRIVIAL_le10k
2861,SOLVED,TEST,SOLVED_TRIVIAL_gt300k
2862,SOLVED,VALIDATION,SOLVED_NONE_le100k
2863,SOLVED,TRAIN,SOLVED_EASY_gt300k
2864,UNKNOWN,TRAIN,UNKNOWN_NONE_gt300k
2865,SOLVED,TRAIN,SOLVED_NONE_le100k
2866,SOLVED,TEST,SOLVED_TRIVIAL_gt300k
2867,SOLVED,TRAIN,SOLVED_NONE_gt300k
2868,SOLVED,TRAIN,SOLVED_TRIVIAL_le300k
2869,SOLVED,TRAIN,SOLVED_TRIVIAL_le100k
2870,SOLVED,TRAIN,SOLVED_TRIVIAL_le300k
2871,SOLVED,VALIDATION,SOLVED_TRIVIAL_le100k
2872,SOLVED,TRAIN,SOLVED_NONE_le100k
2873,SOLVED,TRAIN,SOLVED_TRIVIAL_le100k
2874,UNKNOWN,TRAIN,UNKNOWN_NONE_gt300k
2875,SOLVED,TRAIN,SOLVED_TRIVIAL_gt300k
2876,SOLVED,VALIDATION,SOLVED_TRIVIAL_gt300k
2877,SOLVED,TRAIN,SOLVED_TRIVIAL_le100k
2878,UNKNOWN,TRAIN,UNKNOWN_NONE_gt300k
2879,SOLVED,TRAIN,SOLVED_NONE_gt300k
2880,SOLVED,TEST,SOLVED_HARD_le100k
2881,SOLVED,VALIDATION,SOLVED_TRIVIAL_le100k
2882,SOLVED,TRAIN,SOLVED_TRIVIAL_le100k
2883,SOLVED,TRAIN,SOLVED_HARD_le100k
2884,SOLVED,TRAIN,SOLVED_NONE_gt300k
2885,SOLVED,TEST,SOLVED_TRIVIAL_gt300k
2886,SOLVED,VALIDATION,SOLVED_TRIVIAL_le300k
2887,SOLVED,TRAIN,SOLVED_HARD_le100k
2888,SOLVED,TRAIN,SOLVED_TRIVIAL_le100k
2889,SOLVED,TRAIN,SOLVED_TRIVIAL_gt300k
2890,SOLVED,TEST,SOLVED_NONE_le100k
2891,PROVEN_LOST,TRAIN,PROVEN_LOST_NONE_le300k
2892,SOLVED,TRAIN,SOLVED_TRIVIAL_le100k
2893,SOLVED,TRAIN,SOLVED_TRIVIAL_le10k
2894,SOLVED,TRAIN,SOLVED_TRIVIAL_le300k
2895,SOLVED,VALIDATION,SOLVED_TRIVIAL_le100k
2896,SOLVED,TRAIN,SOLVED_NONE_le300k
2897,SOLVED,TRAIN,SOLVED_HARD_le10k
2898,SOLVED,TRAIN,SOLVED_TRIVIAL_le100k
2899,SOLVED,TRAIN,SOLVED_TRIVIAL_le300k
2900,SOLVED,VALIDATION,SOLVED_TRIVIAL_le100k
2901,UNKNOWN,TRAIN,UNKNOWN_NONE_gt300k
2902,SOLVED,TRAIN,SOLVED_TRIVIAL_le100k
2903,UNKNOWN,TRAIN,UNKNOWN_NONE_gt300k
2904,SOLVED,TEST,SOLVED_TRIVIAL_le10k
2905,UNKNOWN,VALIDATION,UNKNOWN_NONE_gt300k
2906,UNKNOWN,TRAIN,UNKNOWN_NONE_gt300k
2907,SOLVED,TRAIN,SOLVED_NONE_gt300k
2908,SOLVED,TRAIN,SOLVED_NONE_le100k
2909,SOLVED,TEST,SOLVED_HARD_le300k
2910,SOLVED,VALIDATION,SOLVED_TRIVIAL_le300k
2911,SOLVED,TRAIN,SOLVED_NONE_le300k
2912,SOLVED,TRAIN,SOLVED_NONE_gt300k
2913,SOLVED,TRAIN,SOLVED_NONE_le300k
2914,UNKNOWN,TEST,UNKNOWN_NONE_gt300k
2915,UNKNOWN,TRAIN,UNKNOWN_NONE_gt300k
2916,SOLVED,TRAIN,SOLVED_EASY_le300k
2917,SOLVED,TRAIN,SOLVED_TRIVIAL_gt300k
2918,PROVEN_LOST,TRAIN,PROVEN_LOST_NONE_gt300k
2919,UNKNOWN,TEST,UNKNOWN_NONE_gt300k
2920,SOLVED,TRAIN,SOLVED_TRIVIAL_le100k
2921,SOLVED,TRAIN,SOLVED_NONE_le10k
2922,SOLVED,TRAIN,SOLVED_HARD_gt300k
2923,SOLVED,TRAIN,SOLVED_TRIVIAL_le100k
2924,SOLVED,VALIDATION,SOLVED_TRIVIAL_gt300k
2925,PROVEN_LOST,TRAIN,PROVEN_LOST_NONE_gt300k
2926,SOLVED,TRAIN,SOLVED_TRIVIAL_le10k
2927,SOLVED,TRAIN,SOLVED_TRIVIAL_le100k
2928,SOLVED,TEST,SOLVED_NONE_le300k
2929,SOLVED,VALIDATION,SOLVED_HARD_le100k
2930,SOLVED,TRAIN,SOLVED_HARD_le100k
2931,SOLVED,TRAIN,SOLVED_HARD_le10k
2932,SOLVED,TRAIN,SOLVED_EXPERT_gt300k
2933,SOLVED,TEST,SOLVED_TRIVIAL_le100k
2934,SOLVED,VALIDATION,SOLVED_TRIVIAL_le100k
2935,SOLVED,TRAIN,SOLVED_NONE_le100k
2936,SOLVED,TRAIN,SOLVED_EXPERT_le100k
2937,SOLVED,TRAIN,SOLVED_HARD_gt300k
2938,SOLVED,TEST,SOLVED_TRIVIAL_le100k
2939,SOLVED,TRAIN,SOLVED_TRIVIAL_le10k
2940,SOLVED,TRAIN,SOLVED_TRIVIAL_le10k
2941,SOLVED,TRAIN,SOLVED_TRIVIAL_le300k
2942,SOLVED,TRAIN,SOLVED_NONE_le100k
2943,SOLVED,TEST,SOLVED_TRIVIAL_le10k
2944,SOLVED,TRAIN,SOLVED_TRIVIAL_le100k
2945,SOLVED,TRAIN,SOLVED_TRIVIAL_le100k
2946,SOLVED,TRAIN,SOLVED_NONE_le100k
2947,SOLVED,TRAIN,SOLVED_TRIVIAL_le10k
2948,SOLVED,VALIDATION,SOLVED_TRIVIAL_le100k
2949,SOLVED,TRAIN,SOLVED_NONE_le100k
2950,SOLVED,TRAIN,SOLVED_TRIVIAL_le10k
2951,SOLVED,TRAIN,SOLVED_TRIVIAL_gt300k
2952,SOLVED,TEST,SOLVED_TRIVIAL_le10k
2953,SOLVED,VALIDATION,SOLVED_TRIVIAL_le100k
2954,SOLVED,TRAIN,SOLVED_TRIVIAL_le100k
2955,SOLVED,TRAIN,SOLVED_TRIVIAL_le100k
2956,SOLVED,TRAIN,SOLVED_NONE_le300k
2957,SOLVED,TEST,SOLVED_HARD_le100k
2958,SOLVED,VALIDATION,SOLVED_NONE_le300k
2959,SOLVED,TRAIN,SOLVED_TRIVIAL_gt300k
2960,SOLVED,TRAIN,SOLVED_TRIVIAL_le100k
2961,SOLVED,TRAIN,SOLVED_TRIVIAL_le300k
2962,SOLVED,TEST,SOLVED_TRIVIAL_le100k
2963,SOLVED,TRAIN,SOLVED_NONE_le100k
2964,SOLVED,TRAIN,SOLVED_TRIVIAL_le100k
2965,SOLVED,TRAIN,SOLVED_TRIVIAL_le100k
2966,SOLVED,TRAIN,SOLVED_TRIVIAL_le100k
2967,SOLVED,TEST,SOLVED_NONE_le10k
2968,SOLVED,TRAIN,SOLVED_HARD_le300k
2969,SOLVED,TRAIN,SOLVED_HARD_le10k
2970,SOLVED,TRAIN,SOLVED_TRIVIAL_le100k
2971,SOLVED,TRAIN,SOLVED_TRIVIAL_le100k
2972,SOLVED,VALIDATION,SOLVED_TRIVIAL_le100k
2973,SOLVED,TRAIN,SOLVED_TRIVIAL_le10k
2974,SOLVED,TRAIN,SOLVED_HARD_le10k
2975,SOLVED,TRAIN,SOLVED_HARD_le100k
2976,SOLVED,TEST,SOLVED_TRIVIAL_le300k
2977,SOLVED,VALIDATION,SOLVED_TRIVIAL_gt300k
2978,SOLVED,TRAIN,SOLVED_TRIVIAL_le100k
2979,SOLVED,TRAIN,SOLVED_TRIVIAL_le10k
2980,SOLVED,TRAIN,SOLVED_TRIVIAL_le100k
2981,SOLVED,TEST,SOLVED_TRIVIAL_le100k
2982,SOLVED,VALIDATION,SOLVED_HARD_gt300k
2983,SOLVED,TRAIN,SOLVED_HARD_le300k
2984,SOLVED,TRAIN,SOLVED_TRIVIAL_le100k
2985,UNKNOWN,TRAIN,UNKNOWN_NONE_gt300k
2986,UNKNOWN,TEST,UNKNOWN_NONE_gt300k
2987,SOLVED,VALIDATION,SOLVED_TRIVIAL_le100k
2988,SOLVED,TRAIN,SOLVED_EXPERT_le300k
2989,SOLVED,TRAIN,SOLVED_TRIVIAL_le10k
2990,SOLVED,TRAIN,SOLVED_EASY_le10k
2991,SOLVED,TEST,SOLVED_TRIVIAL_le300k
2992,SOLVED,TRAIN,SOLVED_TRIVIAL_le100k
2993,SOLVED,TRAIN,SOLVED_TRIVIAL_le10k
2994,SOLVED,TRAIN,SOLVED_TRIVIAL_gt300k
2995,SOLVED,TRAIN,SOLVED_TRIVIAL_le300k
2996,SOLVED,VALIDATION,SOLVED_TRIVIAL_le100k
2997,SOLVED,TRAIN,SOLVED_NONE_le10k
2998,SOLVED,TRAIN,SOLVED_TRIVIAL_le300k
2999,SOLVED,TRAIN,SOLVED_TRIVIAL_gt300k
3000,SOLVED,TEST,SOLVED_NONE_le100k
3001,SOLVED,VALIDATION,SOLVED_TRIVIAL_le100k
3002,SOLVED,TRAIN,SOLVED_NONE_gt300k
3003,SOLVED,TRAIN,SOLVED_NONE_le100k
3004,UNKNOWN,TRAIN,UNKNOWN_NONE_gt300k
3005,UNKNOWN,TEST,UNKNOWN_NONE_gt300k
3006,SOLVED,VALIDATION,SOLVED_TRIVIAL_le10k
3007,SOLVED,TRAIN,SOLVED_TRIVIAL_le300k
3008,SOLVED,TRAIN,SOLVED_TRIVIAL_le100k
3009,UNKNOWN,TRAIN,UNKNOWN_NONE_gt300k
3010,SOLVED,TEST,SOLVED_TRIVIAL_le100k
3011,SOLVED,VALIDATION,SOLVED_TRIVIAL_le300k
3012,SOLVED,TRAIN,SOLVED_TRIVIAL_gt300k
3013,SOLVED,TRAIN,SOLVED_NONE_le100k
3014,SOLVED,TRAIN,SOLVED_TRIVIAL_le100k
3015,SOLVED,TEST,SOLVED_TRIVIAL_le100k
3016,SOLVED,TRAIN,SOLVED_TRIVIAL_le10k
3017,SOLVED,TRAIN,SOLVED_NONE_le100k
3018,UNKNOWN,TRAIN,UNKNOWN_NONE_gt300k
3019,SOLVED,TRAIN,SOLVED_TRIVIAL_le300k
3020,UNKNOWN,VALIDATION,UNKNOWN_NONE_gt300k
3021,SOLVED,TRAIN,SOLVED_TRIVIAL_le10k
3022,SOLVED,TRAIN,SOLVED_NONE_le300k
3023,SOLVED,TRAIN,SOLVED_TRIVIAL_le100k
3024,SOLVED,TRAIN,SOLVED_TRIVIAL_le300k
3025,SOLVED,VALIDATION,SOLVED_TRIVIAL_le100k
3026,SOLVED,TRAIN,SOLVED_NONE_le100k
3027,SOLVED,TRAIN,SOLVED_TRIVIAL_le100k
3028,SOLVED,TRAIN,SOLVED_TRIVIAL_le100k
3029,SOLVED,TEST,SOLVED_TRIVIAL_gt300k
3030,SOLVED,VALIDATION,SOLVED_TRIVIAL_le100k
3031,SOLVED,TRAIN,SOLVED_TRIVIAL_le100k
3032,SOLVED,TRAIN,SOLVED_NONE_le100k
3033,SOLVED,TRAIN,SOLVED_NONE_le10k
3034,SOLVED,TEST,SOLVED_TRIVIAL_gt300k
3035,SOLVED,VALIDATION,SOLVED_TRIVIAL_le100k
3036,SOLVED,TRAIN,SOLVED_TRIVIAL_le300k
3037,SOLVED,TRAIN,SOLVED_TRIVIAL_le100k
3038,SOLVED,TRAIN,SOLVED_TRIVIAL_le100k
3039,UNKNOWN,TEST,UNKNOWN_NONE_gt300k
3040,SOLVED,TRAIN,SOLVED_NONE_le100k
3041,SOLVED,TRAIN,SOLVED_NONE_le10k
3042,UNKNOWN,TRAIN,UNKNOWN_NONE_gt300k
3043,SOLVED,TRAIN,SOLVED_TRIVIAL_gt300k
3044,SOLVED,VALIDATION,SOLVED_NONE_le100k
3045,UNKNOWN,TRAIN,UNKNOWN_NONE_gt300k
3046,SOLVED,TRAIN,SOLVED_TRIVIAL_le100k
3047,SOLVED,TRAIN,SOLVED_TRIVIAL_le100k
3048,SOLVED,TRAIN,SOLVED_HARD_le100k
3049,SOLVED,VALIDATION,SOLVED_TRIVIAL_gt300k
3050,PROVEN_LOST,TRAIN,PROVEN_LOST_NONE_le300k
3051,SOLVED,TRAIN,SOLVED_TRIVIAL_le100k
3052,SOLVED,TRAIN,SOLVED_HARD_le100k
3053,SOLVED,TEST,SOLVED_EXPERT_le100k
3054,SOLVED,VALIDATION,SOLVED_TRIVIAL_le10k
3055,SOLVED,TRAIN,SOLVED_NONE_le100k
3056,SOLVED,TRAIN,SOLVED_HARD_le10k
3057,SOLVED,TRAIN,SOLVED_TRIVIAL_le100k
3058,SOLVED,TEST,SOLVED_TRIVIAL_le10k
3059,UNKNOWN,VALIDATION,UNKNOWN_NONE_gt300k
3060,PROVEN_LOST,TRAIN,PROVEN_LOST_NONE_gt300k
3061,SOLVED,TRAIN,SOLVED_EASY_le100k
3062,SOLVED,TRAIN,SOLVED_NONE_le300k
3063,SOLVED,TEST,SOLVED_TRIVIAL_gt300k
3064,SOLVED,TRAIN,SOLVED_TRIVIAL_le100k
3065,SOLVED,TRAIN,SOLVED_TRIVIAL_le100k
3066,SOLVED,TRAIN,SOLVED_HARD_gt300k
3067,SOLVED,TRAIN,SOLVED_TRIVIAL_le100k
3068,SOLVED,VALIDATION,SOLVED_NONE_gt300k
3069,SOLVED,TRAIN,SOLVED_TRIVIAL_le100k
3070,SOLVED,TRAIN,SOLVED_TRIVIAL_le10k
3071,SOLVED,TRAIN,SOLVED_TRIVIAL_le100k
3072,SOLVED,TRAIN,SOLVED_TRIVIAL_gt300k
3073,SOLVED,VALIDATION,SOLVED_TRIVIAL_gt300k
3074,SOLVED,TRAIN,SOLVED_TRIVIAL_gt300k
3075,UNKNOWN,TRAIN,UNKNOWN_NONE_gt300k
3076,SOLVED,TRAIN,SOLVED_TRIVIAL_le100k
3077,SOLVED,TEST,SOLVED_HARD_le100k
3078,SOLVED,VALIDATION,SOLVED_TRIVIAL_le100k
3079,UNKNOWN,TRAIN,UNKNOWN_NONE_gt300k
3080,SOLVED,TRAIN,SOLVED_TRIVIAL_le100k
3081,SOLVED,TRAIN,SOLVED_TRIVIAL_le100k
3082,SOLVED,TEST,SOLVED_TRIVIAL_le10k
3083,SOLVED,VALIDATION,SOLVED_NONE_gt300k
3084,SOLVED,TRAIN,SOLVED_TRIVIAL_le100k
3085,SOLVED,TRAIN,SOLVED_NONE_gt300k
3086,SOLVED,TRAIN,SOLVED_HARD_le100k
3087,UNKNOWN,TEST,UNKNOWN_NONE_gt300k
3088,SOLVED,TRAIN,SOLVED_NONE_le100k
3089,SOLVED,TRAIN,SOLVED_HARD_le300k
3090,SOLVED,TRAIN,SOLVED_TRIVIAL_le100k
3091,SOLVED,TRAIN,SOLVED_TRIVIAL_gt300k
3092,SOLVED,TEST,SOLVED_TRIVIAL_gt300k
3093,SOLVED,TRAIN,SOLVED_TRIVIAL_le100k
3094,SOLVED,TRAIN,SOLVED_TRIVIAL_gt300k
3095,UNKNOWN,TRAIN,UNKNOWN_NONE_gt300k
3096,UNKNOWN,TRAIN,UNKNOWN_NONE_gt300k
3097,SOLVED,VALIDATION,SOLVED_HARD_le100k
3098,SOLVED,TRAIN,SOLVED_NONE_le300k
3099,SOLVED,TRAIN,SOLVED_NONE_le10k
3100,SOLVED,TRAIN,SOLVED_NONE_le300k
3101,UNKNOWN,TEST,UNKNOWN_NONE_gt300k
3102,UNKNOWN,VALIDATION,UNKNOWN_NONE_gt300k
3103,SOLVED,TRAIN,SOLVED_NONE_le300k
3104,SOLVED,TRAIN,SOLVED_NONE_le100k
3105,SOLVED,TRAIN,SOLVED_EASY_gt300k
3106,SOLVED,TEST,SOLVED_EXPERT_gt300k
3107,SOLVED,VALIDATION,SOLVED_HARD_le10k
3108,UNKNOWN,TRAIN,UNKNOWN_NONE_gt300k
3109,UNKNOWN,TRAIN,UNKNOWN_NONE_gt300k
3110,SOLVED,TRAIN,SOLVED_NONE_le100k
3111,SOLVED,TEST,SOLVED_NONE_gt300k
3112,SOLVED,TRAIN,SOLVED_TRIVIAL_le300k
3113,SOLVED,TRAIN,SOLVED_TRIVIAL_le100k
3114,SOLVED,TRAIN,SOLVED_TRIVIAL_le100k
3115,SOLVED,TRAIN,SOLVED_NONE_le100k
3116,SOLVED,TEST,SOLVED_HARD_le300k
3117,SOLVED,TRAIN,SOLVED_NONE_gt300k
3118,UNKNOWN,TRAIN,UNKNOWN_NONE_gt300k
3119,SOLVED,TRAIN,SOLVED_TRIVIAL_le100k
3120,PROVEN_LOST,TRAIN,PROVEN_LOST_NONE_gt300k
3121,SOLVED,VALIDATION,SOLVED_TRIVIAL_le100k
3122,SOLVED,TRAIN,SOLVED_TRIVIAL_le100k
3123,SOLVED,TRAIN,SOLVED_TRIVIAL_le100k
3124,SOLVED,TRAIN,SOLVED_TRIVIAL_le100k
3125,SOLVED,TEST,SOLVED_TRIVIAL_le300k
3126,SOLVED,VALIDATION,SOLVED_NONE_gt300k
3127,SOLVED,TRAIN,SOLVED_HARD_le100k
3128,SOLVED,TRAIN,SOLVED_TRIVIAL_gt300k
3129,SOLVED,TRAIN,SOLVED_TRIVIAL_le100k
3130,SOLVED,TEST,SOLVED_TRIVIAL_le100k
3131,SOLVED,VALIDATION,SOLVED_NONE_le300k
3132,SOLVED,TRAIN,SOLVED_TRIVIAL_le300k
3133,UNKNOWN,TRAIN,UNKNOWN_NONE_gt300k
3134,UNKNOWN,TRAIN,UNKNOWN_NONE_gt300k
3135,SOLVED,TEST,SOLVED_NONE_le100k
3136,SOLVED,TRAIN,SOLVED_TRIVIAL_le100k
3137,UNKNOWN,TRAIN,UNKNOWN_NONE_gt300k
3138,UNKNOWN,TRAIN,UNKNOWN_NONE_gt300k
3139,SOLVED,TRAIN,SOLVED_NONE_le10k
3140,SOLVED,TEST,SOLVED_EASY_le300k
3141,SOLVED,TRAIN,SOLVED_TRIVIAL_le100k
3142,SOLVED,TRAIN,SOLVED_TRIVIAL_le100k
3143,SOLVED,TRAIN,SOLVED_TRIVIAL_gt300k
3144,PROVEN_LOST,TRAIN,PROVEN_LOST_NONE_gt300k
3145,SOLVED,VALIDATION,SOLVED_TRIVIAL_le10k
3146,SOLVED,TRAIN,SOLVED_HARD_le100k
3147,SOLVED,TRAIN,SOLVED_HARD_le100k
3148,SOLVED,TRAIN,SOLVED_TRIVIAL_le100k
3149,SOLVED,TEST,SOLVED_EASY_gt300k
3150,SOLVED,VALIDATION,SOLVED_TRIVIAL_le300k
3151,SOLVED,TRAIN,SOLVED_TRIVIAL_le300k
3152,SOLVED,TRAIN,SOLVED_TRIVIAL_le100k
3153,UNKNOWN,TRAIN,UNKNOWN_NONE_gt300k
3154,SOLVED,TEST,SOLVED_NONE_le100k
3155,SOLVED,VALIDATION,SOLVED_NONE_le300k
3156,SOLVED,TRAIN,SOLVED_NONE_le300k
3157,SOLVED,TRAIN,SOLVED_NONE_le100k
3158,SOLVED,TRAIN,SOLVED_TRIVIAL_le100k
3159,SOLVED,TEST,SOLVED_TRIVIAL_le300k
3160,SOLVED,VALIDATION,SOLVED_TRIVIAL_le100k
3161,SOLVED,TRAIN,SOLVED_TRIVIAL_le100k
3162,SOLVED,TRAIN,SOLVED_HARD_le100k
3163,SOLVED,TRAIN,SOLVED_TRIVIAL_le100k
3164,SOLVED,TEST,SOLVED_TRIVIAL_le100k
3165,SOLVED,TRAIN,SOLVED_NONE_le100k
3166,SOLVED,TRAIN,SOLVED_TRIVIAL_le10k
3167,SOLVED,TRAIN,SOLVED_NONE_gt300k
3168,SOLVED,TRAIN,SOLVED_TRIVIAL_le300k
3169,SOLVED,VALIDATION,SOLVED_TRIVIAL_le100k
3170,UNKNOWN,TRAIN,UNKNOWN_NONE_gt300k
3171,SOLVED,TRAIN,SOLVED_NONE_le100k
3172,SOLVED,TRAIN,SOLVED_TRIVIAL_le10k
3173,SOLVED,TEST,SOLVED_NONE_gt300k
3174,SOLVED,VALIDATION,SOLVED_EASY_le100k
3175,SOLVED,TRAIN,SOLVED_TRIVIAL_le300k
3176,SOLVED,TRAIN,SOLVED_TRIVIAL_le100k
3177,SOLVED,TRAIN,SOLVED_HARD_le300k
3178,SOLVED,TEST,SOLVED_TRIVIAL_gt300k
3179,SOLVED,VALIDATION,SOLVED_TRIVIAL_le10k
3180,SOLVED,TRAIN,SOLVED_TRIVIAL_le300k
3181,SOLVED,TRAIN,SOLVED_TRIVIAL_le10k
3182,SOLVED,TRAIN,SOLVED_TRIVIAL_gt300k
3183,UNKNOWN,TEST,UNKNOWN_NONE_gt300k
3184,SOLVED,VALIDATION,SOLVED_TRIVIAL_gt300k
3185,SOLVED,TRAIN,SOLVED_TRIVIAL_le100k
3186,UNKNOWN,TRAIN,UNKNOWN_NONE_gt300k
3187,UNKNOWN,TRAIN,UNKNOWN_NONE_gt300k
3188,SOLVED,TEST,SOLVED_TRIVIAL_le300k
3189,SOLVED,TRAIN,SOLVED_TRIVIAL_le10k
3190,SOLVED,TRAIN,SOLVED_TRIVIAL_le300k
3191,SOLVED,TRAIN,SOLVED_HARD_le10k
3192,SOLVED,TRAIN,SOLVED_TRIVIAL_le100k
3193,SOLVED,VALIDATION,SOLVED_TRIVIAL_le10k
3194,SOLVED,TRAIN,SOLVED_EXPERT_gt300k
3195,SOLVED,TRAIN,SOLVED_NONE_le300k
3196,SOLVED,TRAIN,SOLVED_TRIVIAL_gt300k
3197,SOLVED,TRAIN,SOLVED_HARD_le10k
3198,SOLVED,VALIDATION,SOLVED_TRIVIAL_le100k
3199,SOLVED,TRAIN,SOLVED_EASY_gt300k
3200,SOLVED,TRAIN,SOLVED_TRIVIAL_le100k
3201,UNKNOWN,TRAIN,UNKNOWN_NONE_gt300k
3202,SOLVED,TEST,SOLVED_HARD_le100k
3203,SOLVED,VALIDATION,SOLVED_HARD_le100k
3204,SOLVED,TRAIN,SOLVED_TRIVIAL_le100k
3205,UNKNOWN,TRAIN,UNKNOWN_NONE_gt300k
3206,SOLVED,TRAIN,SOLVED_TRIVIAL_le10k
3207,UNKNOWN,TEST,UNKNOWN_NONE_gt300k
3208,SOLVED,VALIDATION,SOLVED_TRIVIAL_le100k
3209,SOLVED,TRAIN,SOLVED_TRIVIAL_le10k
3210,SOLVED,TRAIN,SOLVED_TRIVIAL_gt300k
3211,SOLVED,TRAIN,SOLVED_TRIVIAL_le300k
3212,SOLVED,TEST,SOLVED_TRIVIAL_le10k
3213,SOLVED,TRAIN,SOLVED_TRIVIAL_le10k
3214,SOLVED,TRAIN,SOLVED_TRIVIAL_le100k
3215,UNKNOWN,TRAIN,UNKNOWN_NONE_gt300k
3216,SOLVED,TRAIN,SOLVED_NONE_le100k
3217,SOLVED,VALIDATION,SOLVED_TRIVIAL_gt300k
3218,SOLVED,TRAIN,SOLVED_TRIVIAL_le100k
3219,SOLVED,TRAIN,SOLVED_HARD_gt300k
3220,SOLVED,TRAIN,SOLVED_TRIVIAL_le100k
3221,SOLVED,TRAIN,SOLVED_TRIVIAL_le100k
3222,SOLVED,VALIDATION,SOLVED_HARD_gt300k
3223,SOLVED,TRAIN,SOLVED_TRIVIAL_le100k
3224,SOLVED,TRAIN,SOLVED_TRIVIAL_gt300k
3225,SOLVED,TRAIN,SOLVED_TRIVIAL_le100k
3226,SOLVED,TEST,SOLVED_NONE_le100k
3227,SOLVED,VALIDATION,SOLVED_HARD_gt300k
3228,SOLVED,TRAIN,SOLVED_HARD_le100k
3229,SOLVED,TRAIN,SOLVED_TRIVIAL_le100k
3230,SOLVED,TRAIN,SOLVED_TRIVIAL_le10k
3231,SOLVED,TEST,SOLVED_TRIVIAL_gt300k
3232,UNKNOWN,VALIDATION,UNKNOWN_NONE_gt300k
3233,SOLVED,TRAIN,SOLVED_NONE_gt300k
3234,UNKNOWN,TRAIN,UNKNOWN_NONE_gt300k
3235,SOLVED,TRAIN,SOLVED_EASY_le100k
3236,SOLVED,TEST,SOLVED_TRIVIAL_le300k
3237,SOLVED,TRAIN,SOLVED_NONE_le100k
3238,SOLVED,TRAIN,SOLVED_TRIVIAL_gt300k
3239,SOLVED,TRAIN,SOLVED_NONE_le10k
3240,SOLVED,TRAIN,SOLVED_NONE_gt300k
3241,SOLVED,VALIDATION,SOLVED_NONE_le100k
3242,UNKNOWN,TRAIN,UNKNOWN_NONE_gt300k
3243,UNKNOWN,TRAIN,UNKNOWN_NONE_gt300k
3244,SOLVED,TRAIN,SOLVED_HARD_le100k
3245,SOLVED,TRAIN,SOLVED_NONE_le100k
3246,SOLVED,VALIDATION,SOLVED_HARD_le100k
3247,SOLVED,TRAIN,SOLVED_NONE_gt300k
3248,SOLVED,TRAIN,SOLVED_NONE_le100k
3249,SOLVED,TRAIN,SOLVED_TRIVIAL_le10k
3250,SOLVED,TEST,SOLVED_TRIVIAL_le100k
3251,SOLVED,VALIDATION,SOLVED_EASY_le100k
3252,SOLVED,TRAIN,SOLVED_TRIVIAL_le100k
3253,SOLVED,TRAIN,SOLVED_TRIVIAL_le10k
3254,SOLVED,TRAIN,SOLVED_TRIVIAL_le100k
3255,SOLVED,TEST,SOLVED_TRIVIAL_le100k
3256,UNKNOWN,VALIDATION,UNKNOWN_NONE_gt300k
3257,SOLVED,TRAIN,SOLVED_NONE_gt300k
3258,SOLVED,TRAIN,SOLVED_TRIVIAL_gt300k
3259,SOLVED,TRAIN,SOLVED_TRIVIAL_le100k
3260,SOLVED,TEST,SOLVED_TRIVIAL_le100k
3261,SOLVED,TRAIN,SOLVED_TRIVIAL_le100k
3262,SOLVED,TRAIN,SOLVED_TRIVIAL_gt300k
3263,SOLVED,TRAIN,SOLVED_HARD_le100k
3264,SOLVED,TRAIN,SOLVED_TRIVIAL_le100k
3265,UNKNOWN,TEST,UNKNOWN_NONE_gt300k
3266,SOLVED,TRAIN,SOLVED_TRIVIAL_le100k
3267,SOLVED,TRAIN,SOLVED_HARD_le100k
3268,UNKNOWN,TRAIN,UNKNOWN_NONE_gt300k
3269,SOLVED,TRAIN,SOLVED_TRIVIAL_gt300k
3270,SOLVED,VALIDATION,SOLVED_TRIVIAL_le100k
3271,SOLVED,TRAIN,SOLVED_TRIVIAL_le300k
3272,SOLVED,TRAIN,SOLVED_HARD_le100k
3273,SOLVED,TRAIN,SOLVED_TRIVIAL_gt300k
3274,UNKNOWN,TEST,UNKNOWN_NONE_gt300k
3275,SOLVED,VALIDATION,SOLVED_EXPERT_gt300k
3276,SOLVED,TRAIN,SOLVED_NONE_le300k
3277,SOLVED,TRAIN,SOLVED_NONE_le300k
3278,SOLVED,TRAIN,SOLVED_HARD_le100k
3279,SOLVED,TEST,SOLVED_EXPERT_le10k
3280,SOLVED,VALIDATION,SOLVED_TRIVIAL_le300k
3281,SOLVED,TRAIN,SOLVED_TRIVIAL_le100k
3282,SOLVED,TRAIN,SOLVED_TRIVIAL_le300k
3283,UNKNOWN,TRAIN,UNKNOWN_NONE_gt300k
3284,SOLVED,TEST,SOLVED_TRIVIAL_le100k
3285,UNKNOWN,TRAIN,UNKNOWN_NONE_gt300k
3286,UNKNOWN,TRAIN,UNKNOWN_NONE_gt300k
3287,SOLVED,TRAIN,SOLVED_TRIVIAL_le300k
3288,SOLVED,TRAIN,SOLVED_TRIVIAL_le100k
3289,SOLVED,TEST,SOLVED_NONE_le300k
3290,SOLVED,TRAIN,SOLVED_TRIVIAL_le100k
3291,UNKNOWN,TRAIN,UNKNOWN_NONE_gt300k
3292,SOLVED,TRAIN,SOLVED_TRIVIAL_le100k
3293,SOLVED,TRAIN,SOLVED_TRIVIAL_le100k
3294,SOLVED,VALIDATION,SOLVED_TRIVIAL_le100k
3295,SOLVED,TRAIN,SOLVED_NONE_le10k
3296,SOLVED,TRAIN,SOLVED_TRIVIAL_le100k
3297,SOLVED,TRAIN,SOLVED_NONE_le100k
3298,SOLVED,TEST,SOLVED_TRIVIAL_gt300k
3299,SOLVED,VALIDATION,SOLVED_TRIVIAL_le100k
3300,SOLVED,TRAIN,SOLVED_TRIVIAL_le300k
3301,SOLVED,TRAIN,SOLVED_EASY_le300k
3302,SOLVED,TRAIN,SOLVED_NONE_gt300k
3303,SOLVED,TEST,SOLVED_HARD_gt300k
3304,SOLVED,VALIDATION,SOLVED_TRIVIAL_le100k
3305,SOLVED,TRAIN,SOLVED_HARD_le100k
3306,SOLVED,TRAIN,SOLVED_TRIVIAL_le100k
3307,SOLVED,TRAIN,SOLVED_TRIVIAL_gt300k
3308,SOLVED,TEST,SOLVED_EXPERT_le100k
3309,SOLVED,TRAIN,SOLVED_TRIVIAL_le10k
3310,SOLVED,TRAIN,SOLVED_NONE_le100k
3311,SOLVED,TRAIN,SOLVED_NONE_le100k
3312,SOLVED,TRAIN,SOLVED_TRIVIAL_le100k
3313,SOLVED,TEST,SOLVED_TRIVIAL_le100k
3314,SOLVED,TRAIN,SOLVED_NONE_le100k
3315,SOLVED,TRAIN,SOLVED_TRIVIAL_le100k
3316,SOLVED,TRAIN,SOLVED_TRIVIAL_le10k
3317,SOLVED,TRAIN,SOLVED_TRIVIAL_le300k
3318,SOLVED,VALIDATION,SOLVED_NONE_le100k
3319,SOLVED,TRAIN,SOLVED_TRIVIAL_gt300k
3320,SOLVED,TRAIN,SOLVED_TRIVIAL_le100k
3321,SOLVED,TRAIN,SOLVED_TRIVIAL_le100k
3322,SOLVED,TEST,SOLVED_TRIVIAL_gt300k
3323,SOLVED,VALIDATION,SOLVED_NONE_le300k
3324,PROVEN_LOST,TRAIN,PROVEN_LOST_NONE_le300k
3325,UNKNOWN,TRAIN,UNKNOWN_NONE_gt300k
3326,SOLVED,TRAIN,SOLVED_TRIVIAL_le100k
3327,SOLVED,TEST,SOLVED_HARD_le100k
3328,SOLVED,VALIDATION,SOLVED_TRIVIAL_le100k
3329,SOLVED,TRAIN,SOLVED_TRIVIAL_le10k
3330,SOLVED,TRAIN,SOLVED_TRIVIAL_le300k
3331,SOLVED,TRAIN,SOLVED_HARD_gt300k
3332,SOLVED,TEST,SOLVED_TRIVIAL_le100k
3333,SOLVED,VALIDATION,SOLVED_HARD_le300k
3334,SOLVED,TRAIN,SOLVED_TRIVIAL_le100k
3335,SOLVED,TRAIN,SOLVED_TRIVIAL_gt300k
3336,SOLVED,TRAIN,SOLVED_TRIVIAL_le100k
3337,SOLVED,TEST,SOLVED_EASY_le100k
3338,SOLVED,TRAIN,SOLVED_HARD_gt300k
3339,SOLVED,TRAIN,SOLVED_TRIVIAL_le100k
3340,SOLVED,TRAIN,SOLVED_TRIVIAL_gt300k
3341,SOLVED,TRAIN,SOLVED_TRIVIAL_le100k
3342,SOLVED,VALIDATION,SOLVED_TRIVIAL_le100k
3343,SOLVED,TRAIN,SOLVED_TRIVIAL_le100k
3344,UNKNOWN,TRAIN,UNKNOWN_NONE_gt300k
3345,SOLVED,TRAIN,SOLVED_TRIVIAL_le10k
3346,SOLVED,TEST,SOLVED_HARD_le100k
3347,SOLVED,VALIDATION,SOLVED_TRIVIAL_le100k
3348,SOLVED,TRAIN,SOLVED_TRIVIAL_le100k
3349,SOLVED,TRAIN,SOLVED_EASY_le100k
3350,SOLVED,TRAIN,SOLVED_TRIVIAL_le10k
3351,SOLVED,TEST,SOLVED_TRIVIAL_le100k
3352,SOLVED,VALIDATION,SOLVED_TRIVIAL_le300k
3353,SOLVED,TRAIN,SOLVED_TRIVIAL_gt300k
3354,SOLVED,TRAIN,SOLVED_EASY_gt300k
3355,SOLVED,TRAIN,SOLVED_TRIVIAL_le10k
3356,SOLVED,TEST,SOLVED_TRIVIAL_le10k
3357,SOLVED,VALIDATION,SOLVED_HARD_le100k
3358,SOLVED,TRAIN,SOLVED_TRIVIAL_le100k
3359,SOLVED,TRAIN,SOLVED_TRIVIAL_le10k
3360,SOLVED,TRAIN,SOLVED_TRIVIAL_le10k
3361,SOLVED,TEST,SOLVED_NONE_gt300k
3362,SOLVED,TRAIN,SOLVED_TRIVIAL_le100k
3363,SOLVED,TRAIN,SOLVED_TRIVIAL_le100k
3364,SOLVED,TRAIN,SOLVED_TRIVIAL_le300k
3365,SOLVED,TRAIN,SOLVED_TRIVIAL_le100k
3366,SOLVED,VALIDATION,SOLVED_HARD_le10k
3367,SOLVED,TRAIN,SOLVED_NONE_le100k
3368,UNKNOWN,TRAIN,UNKNOWN_NONE_gt300k
3369,SOLVED,TRAIN,SOLVED_NONE_le10k
3370,UNKNOWN,TRAIN,UNKNOWN_NONE_gt300k
3371,SOLVED,VALIDATION,SOLVED_TRIVIAL_le100k
3372,SOLVED,TRAIN,SOLVED_TRIVIAL_le100k
3373,SOLVED,TRAIN,SOLVED_NONE_gt300k
3374,UNKNOWN,TRAIN,UNKNOWN_NONE_gt300k
3375,UNKNOWN,TEST,UNKNOWN_NONE_gt300k
3376,UNKNOWN,VALIDATION,UNKNOWN_NONE_gt300k
3377,SOLVED,TRAIN,SOLVED_NONE_le300k
3378,SOLVED,TRAIN,SOLVED_TRIVIAL_le100k
3379,SOLVED,TRAIN,SOLVED_HARD_le300k
3380,SOLVED,TEST,SOLVED_TRIVIAL_le100k
3381,SOLVED,VALIDATION,SOLVED_TRIVIAL_le100k
3382,SOLVED,TRAIN,SOLVED_TRIVIAL_le300k
3383,SOLVED,TRAIN,SOLVED_TRIVIAL_le100k
3384,SOLVED,TRAIN,SOLVED_NONE_le100k
3385,SOLVED,TEST,SOLVED_EASY_le100k
3386,SOLVED,TRAIN,SOLVED_TRIVIAL_le300k
3387,SOLVED,TRAIN,SOLVED_HARD_le300k
3388,SOLVED,TRAIN,SOLVED_TRIVIAL_le10k
3389,SOLVED,TRAIN,SOLVED_TRIVIAL_le10k
3390,SOLVED,VALIDATION,SOLVED_NONE_le300k
3391,SOLVED,TRAIN,SOLVED_NONE_le300k
3392,SOLVED,TRAIN,SOLVED_TRIVIAL_gt300k
3393,SOLVED,TRAIN,SOLVED_HARD_gt300k
3394,SOLVED,TRAIN,SOLVED_NONE_gt300k
3395,SOLVED,VALIDATION,SOLVED_NONE_gt300k
3396,SOLVED,TRAIN,SOLVED_TRIVIAL_gt300k
3397,SOLVED,TRAIN,SOLVED_TRIVIAL_le100k
3398,UNKNOWN,TRAIN,UNKNOWN_NONE_gt300k
3399,SOLVED,TEST,SOLVED_TRIVIAL_le100k
3400,SOLVED,VALIDATION,SOLVED_NONE_le100k
3401,UNKNOWN,TRAIN,UNKNOWN_NONE_gt300k
3402,SOLVED,TRAIN,SOLVED_NONE_le100k
3403,UNKNOWN,TRAIN,UNKNOWN_NONE_gt300k
3404,SOLVED,TEST,SOLVED_TRIVIAL_le100k
3405,SOLVED,VALIDATION,SOLVED_TRIVIAL_le300k
3406,SOLVED,TRAIN,SOLVED_HARD_gt300k
3407,SOLVED,TRAIN,SOLVED_NONE_gt300k
3408,SOLVED,TRAIN,SOLVED_TRIVIAL_le10k
3409,UNKNOWN,TEST,UNKNOWN_NONE_gt300k
3410,SOLVED,TRAIN,SOLVED_HARD_le100k
3411,SOLVED,TRAIN,SOLVED_EXPERT_le100k
3412,SOLVED,TRAIN,SOLVED_TRIVIAL_gt300k
3413,SOLVED,TRAIN,SOLVED_TRIVIAL_le100k
3414,SOLVED,VALIDATION,SOLVED_TRIVIAL_le300k
3415,SOLVED,TRAIN,SOLVED_TRIVIAL_le100k
3416,SOLVED,TRAIN,SOLVED_TRIVIAL_le100k
3417,UNKNOWN,TRAIN,UNKNOWN_NONE_gt300k
3418,SOLVED,TRAIN,SOLVED_TRIVIAL_le100k
3419,SOLVED,VALIDATION,SOLVED_HARD_gt300k
3420,SOLVED,TRAIN,SOLVED_EXPERT_le100k
3421,SOLVED,TRAIN,SOLVED_HARD_le100k
3422,SOLVED,TRAIN,SOLVED_TRIVIAL_gt300k
3423,SOLVED,TEST,SOLVED_TRIVIAL_gt300k
3424,SOLVED,VALIDATION,SOLVED_HARD_le100k
3425,SOLVED,TRAIN,SOLVED_TRIVIAL_le100k
3426,PROVEN_LOST,TRAIN,PROVEN_LOST_NONE_gt300k
3427,SOLVED,TRAIN,SOLVED_TRIVIAL_gt300k
3428,SOLVED,TEST,SOLVED_HARD_le10k
3429,SOLVED,VALIDATION,SOLVED_NONE_le10k
3430,SOLVED,TRAIN,SOLVED_TRIVIAL_le10k
3431,SOLVED,TRAIN,SOLVED_NONE_le100k
3432,SOLVED,TRAIN,SOLVED_NONE_le100k
3433,SOLVED,TEST,SOLVED_TRIVIAL_le100k
3434,SOLVED,TRAIN,SOLVED_TRIVIAL_le100k
3435,SOLVED,TRAIN,SOLVED_TRIVIAL_le10k
3436,SOLVED,TRAIN,SOLVED_TRIVIAL_le300k
3437,SOLVED,TRAIN,SOLVED_TRIVIAL_le10k
3438,SOLVED,TEST,SOLVED_TRIVIAL_le100k
3439,SOLVED,TRAIN,SOLVED_NONE_le100k
3440,SOLVED,TRAIN,SOLVED_TRIVIAL_gt300k
3441,SOLVED,TRAIN,SOLVED_TRIVIAL_le10k
3442,UNKNOWN,TRAIN,UNKNOWN_NONE_gt300k
3443,SOLVED,VALIDATION,SOLVED_NONE_le10k
3444,SOLVED,TRAIN,SOLVED_HARD_gt300k
3445,UNKNOWN,TRAIN,UNKNOWN_NONE_gt300k
3446,SOLVED,TRAIN,SOLVED_TRIVIAL_le100k
3447,SOLVED,TEST,SOLVED_TRIVIAL_le100k
3448,SOLVED,VALIDATION,SOLVED_TRIVIAL_le100k
3449,SOLVED,TRAIN,SOLVED_TRIVIAL_le100k
3450,UNKNOWN,TRAIN,UNKNOWN_NONE_gt300k
3451,SOLVED,TRAIN,SOLVED_EXPERT_le100k
3452,UNKNOWN,TEST,UNKNOWN_NONE_gt300k
3453,SOLVED,VALIDATION,SOLVED_TRIVIAL_le300k
3454,SOLVED,TRAIN,SOLVED_TRIVIAL_le100k
3455,SOLVED,TRAIN,SOLVED_HARD_gt300k
3456,SOLVED,TRAIN,SOLVED_NONE_le100k
3457,SOLVED,TEST,SOLVED_HARD_le100k
3458,SOLVED,TRAIN,SOLVED_TRIVIAL_le100k
3459,SOLVED,TRAIN,SOLVED_TRIVIAL_gt300k
3460,SOLVED,TRAIN,SOLVED_HARD_le100k
3461,SOLVED,TRAIN,SOLVED_EASY_le100k
3462,SOLVED,TEST,SOLVED_TRIVIAL_gt300k
3463,SOLVED,TRAIN,SOLVED_TRIVIAL_le100k
3464,SOLVED,TRAIN,SOLVED_TRIVIAL_gt300k
3465,SOLVED,TRAIN,SOLVED_NONE_le300k
3466,SOLVED,TRAIN,SOLVED_NONE_le100k
3467,SOLVED,VALIDATION,SOLVED_EXPERT_gt300k
3468,SOLVED,TRAIN,SOLVED_NONE_le100k
3469,SOLVED,TRAIN,SOLVED_TRIVIAL_le100k
3470,UNKNOWN,TRAIN,UNKNOWN_NONE_gt300k
3471,SOLVED,TEST,SOLVED_NONE_le100k
3472,SOLVED,VALIDATION,SOLVED_TRIVIAL_le300k
3473,SOLVED,TRAIN,SOLVED_HARD_le100k
3474,UNKNOWN,TRAIN,UNKNOWN_NONE_gt300k
3475,SOLVED,TRAIN,SOLVED_TRIVIAL_le100k
3476,SOLVED,TEST,SOLVED_TRIVIAL_le100k
3477,SOLVED,VALIDATION,SOLVED_EASY_le300k
3478,SOLVED,TRAIN,SOLVED_TRIVIAL_le100k
3479,UNKNOWN,TRAIN,UNKNOWN_NONE_gt300k
3480,SOLVED,TRAIN,SOLVED_TRIVIAL_le100k
3481,SOLVED,TEST,SOLVED_HARD_le100k
3482,SOLVED,TRAIN,SOLVED_TRIVIAL_le100k
3483,SOLVED,TRAIN,SOLVED_TRIVIAL_le100k
3484,SOLVED,TRAIN,SOLVED_HARD_le100k
3485,SOLVED,TRAIN,SOLVED_TRIVIAL_le100k
3486,SOLVED,TEST,SOLVED_TRIVIAL_le10k
3487,SOLVED,TRAIN,SOLVED_TRIVIAL_le10k
3488,SOLVED,TRAIN,SOLVED_TRIVIAL_le300k
3489,SOLVED,TRAIN,SOLVED_NONE_gt300k
3490,SOLVED,TRAIN,SOLVED_NONE_le300k
3491,SOLVED,VALIDATION,SOLVED_TRIVIAL_le100k
3492,SOLVED,TRAIN,SOLVED_TRIVIAL_le100k
3493,UNKNOWN,TRAIN,UNKNOWN_NONE_gt300k
3494,SOLVED,TRAIN,SOLVED_TRIVIAL_gt300k
3495,SOLVED,TEST,SOLVED_TRIVIAL_le100k
3496,UNKNOWN,VALIDATION,UNKNOWN_NONE_gt300k
3497,SOLVED,TRAIN,SOLVED_TRIVIAL_le100k
3498,SOLVED,TRAIN,SOLVED_EASY_le100k
3499,SOLVED,TRAIN,SOLVED_EASY_gt300k
3500,SOLVED,TEST,SOLVED_TRIVIAL_le10k
3501,SOLVED,VALIDATION,SOLVED_TRIVIAL_le300k
3502,SOLVED,TRAIN,SOLVED_NONE_le100k
3503,SOLVED,TRAIN,SOLVED_EXPERT_le100k
3504,SOLVED,TRAIN,SOLVED_TRIVIAL_le100k
3505,SOLVED,TEST,SOLVED_TRIVIAL_le300k
3506,SOLVED,TRAIN,SOLVED_TRIVIAL_le300k
3507,SOLVED,TRAIN,SOLVED_TRIVIAL_le100k
3508,SOLVED,TRAIN,SOLVED_TRIVIAL_le10k
3509,SOLVED,TRAIN,SOLVED_TRIVIAL_le100k
3510,SOLVED,TEST,SOLVED_NONE_le100k
3511,SOLVED,TRAIN,SOLVED_TRIVIAL_le100k
3512,SOLVED,TRAIN,SOLVED_HARD_le300k
3513,SOLVED,TRAIN,SOLVED_TRIVIAL_le100k
3514,UNKNOWN,TRAIN,UNKNOWN_NONE_gt300k
3515,SOLVED,VALIDATION,SOLVED_TRIVIAL_gt300k
3516,SOLVED,TRAIN,SOLVED_TRIVIAL_le300k
3517,SOLVED,TRAIN,SOLVED_TRIVIAL_gt300k
3518,SOLVED,TRAIN,SOLVED_TRIVIAL_le300k
3519,SOLVED,TEST,SOLVED_TRIVIAL_le300k
3520,SOLVED,VALIDATION,SOLVED_TRIVIAL_le10k
3521,SOLVED,TRAIN,SOLVED_TRIVIAL_le100k
3522,SOLVED,TRAIN,SOLVED_HARD_le10k
3523,SOLVED,TRAIN,SOLVED_TRIVIAL_gt300k
3524,SOLVED,TEST,SOLVED_TRIVIAL_gt300k
3525,SOLVED,VALIDATION,SOLVED_TRIVIAL_gt300k
3526,SOLVED,TRAIN,SOLVED_HARD_le100k
3527,SOLVED,TRAIN,SOLVED_EASY_gt300k
3528,SOLVED,TRAIN,SOLVED_EXPERT_le100k
3529,SOLVED,TEST,SOLVED_TRIVIAL_le100k
3530,SOLVED,VALIDATION,SOLVED_TRIVIAL_le100k
3531,SOLVED,TRAIN,SOLVED_TRIVIAL_gt300k
3532,SOLVED,TRAIN,SOLVED_TRIVIAL_gt300k
3533,SOLVED,TRAIN,SOLVED_TRIVIAL_gt300k
3534,SOLVED,TEST,SOLVED_TRIVIAL_le300k
3535,SOLVED,TRAIN,SOLVED_TRIVIAL_gt300k
3536,SOLVED,TRAIN,SOLVED_EASY_gt300k
3537,SOLVED,TRAIN,SOLVED_TRIVIAL_gt300k
3538,SOLVED,TRAIN,SOLVED_EXPERT_le300k
3539,SOLVED,VALIDATION,SOLVED_HARD_le10k
3540,SOLVED,TRAIN,SOLVED_EASY_le10k
3541,SOLVED,TRAIN,SOLVED_TRIVIAL_le100k
3542,PROVEN_LOST,TRAIN,PROVEN_LOST_NONE_gt300k
3543,SOLVED,TRAIN,SOLVED_TRIVIAL_le100k
3544,SOLVED,VALIDATION,SOLVED_NONE_le300k
3545,SOLVED,TRAIN,SOLVED_HARD_le300k
3546,SOLVED,TRAIN,SOLVED_TRIVIAL_le300k
3547,SOLVED,TRAIN,SOLVED_TRIVIAL_le100k
3548,SOLVED,TEST,SOLVED_TRIVIAL_le10k
3549,SOLVED,VALIDATION,SOLVED_TRIVIAL_le300k
3550,SOLVED,TRAIN,SOLVED_EASY_le100k
3551,SOLVED,TRAIN,SOLVED_HARD_le100k
3552,SOLVED,TRAIN,SOLVED_NONE_le100k
3553,SOLVED,TEST,SOLVED_TRIVIAL_le100k
3554,UNKNOWN,VALIDATION,UNKNOWN_NONE_gt300k
3555,SOLVED,TRAIN,SOLVED_TRIVIAL_le300k
3556,SOLVED,TRAIN,SOLVED_NONE_le10k
3557,SOLVED,TRAIN,SOLVED_NONE_le100k
3558,SOLVED,TEST,SOLVED_TRIVIAL_le100k
3559,SOLVED,TRAIN,SOLVED_HARD_le300k
3560,SOLVED,TRAIN,SOLVED_TRIVIAL_le100k
3561,SOLVED,TRAIN,SOLVED_TRIVIAL_le100k
3562,SOLVED,TRAIN,SOLVED_NONE_gt300k
3563,SOLVED,VALIDATION,SOLVED_TRIVIAL_le100k
3564,SOLVED,TRAIN,SOLVED_TRIVIAL_le100k
3565,SOLVED,TRAIN,SOLVED_TRIVIAL_le10k
3566,SOLVED,TRAIN,SOLVED_TRIVIAL_le100k
3567,SOLVED,TRAIN,SOLVED_NONE_gt300k
3568,SOLVED,VALIDATION,SOLVED_TRIVIAL_gt300k
3569,SOLVED,TRAIN,SOLVED_TRIVIAL_le100k
3570,SOLVED,TRAIN,SOLVED_NONE_gt300k
3571,SOLVED,TRAIN,SOLVED_TRIVIAL_le300k
3572,SOLVED,TEST,SOLVED_HARD_le100k
3573,UNKNOWN,VALIDATION,UNKNOWN_NONE_gt300k
3574,SOLVED,TRAIN,SOLVED_TRIVIAL_le100k
3575,SOLVED,TRAIN,SOLVED_TRIVIAL_gt300k
3576,SOLVED,TRAIN,SOLVED_TRIVIAL_le300k
3577,SOLVED,TEST,SOLVED_NONE_le100k
3578,SOLVED,VALIDATION,SOLVED_TRIVIAL_gt300k
3579,SOLVED,TRAIN,SOLVED_TRIVIAL_le10k
3580,SOLVED,TRAIN,SOLVED_NONE_le100k
3581,SOLVED,TRAIN,SOLVED_TRIVIAL_le10k
3582,SOLVED,TEST,SOLVED_NONE_le100k
3583,SOLVED,TRAIN,SOLVED_HARD_le100k
3584,SOLVED,TRAIN,SOLVED_TRIVIAL_le100k
3585,SOLVED,TRAIN,SOLVED_TRIVIAL_le300k
3586,SOLVED,TRAIN,SOLVED_NONE_le10k
3587,UNKNOWN,VALIDATION,UNKNOWN_NONE_gt300k
3588,UNKNOWN,TRAIN,UNKNOWN_NONE_gt300k
3589,SOLVED,TRAIN,SOLVED_TRIVIAL_gt300k
3590,UNKNOWN,TRAIN,UNKNOWN_NONE_gt300k
3591,SOLVED,TRAIN,SOLVED_TRIVIAL_le300k
3592,SOLVED,VALIDATION,SOLVED_TRIVIAL_le100k
3593,SOLVED,TRAIN,SOLVED_EASY_gt300k
3594,SOLVED,TRAIN,SOLVED_TRIVIAL_le10k
3595,SOLVED,TRAIN,SOLVED_EXPERT_le300k
3596,SOLVED,TEST,SOLVED_TRIVIAL_le100k
3597,SOLVED,VALIDATION,SOLVED_TRIVIAL_le100k
3598,SOLVED,TRAIN,SOLVED_TRIVIAL_le100k
3599,SOLVED,TRAIN,SOLVED_EASY_le100k
3600,UNKNOWN,TRAIN,UNKNOWN_NONE_gt300k
3601,SOLVED,TEST,SOLVED_TRIVIAL_le100k
3602,SOLVED,VALIDATION,SOLVED_NONE_le10k
3603,SOLVED,TRAIN,SOLVED_NONE_le100k
3604,SOLVED,TRAIN,SOLVED_NONE_gt300k
3605,SOLVED,TRAIN,SOLVED_TRIVIAL_le100k
3606,UNKNOWN,TEST,UNKNOWN_NONE_gt300k
3607,SOLVED,TRAIN,SOLVED_TRIVIAL_le10k
3608,SOLVED,TRAIN,SOLVED_TRIVIAL_le100k
3609,UNKNOWN,TRAIN,UNKNOWN_NONE_gt300k
3610,SOLVED,TRAIN,SOLVED_HARD_gt300k
3611,SOLVED,VALIDATION,SOLVED_HARD_gt300k
3612,SOLVED,TRAIN,SOLVED_NONE_le100k
3613,SOLVED,TRAIN,SOLVED_NONE_gt300k
3614,SOLVED,TRAIN,SOLVED_NONE_le10k
3615,SOLVED,TRAIN,SOLVED_HARD_le100k
3616,SOLVED,VALIDATION,SOLVED_TRIVIAL_le100k
3617,SOLVED,TRAIN,SOLVED_HARD_le100k
3618,SOLVED,TRAIN,SOLVED_TRIVIAL_gt300k
3619,UNKNOWN,TRAIN,UNKNOWN_NONE_gt300k
3620,SOLVED,TEST,SOLVED_HARD_gt300k
3621,SOLVED,VALIDATION,SOLVED_NONE_le100k
3622,SOLVED,TRAIN,SOLVED_MEDIUM_le10k
3623,SOLVED,TRAIN,SOLVED_EXPERT_gt300k
3624,SOLVED,TRAIN,SOLVED_TRIVIAL_le10k
3625,SOLVED,TEST,SOLVED_TRIVIAL_gt300k
3626,SOLVED,VALIDATION,SOLVED_TRIVIAL_le100k
3627,SOLVED,TRAIN,SOLVED_EASY_le100k
3628,SOLVED,TRAIN,SOLVED_TRIVIAL_gt300k
3629,SOLVED,TRAIN,SOLVED_HARD_le100k
3630,SOLVED,TEST,SOLVED_TRIVIAL_le10k
3631,SOLVED,TRAIN,SOLVED_TRIVIAL_le100k
3632,SOLVED,TRAIN,SOLVED_NONE_le300k
3633,SOLVED,TRAIN,SOLVED_EXPERT_gt300k
3634,UNKNOWN,TRAIN,UNKNOWN_NONE_gt300k
3635,SOLVED,TEST,SOLVED_TRIVIAL_le10k
3636,SOLVED,TRAIN,SOLVED_TRIVIAL_le100k
3637,UNKNOWN,TRAIN,UNKNOWN_NONE_gt300k
3638,SOLVED,TRAIN,SOLVED_TRIVIAL_gt300k
3639,SOLVED,TRAIN,SOLVED_TRIVIAL_le10k
3640,SOLVED,VALIDATION,SOLVED_TRIVIAL_le100k
3641,SOLVED,TRAIN,SOLVED_TRIVIAL_le10k
3642,SOLVED,TRAIN,SOLVED_TRIVIAL_le10k
3643,SOLVED,TRAIN,SOLVED_TRIVIAL_le100k
3644,SOLVED,TEST,SOLVED_TRIVIAL_le100k
3645,UNKNOWN,VALIDATION,UNKNOWN_NONE_gt300k
3646,SOLVED,TRAIN,SOLVED_TRIVIAL_le10k
3647,SOLVED,TRAIN,SOLVED_TRIVIAL_le100k
3648,SOLVED,TRAIN,SOLVED_TRIVIAL_le10k
3649,SOLVED,TEST,SOLVED_TRIVIAL_gt300k
3650,SOLVED,VALIDATION,SOLVED_TRIVIAL_gt300k
3651,SOLVED,TRAIN,SOLVED_EASY_le100k
3652,SOLVED,TRAIN,SOLVED_NONE_le100k
3653,UNKNOWN,TRAIN,UNKNOWN_NONE_gt300k
3654,SOLVED,TEST,SOLVED_TRIVIAL_le100k
3655,SOLVED,TRAIN,SOLVED_NONE_gt300k
3656,SOLVED,TRAIN,SOLVED_TRIVIAL_gt300k
3657,SOLVED,TRAIN,SOLVED_TRIVIAL_le100k
3658,PROVEN_LOST,TRAIN,PROVEN_LOST_NONE_le10k
3659,UNKNOWN,TEST,UNKNOWN_NONE_gt300k
3660,SOLVED,TRAIN,SOLVED_NONE_le100k
3661,UNKNOWN,TRAIN,UNKNOWN_NONE_gt300k
3662,SOLVED,TRAIN,SOLVED_TRIVIAL_le100k
3663,UNKNOWN,TRAIN,UNKNOWN_NONE_gt300k
3664,SOLVED,VALIDATION,SOLVED_TRIVIAL_le100k
3665,SOLVED,TRAIN,SOLVED_HARD_le100k
3666,SOLVED,TRAIN,SOLVED_TRIVIAL_gt300k
3667,SOLVED,TRAIN,SOLVED_TRIVIAL_le10k
3668,SOLVED,TEST,SOLVED_TRIVIAL_le10k
3669,SOLVED,VALIDATION,SOLVED_TRIVIAL_le100k
3670,SOLVED,TRAIN,SOLVED_HARD_le100k
3671,SOLVED,TRAIN,SOLVED_HARD_le100k
3672,SOLVED,TRAIN,SOLVED_TRIVIAL_le100k
3673,SOLVED,TEST,SOLVED_TRIVIAL_le300k
3674,UNKNOWN,VALIDATION,UNKNOWN_NONE_gt300k
3675,SOLVED,TRAIN,SOLVED_TRIVIAL_le100k
3676,SOLVED,TRAIN,SOLVED_NONE_le100k
3677,SOLVED,TRAIN,SOLVED_TRIVIAL_le100k
3678,SOLVED,TEST,SOLVED_TRIVIAL_le10k
3679,SOLVED,TRAIN,SOLVED_TRIVIAL_le100k
3680,SOLVED,TRAIN,SOLVED_TRIVIAL_le10k
3681,SOLVED,TRAIN,SOLVED_NONE_le300k
3682,SOLVED,TRAIN,SOLVED_NONE_le300k
3683,SOLVED,TEST,SOLVED_TRIVIAL_le10k
3684,SOLVED,TRAIN,SOLVED_NONE_gt300k
3685,SOLVED,TRAIN,SOLVED_HARD_le300k
3686,UNKNOWN,TRAIN,UNKNOWN_NONE_gt300k
3687,PROVEN_LOST,TRAIN,PROVEN_LOST_NONE_le100k
3688,SOLVED,VALIDATION,SOLVED_TRIVIAL_le300k
3689,UNKNOWN,TRAIN,UNKNOWN_NONE_gt300k
3690,SOLVED,TRAIN,SOLVED_NONE_gt300k
3691,SOLVED,TRAIN,SOLVED_TRIVIAL_le10k
3692,SOLVED,TEST,SOLVED_TRIVIAL_gt300k
3693,SOLVED,VALIDATION,SOLVED_HARD_le100k
3694,SOLVED,TRAIN,SOLVED_TRIVIAL_le100k
3695,SOLVED,TRAIN,SOLVED_TRIVIAL_gt300k
3696,SOLVED,TRAIN,SOLVED_TRIVIAL_le100k
3697,UNKNOWN,TEST,UNKNOWN_NONE_gt300k
3698,SOLVED,VALIDATION,SOLVED_TRIVIAL_le100k
3699,SOLVED,TRAIN,SOLVED_TRIVIAL_gt300k
3700,SOLVED,TRAIN,SOLVED_EASY_le100k
3701,SOLVED,TRAIN,SOLVED_TRIVIAL_gt300k
3702,UNKNOWN,TEST,UNKNOWN_NONE_gt300k
3703,SOLVED,VALIDATION,SOLVED_TRIVIAL_le100k
3704,UNKNOWN,TRAIN,UNKNOWN_NONE_gt300k
3705,SOLVED,TRAIN,SOLVED_TRIVIAL_le100k
3706,SOLVED,TRAIN,SOLVED_TRIVIAL_le100k
3707,SOLVED,TEST,SOLVED_TRIVIAL_le100k
3708,SOLVED,TRAIN,SOLVED_TRIVIAL_le100k
3709,SOLVED,TRAIN,SOLVED_NONE_le100k
3710,SOLVED,TRAIN,SOLVED_NONE_le300k
3711,SOLVED,TRAIN,SOLVED_TRIVIAL_le100k
3712,SOLVED,VALIDATION,SOLVED_TRIVIAL_le10k
3713,SOLVED,TRAIN,SOLVED_TRIVIAL_le100k
3714,UNKNOWN,TRAIN,UNKNOWN_NONE_gt300k
3715,SOLVED,TRAIN,SOLVED_NONE_gt300k
3716,SOLVED,TEST,SOLVED_NONE_le300k
3717,SOLVED,VALIDATION,SOLVED_TRIVIAL_le100k
3718,SOLVED,TRAIN,SOLVED_TRIVIAL_gt300k
3719,SOLVED,TRAIN,SOLVED_TRIVIAL_le100k
3720,SOLVED,TRAIN,SOLVED_TRIVIAL_le300k
3721,SOLVED,TEST,SOLVED_HARD_le10k
3722,SOLVED,VALIDATION,SOLVED_HARD_le100k
3723,SOLVED,TRAIN,SOLVED_TRIVIAL_le100k
3724,SOLVED,TRAIN,SOLVED_TRIVIAL_le300k
3725,SOLVED,TRAIN,SOLVED_HARD_le300k
3726,SOLVED,TEST,SOLVED_HARD_gt300k
3727,SOLVED,VALIDATION,SOLVED_HARD_le100k
3728,UNKNOWN,TRAIN,UNKNOWN_NONE_gt300k
3729,SOLVED,TRAIN,SOLVED_TRIVIAL_le100k
3730,UNKNOWN,TRAIN,UNKNOWN_NONE_gt300k
3731,SOLVED,TEST,SOLVED_EASY_gt300k
3732,SOLVED,TRAIN,SOLVED_TRIVIAL_le100k
3733,SOLVED,TRAIN,SOLVED_TRIVIAL_le100k
3734,UNKNOWN,TRAIN,UNKNOWN_NONE_gt300k
3735,SOLVED,TRAIN,SOLVED_TRIVIAL_gt300k
3736,SOLVED,VALIDATION,SOLVED_HARD_le100k
3737,SOLVED,TRAIN,SOLVED_TRIVIAL_gt300k
3738,SOLVED,TRAIN,SOLVED_TRIVIAL_le10k
3739,SOLVED,TRAIN,SOLVED_TRIVIAL_le300k
3740,UNKNOWN,TRAIN,UNKNOWN_NONE_gt300k
3741,SOLVED,VALIDATION,SOLVED_TRIVIAL_le10k
3742,SOLVED,TRAIN,SOLVED_NONE_le100k
3743,SOLVED,TRAIN,SOLVED_TRIVIAL_le100k
3744,SOLVED,TRAIN,SOLVED_NONE_le300k
3745,SOLVED,TEST,SOLVED_TRIVIAL_le300k
3746,SOLVED,VALIDATION,SOLVED_TRIVIAL_gt300k
3747,SOLVED,TRAIN,SOLVED_HARD_le100k
3748,SOLVED,TRAIN,SOLVED_NONE_le100k
3749,SOLVED,TRAIN,SOLVED_TRIVIAL_le100k
3750,SOLVED,TEST,SOLVED_TRIVIAL_le10k
3751,SOLVED,VALIDATION,SOLVED_TRIVIAL_gt300k
3752,SOLVED,TRAIN,SOLVED_TRIVIAL_le100k
3753,SOLVED,TRAIN,SOLVED_EASY_gt300k
3754,SOLVED,TRAIN,SOLVED_HARD_le100k
3755,SOLVED,TEST,SOLVED_TRIVIAL_le10k
3756,SOLVED,TRAIN,SOLVED_TRIVIAL_le10k
3757,UNKNOWN,TRAIN,UNKNOWN_NONE_gt300k
3758,SOLVED,TRAIN,SOLVED_TRIVIAL_le300k
3759,SOLVED,TRAIN,SOLVED_TRIVIAL_gt300k
3760,SOLVED,VALIDATION,SOLVED_HARD_le100k
3761,SOLVED,TRAIN,SOLVED_TRIVIAL_le100k
3762,SOLVED,TRAIN,SOLVED_EASY_le100k
3763,SOLVED,TRAIN,SOLVED_TRIVIAL_le100k
3764,SOLVED,TRAIN,SOLVED_HARD_le300k
3765,UNKNOWN,VALIDATION,UNKNOWN_NONE_gt300k
3766,SOLVED,TRAIN,SOLVED_TRIVIAL_le100k
3767,SOLVED,TRAIN,SOLVED_HARD_le100k
3768,SOLVED,TRAIN,SOLVED_TRIVIAL_le300k
3769,SOLVED,TEST,SOLVED_TRIVIAL_gt300k
3770,SOLVED,VALIDATION,SOLVED_NONE_le100k
3771,SOLVED,TRAIN,SOLVED_NONE_gt300k
3772,SOLVED,TRAIN,SOLVED_TRIVIAL_le100k
3773,SOLVED,TRAIN,SOLVED_TRIVIAL_le300k
3774,SOLVED,TEST,SOLVED_EASY_le100k
3775,UNKNOWN,VALIDATION,UNKNOWN_NONE_gt300k
3776,SOLVED,TRAIN,SOLVED_NONE_le100k
3777,SOLVED,TRAIN,SOLVED_TRIVIAL_gt300k
3778,SOLVED,TRAIN,SOLVED_TRIVIAL_gt300k
3779,SOLVED,TEST,SOLVED_TRIVIAL_gt300k
3780,SOLVED,TRAIN,SOLVED_TRIVIAL_gt300k
3781,SOLVED,TRAIN,SOLVED_TRIVIAL_le300k
3782,SOLVED,TRAIN,SOLVED_TRIVIAL_le10k
3783,SOLVED,TRAIN,SOLVED_TRIVIAL_le100k
3784,SOLVED,VALIDATION,SOLVED_NONE_le300k
3785,SOLVED,TRAIN,SOLVED_EASY_le10k
3786,SOLVED,TRAIN,SOLVED_NONE_gt300k
3787,SOLVED,TRAIN,SOLVED_HARD_le100k
3788,SOLVED,TRAIN,SOLVED_NONE_le100k
3789,SOLVED,VALIDATION,SOLVED_TRIVIAL_le100k
3790,SOLVED,TRAIN,SOLVED_HARD_le100k
3791,SOLVED,TRAIN,SOLVED_TRIVIAL_gt300k
3792,SOLVED,TRAIN,SOLVED_NONE_gt300k
3793,SOLVED,TEST,SOLVED_TRIVIAL_le300k
3794,SOLVED,VALIDATION,SOLVED_HARD_le100k
3795,SOLVED,TRAIN,SOLVED_TRIVIAL_gt300k
3796,SOLVED,TRAIN,SOLVED_NONE_le100k
3797,SOLVED,TRAIN,SOLVED_EXPERT_le100k
3798,UNKNOWN,TEST,UNKNOWN_NONE_gt300k
3799,SOLVED,VALIDATION,SOLVED_TRIVIAL_gt300k
3800,SOLVED,TRAIN,SOLVED_NONE_le100k
3801,SOLVED,TRAIN,SOLVED_NONE_le100k
3802,SOLVED,TRAIN,SOLVED_NONE_gt300k
3803,SOLVED,TEST,SOLVED_TRIVIAL_le100k
3804,SOLVED,TRAIN,SOLVED_TRIVIAL_le100k
3805,SOLVED,TRAIN,SOLVED_NONE_gt300k
3806,SOLVED,TRAIN,SOLVED_TRIVIAL_gt300k
3807,UNKNOWN,TRAIN,UNKNOWN_NONE_gt300k
3808,SOLVED,TEST,SOLVED_HARD_le300k
3809,SOLVED,TRAIN,SOLVED_TRIVIAL_le100k
3810,SOLVED,TRAIN,SOLVED_TRIVIAL_le300k
3811,SOLVED,TRAIN,SOLVED_TRIVIAL_le100k
3812,SOLVED,TRAIN,SOLVED_TRIVIAL_le100k
3813,SOLVED,VALIDATION,SOLVED_TRIVIAL_le100k
3814,SOLVED,TRAIN,SOLVED_TRIVIAL_le10k
3815,UNKNOWN,TRAIN,UNKNOWN_NONE_gt300k
3816,SOLVED,TRAIN,SOLVED_HARD_le10k
3817,SOLVED,TEST,SOLVED_TRIVIAL_le300k
3818,SOLVED,VALIDATION,SOLVED_TRIVIAL_le100k
3819,SOLVED,TRAIN,SOLVED_NONE_le100k
3820,SOLVED,TRAIN,SOLVED_TRIVIAL_le100k
3821,SOLVED,TRAIN,SOLVED_TRIVIAL_le100k
3822,SOLVED,TEST,SOLVED_TRIVIAL_le10k
3823,SOLVED,VALIDATION,SOLVED_TRIVIAL_le100k
3824,UNKNOWN,TRAIN,UNKNOWN_NONE_gt300k
3825,UNKNOWN,TRAIN,UNKNOWN_NONE_gt300k
3826,SOLVED,TRAIN,SOLVED_NONE_gt300k
3827,SOLVED,TEST,SOLVED_HARD_le300k
3828,SOLVED,TRAIN,SOLVED_TRIVIAL_le100k
3829,SOLVED,TRAIN,SOLVED_TRIVIAL_le100k
3830,SOLVED,TRAIN,SOLVED_HARD_le300k
3831,SOLVED,TRAIN,SOLVED_TRIVIAL_le100k
3832,SOLVED,TEST,SOLVED_EXPERT_le100k
3833,SOLVED,TRAIN,SOLVED_HARD_le10k
3834,SOLVED,TRAIN,SOLVED_TRIVIAL_le100k
3835,SOLVED,TRAIN,SOLVED_NONE_le10k
3836,SOLVED,TRAIN,SOLVED_TRIVIAL_gt300k
3837,SOLVED,VALIDATION,SOLVED_TRIVIAL_le10k
3838,SOLVED,TRAIN,SOLVED_TRIVIAL_le100k
3839,SOLVED,TRAIN,SOLVED_TRIVIAL_gt300k
3840,UNKNOWN,TRAIN,UNKNOWN_NONE_gt300k
3841,UNKNOWN,TEST,UNKNOWN_NONE_gt300k
3842,SOLVED,VALIDATION,SOLVED_HARD_le100k
3843,SOLVED,TRAIN,SOLVED_TRIVIAL_le100k
3844,SOLVED,TRAIN,SOLVED_TRIVIAL_gt300k
3845,SOLVED,TRAIN,SOLVED_TRIVIAL_le10k
3846,SOLVED,TEST,SOLVED_TRIVIAL_le100k
3847,SOLVED,VALIDATION,SOLVED_TRIVIAL_le300k
3848,SOLVED,TRAIN,SOLVED_TRIVIAL_le100k
3849,SOLVED,TRAIN,SOLVED_TRIVIAL_le300k
3850,SOLVED,TRAIN,SOLVED_HARD_le300k
3851,SOLVED,TEST,SOLVED_TRIVIAL_le100k
3852,SOLVED,TRAIN,SOLVED_TRIVIAL_le100k
3853,SOLVED,TRAIN,SOLVED_NONE_le10k
3854,UNKNOWN,TRAIN,UNKNOWN_NONE_gt300k
3855,SOLVED,TRAIN,SOLVED_HARD_le100k
3856,SOLVED,TEST,SOLVED_TRIVIAL_le100k
3857,SOLVED,TRAIN,SOLVED_TRIVIAL_le10k
3858,UNKNOWN,TRAIN,UNKNOWN_NONE_gt300k
3859,SOLVED,TRAIN,SOLVED_NONE_gt300k
3860,SOLVED,TRAIN,SOLVED_TRIVIAL_le300k
3861,SOLVED,VALIDATION,SOLVED_TRIVIAL_gt300k
3862,SOLVED,TRAIN,SOLVED_NONE_le10k
3863,SOLVED,TRAIN,SOLVED_TRIVIAL_le100k
3864,SOLVED,TRAIN,SOLVED_TRIVIAL_le100k
3865,SOLVED,TEST,SOLVED_TRIVIAL_le100k
3866,SOLVED,VALIDATION,SOLVED_HARD_le100k
3867,SOLVED,TRAIN,SOLVED_NONE_gt300k
3868,PROVEN_LOST,TRAIN,PROVEN_LOST_NONE_le100k
3869,SOLVED,TRAIN,SOLVED_TRIVIAL_le100k
3870,SOLVED,TEST,SOLVED_TRIVIAL_le10k
3871,SOLVED,VALIDATION,SOLVED_TRIVIAL_le100k
3872,SOLVED,TRAIN,SOLVED_TRIVIAL_le100k
3873,SOLVED,TRAIN,SOLVED_TRIVIAL_le10k
3874,SOLVED,TRAIN,SOLVED_HARD_le100k
3875,SOLVED,TEST,SOLVED_TRIVIAL_le10k
3876,SOLVED,VALIDATION,SOLVED_NONE_le100k
3877,SOLVED,TRAIN,SOLVED_TRIVIAL_le100k
3878,SOLVED,TRAIN,SOLVED_TRIVIAL_le100k
3879,UNKNOWN,TRAIN,UNKNOWN_NONE_gt300k
3880,SOLVED,TEST,SOLVED_TRIVIAL_le100k
3881,PROVEN_LOST,TRAIN,PROVEN_LOST_NONE_gt300k
3882,SOLVED,TRAIN,SOLVED_NONE_le100k
3883,UNKNOWN,TRAIN,UNKNOWN_NONE_gt300k
3884,SOLVED,TRAIN,SOLVED_TRIVIAL_le10k
3885,UNKNOWN,VALIDATION,UNKNOWN_NONE_gt300k
3886,SOLVED,TRAIN,SOLVED_TRIVIAL_le100k
3887,SOLVED,TRAIN,SOLVED_TRIVIAL_le10k
3888,SOLVED,TRAIN,SOLVED_TRIVIAL_le100k
3889,SOLVED,TEST,SOLVED_TRIVIAL_le100k
3890,SOLVED,VALIDATION,SOLVED_TRIVIAL_gt300k
3891,SOLVED,TRAIN,SOLVED_NONE_gt300k
3892,SOLVED,TRAIN,SOLVED_TRIVIAL_le100k
3893,SOLVED,TRAIN,SOLVED_NONE_le100k
3894,SOLVED,TEST,SOLVED_TRIVIAL_le10k
3895,SOLVED,VALIDATION,SOLVED_TRIVIAL_le10k
3896,SOLVED,TRAIN,SOLVED_TRIVIAL_le100k
3897,UNKNOWN,TRAIN,UNKNOWN_NONE_gt300k
3898,UNKNOWN,TRAIN,UNKNOWN_NONE_gt300k
3899,SOLVED,TEST,SOLVED_HARD_le100k
3900,SOLVED,VALIDATION,SOLVED_TRIVIAL_le10k
3901,SOLVED,TRAIN,SOLVED_TRIVIAL_le100k
3902,SOLVED,TRAIN,SOLVED_NONE_gt300k
3903,SOLVED,TRAIN,SOLVED_TRIVIAL_le100k
3904,UNKNOWN,TEST,UNKNOWN_NONE_gt300k
3905,UNKNOWN,TRAIN,UNKNOWN_NONE_gt300k
3906,SOLVED,TRAIN,SOLVED_TRIVIAL_le100k
3907,SOLVED,TRAIN,SOLVED_NONE_le10k
3908,SOLVED,TRAIN,SOLVED_TRIVIAL_le100k
3909,SOLVED,VALIDATION,SOLVED_TRIVIAL_le100k
3910,UNKNOWN,TRAIN,UNKNOWN_NONE_gt300k
3911,SOLVED,TRAIN,SOLVED_HARD_gt300k
3912,SOLVED,TRAIN,SOLVED_TRIVIAL_le100k
3913,SOLVED,TRAIN,SOLVED_TRIVIAL_gt300k
3914,SOLVED,VALIDATION,SOLVED_TRIVIAL_le10k
3915,SOLVED,TRAIN,SOLVED_NONE_le100k
3916,SOLVED,TRAIN,SOLVED_HARD_le10k
3917,SOLVED,TRAIN,SOLVED_NONE_le100k
3918,SOLVED,TEST,SOLVED_EXPERT_le10k
3919,UNKNOWN,VALIDATION,UNKNOWN_NONE_gt300k
3920,SOLVED,TRAIN,SOLVED_HARD_gt300k
3921,SOLVED,TRAIN,SOLVED_TRIVIAL_gt300k
3922,SOLVED,TRAIN,SOLVED_TRIVIAL_le100k
3923,SOLVED,TEST,SOLVED_NONE_le100k
3924,SOLVED,VALIDATION,SOLVED_TRIVIAL_le100k
3925,UNKNOWN,TRAIN,UNKNOWN_NONE_gt300k
3926,SOLVED,TRAIN,SOLVED_NONE_le100k
3927,SOLVED,TRAIN,SOLVED_HARD_le100k
3928,SOLVED,TEST,SOLVED_EASY_gt300k
3929,SOLVED,TRAIN,SOLVED_TRIVIAL_le10k
3930,SOLVED,TRAIN,SOLVED_NONE_le300k
3931,SOLVED,TRAIN,SOLVED_HARD_le100k
3932,SOLVED,TRAIN,SOLVED_TRIVIAL_le100k
3933,SOLVED,VALIDATION,SOLVED_TRIVIAL_le100k
3934,SOLVED,TRAIN,SOLVED_HARD_gt300k
3935,SOLVED,TRAIN,SOLVED_TRIVIAL_le100k
3936,SOLVED,TRAIN,SOLVED_TRIVIAL_le10k
3937,SOLVED,TRAIN,SOLVED_TRIVIAL_le10k
3938,UNKNOWN,VALIDATION,UNKNOWN_NONE_gt300k
3939,SOLVED,TRAIN,SOLVED_TRIVIAL_le100k
3940,SOLVED,TRAIN,SOLVED_TRIVIAL_le10k
3941,SOLVED,TRAIN,SOLVED_TRIVIAL_le100k
3942,SOLVED,TEST,SOLVED_TRIVIAL_gt300k
3943,SOLVED,VALIDATION,SOLVED_TRIVIAL_le10k
3944,SOLVED,TRAIN,SOLVED_TRIVIAL_le100k
3945,SOLVED,TRAIN,SOLVED_TRIVIAL_le100k
3946,UNKNOWN,TRAIN,UNKNOWN_NONE_gt300k
3947,SOLVED,TEST,SOLVED_TRIVIAL_le100k
3948,SOLVED,VALIDATION,SOLVED_TRIVIAL_le100k
3949,SOLVED,TRAIN,SOLVED_TRIVIAL_le300k
3950,SOLVED,TRAIN,SOLVED_TRIVIAL_le100k
3951,SOLVED,TRAIN,SOLVED_TRIVIAL_le100k
3952,SOLVED,TEST,SOLVED_TRIVIAL_le100k
3953,SOLVED,TRAIN,SOLVED_TRIVIAL_le100k
3954,SOLVED,TRAIN,SOLVED_NONE_le10k
3955,UNKNOWN,TRAIN,UNKNOWN_NONE_gt300k
3956,UNKNOWN,TRAIN,UNKNOWN_NONE_gt300k
3957,SOLVED,VALIDATION,SOLVED_HARD_le100k
3958,SOLVED,TRAIN,SOLVED_TRIVIAL_gt300k
3959,SOLVED,TRAIN,SOLVED_NONE_le100k
3960,SOLVED,TRAIN,SOLVED_EASY_le100k
3961,SOLVED,TRAIN,SOLVED_TRIVIAL_le300k
3962,UNKNOWN,VALIDATION,UNKNOWN_NONE_gt300k
3963,SOLVED,TRAIN,SOLVED_NONE_le100k
3964,SOLVED,TRAIN,SOLVED_NONE_le100k
3965,SOLVED,TRAIN,SOLVED_EASY_le100k
3966,SOLVED,TEST,SOLVED_TRIVIAL_le100k
3967,SOLVED,VALIDATION,SOLVED_TRIVIAL_gt300k
3968,SOLVED,TRAIN,SOLVED_EASY_le100k
3969,SOLVED,TRAIN,SOLVED_TRIVIAL_gt300k
3970,SOLVED,TRAIN,SOLVED_TRIVIAL_le10k
3971,SOLVED,TEST,SOLVED_HARD_le100k
3972,SOLVED,VALIDATION,SOLVED_NONE_le100k
3973,SOLVED,TRAIN,SOLVED_TRIVIAL_le10k
3974,SOLVED,TRAIN,SOLVED_TRIVIAL_gt300k
3975,SOLVED,TRAIN,SOLVED_TRIVIAL_le300k
3976,SOLVED,TEST,SOLVED_NONE_le100k
3977,SOLVED,TRAIN,SOLVED_NONE_le300k
3978,SOLVED,TRAIN,SOLVED_NONE_le10k
3979,SOLVED,TRAIN,SOLVED_NONE_le100k
3980,SOLVED,TRAIN,SOLVED_TRIVIAL_le100k
3981,SOLVED,TEST,SOLVED_TRIVIAL_le100k
3982,UNKNOWN,TRAIN,UNKNOWN_NONE_gt300k
3983,SOLVED,TRAIN,SOLVED_TRIVIAL_gt300k
3984,SOLVED,TRAIN,SOLVED_TRIVIAL_le100k
3985,SOLVED,TRAIN,SOLVED_NONE_le100k
3986,SOLVED,VALIDATION,SOLVED_TRIVIAL_le100k
3987,SOLVED,TRAIN,SOLVED_TRIVIAL_le100k
3988,SOLVED,TRAIN,SOLVED_TRIVIAL_le10k
3989,SOLVED,TRAIN,SOLVED_TRIVIAL_le10k
3990,SOLVED,TEST,SOLVED_TRIVIAL_le10k
3991,SOLVED,VALIDATION,SOLVED_NONE_le10k
3992,SOLVED,TRAIN,SOLVED_NONE_le300k
3993,SOLVED,TRAIN,SOLVED_EASY_le100k
3994,SOLVED,TRAIN,SOLVED_TRIVIAL_le100k
3995,PROVEN_LOST,TEST,PROVEN_LOST_NONE_gt300k
3996,SOLVED,VALIDATION,SOLVED_TRIVIAL_le100k
3997,SOLVED,TRAIN,SOLVED_TRIVIAL_le100k
3998,SOLVED,TRAIN,SOLVED_TRIVIAL_le100k
3999,SOLVED,TRAIN,SOLVED_TRIVIAL_le100k
4000,SOLVED,TEST,SOLVED_TRIVIAL_le100k
4001,SOLVED,TRAIN,SOLVED_NONE_gt300k
4002,SOLVED,TRAIN,SOLVED_TRIVIAL_le10k
4003,SOLVED,TRAIN,SOLVED_TRIVIAL_gt300k
4004,SOLVED,TRAIN,SOLVED_TRIVIAL_le100k
4005,SOLVED,TEST,SOLVED_TRIVIAL_le10k
4006,SOLVED,TRAIN,SOLVED_NONE_le100k
4007,UNKNOWN,TRAIN,UNKNOWN_NONE_gt300k
4008,UNKNOWN,TRAIN,UNKNOWN_NONE_gt300k
4009,SOLVED,TRAIN,SOLVED_EASY_le10k
4010,SOLVED,VALIDATION,SOLVED_TRIVIAL_le10k
4011,SOLVED,TRAIN,SOLVED_HARD_le100k
4012,SOLVED,TRAIN,SOLVED_TRIVIAL_le300k
4013,SOLVED,TRAIN,SOLVED_TRIVIAL_gt300k
4014,SOLVED,TEST,SOLVED_NONE_le100k
4015,SOLVED,VALIDATION,SOLVED_TRIVIAL_le10k
4016,SOLVED,TRAIN,SOLVED_TRIVIAL_le10k
4017,SOLVED,TRAIN,SOLVED_TRIVIAL_le100k
4018,SOLVED,TRAIN,SOLVED_TRIVIAL_le300k
4019,SOLVED,TEST,SOLVED_TRIVIAL_gt300k
4020,SOLVED,VALIDATION,SOLVED_TRIVIAL_le100k
4021,SOLVED,TRAIN,SOLVED_EASY_le300k
4022,SOLVED,TRAIN,SOLVED_TRIVIAL_le300k
4023,UNKNOWN,TRAIN,UNKNOWN_NONE_gt300k
4024,SOLVED,TEST,SOLVED_TRIVIAL_le300k
4025,UNKNOWN,TRAIN,UNKNOWN_NONE_gt300k
4026,SOLVED,TRAIN,SOLVED_TRIVIAL_le100k
4027,SOLVED,TRAIN,SOLVED_NONE_le10k
4028,SOLVED,TRAIN,SOLVED_TRIVIAL_le100k
4029,SOLVED,TEST,SOLVED_EASY_gt300k
4030,SOLVED,TRAIN,SOLVED_TRIVIAL_le100k
4031,SOLVED,TRAIN,SOLVED_HARD_gt300k
4032,SOLVED,TRAIN,SOLVED_TRIVIAL_le300k
4033,SOLVED,TRAIN,SOLVED_TRIVIAL_gt300k
4034,SOLVED,VALIDATION,SOLVED_HARD_le100k
4035,SOLVED,TRAIN,SOLVED_TRIVIAL_gt300k
4036,SOLVED,TRAIN,SOLVED_NONE_le100k
4037,SOLVED,TRAIN,SOLVED_NONE_le300k
4038,SOLVED,TEST,SOLVED_TRIVIAL_le100k
4039,SOLVED,VALIDATION,SOLVED_TRIVIAL_le10k
4040,SOLVED,TRAIN,SOLVED_TRIVIAL_gt300k
4041,SOLVED,TRAIN,SOLVED_TRIVIAL_le100k
4042,SOLVED,TRAIN,SOLVED_TRIVIAL_le100k
4043,SOLVED,TEST,SOLVED_TRIVIAL_le100k
4044,SOLVED,VALIDATION,SOLVED_TRIVIAL_le100k
4045,SOLVED,TRAIN,SOLVED_TRIVIAL_le100k
4046,SOLVED,TRAIN,SOLVED_NONE_le100k
4047,UNKNOWN,TRAIN,UNKNOWN_NONE_gt300k
4048,UNKNOWN,TEST,UNKNOWN_NONE_gt300k
4049,SOLVED,VALIDATION,SOLVED_EASY_le100k
4050,SOLVED,TRAIN,SOLVED_NONE_le100k
4051,SOLVED,TRAIN,SOLVED_HARD_le100k
4052,SOLVED,TRAIN,SOLVED_TRIVIAL_le100k
4053,UNKNOWN,TEST,UNKNOWN_NONE_gt300k
4054,SOLVED,TRAIN,SOLVED_TRIVIAL_le300k
4055,SOLVED,TRAIN,SOLVED_TRIVIAL_le100k
4056,UNKNOWN,TRAIN,UNKNOWN_NONE_gt300k
4057,SOLVED,TRAIN,SOLVED_TRIVIAL_le10k
4058,SOLVED,VALIDATION,SOLVED_TRIVIAL_le100k
4059,SOLVED,TRAIN,SOLVED_HARD_gt300k
4060,SOLVED,TRAIN,SOLVED_HARD_le300k
4061,SOLVED,TRAIN,SOLVED_TRIVIAL_le100k
4062,SOLVED,TEST,SOLVED_NONE_le100k
4063,UNKNOWN,VALIDATION,UNKNOWN_NONE_gt300k
4064,UNKNOWN,TRAIN,UNKNOWN_NONE_gt300k
4065,SOLVED,TRAIN,SOLVED_TRIVIAL_le100k
4066,SOLVED,TRAIN,SOLVED_TRIVIAL_le300k
4067,SOLVED,TEST,SOLVED_TRIVIAL_le100k
4068,SOLVED,VALIDATION,SOLVED_NONE_le100k
4069,UNKNOWN,TRAIN,UNKNOWN_NONE_gt300k
4070,SOLVED,TRAIN,SOLVED_TRIVIAL_le100k
4071,UNKNOWN,TRAIN,UNKNOWN_NONE_gt300k
4072,SOLVED,TEST,SOLVED_TRIVIAL_le100k
4073,SOLVED,VALIDATION,SOLVED_TRIVIAL_le100k
4074,UNKNOWN,TRAIN,UNKNOWN_NONE_gt300k
4075,SOLVED,TRAIN,SOLVED_TRIVIAL_le10k
4076,SOLVED,TRAIN,SOLVED_NONE_le100k
4077,SOLVED,TEST,SOLVED_HARD_le300k
4078,UNKNOWN,TRAIN,UNKNOWN_NONE_gt300k
4079,SOLVED,TRAIN,SOLVED_TRIVIAL_le10k
4080,UNKNOWN,TRAIN,UNKNOWN_NONE_gt300k
4081,SOLVED,TRAIN,SOLVED_NONE_le100k
4082,SOLVED,VALIDATION,SOLVED_TRIVIAL_le300k
4083,SOLVED,TRAIN,SOLVED_NONE_le100k
4084,SOLVED,TRAIN,SOLVED_TRIVIAL_le300k
4085,SOLVED,TRAIN,SOLVED_TRIVIAL_le300k
4086,PROVEN_LOST,TRAIN,PROVEN_LOST_NONE_le300k
4087,UNKNOWN,VALIDATION,UNKNOWN_NONE_gt300k
4088,UNKNOWN,TRAIN,UNKNOWN_NONE_gt300k
4089,SOLVED,TRAIN,SOLVED_TRIVIAL_le10k
4090,UNKNOWN,TRAIN,UNKNOWN_NONE_gt300k
4091,SOLVED,TEST,SOLVED_TRIVIAL_le100k
4092,SOLVED,VALIDATION,SOLVED_TRIVIAL_le300k
4093,UNKNOWN,TRAIN,UNKNOWN_NONE_gt300k
4094,SOLVED,TRAIN,SOLVED_TRIVIAL_le10k
4095,SOLVED,TRAIN,SOLVED_TRIVIAL_gt300k
4096,SOLVED,TEST,SOLVED_TRIVIAL_le100k
4097,SOLVED,VALIDATION,SOLVED_TRIVIAL_le10k
4098,SOLVED,TRAIN,SOLVED_NONE_le100k
4099,SOLVED,TRAIN,SOLVED_HARD_le100k
4100,SOLVED,TRAIN,SOLVED_NONE_gt300k
4101,SOLVED,TEST,SOLVED_TRIVIAL_le100k
4102,SOLVED,TRAIN,SOLVED_NONE_le100k
4103,SOLVED,TRAIN,SOLVED_TRIVIAL_le300k
4104,SOLVED,TRAIN,SOLVED_NONE_le10k
4105,SOLVED,TRAIN,SOLVED_TRIVIAL_le100k
4106,SOLVED,VALIDATION,SOLVED_TRIVIAL_le10k
4107,UNKNOWN,TRAIN,UNKNOWN_NONE_gt300k
4108,UNKNOWN,TRAIN,UNKNOWN_NONE_gt300k
4109,SOLVED,TRAIN,SOLVED_NONE_le100k
4110,SOLVED,TRAIN,SOLVED_TRIVIAL_le100k
4111,SOLVED,VALIDATION,SOLVED_EASY_le100k
4112,SOLVED,TRAIN,SOLVED_TRIVIAL_le10k
4113,SOLVED,TRAIN,SOLVED_TRIVIAL_le100k
4114,SOLVED,TRAIN,SOLVED_TRIVIAL_le300k
4115,SOLVED,TEST,SOLVED_TRIVIAL_le10k
4116,SOLVED,VALIDATION,SOLVED_TRIVIAL_le100k
4117,SOLVED,TRAIN,SOLVED_TRIVIAL_le100k
4118,UNKNOWN,TRAIN,UNKNOWN_NONE_gt300k
4119,SOLVED,TRAIN,SOLVED_TRIVIAL_le10k
4120,SOLVED,TEST,SOLVED_HARD_le100k
4121,SOLVED,VALIDATION,SOLVED_NONE_le100k
4122,SOLVED,TRAIN,SOLVED_NONE_gt300k
4123,SOLVED,TRAIN,SOLVED_TRIVIAL_gt300k
4124,SOLVED,TRAIN,SOLVED_TRIVIAL_le300k
4125,UNKNOWN,TEST,UNKNOWN_NONE_gt300k
4126,SOLVED,TRAIN,SOLVED_TRIVIAL_gt300k
4127,SOLVED,TRAIN,SOLVED_TRIVIAL_le100k
4128,SOLVED,TRAIN,SOLVED_NONE_le300k
4129,SOLVED,TRAIN,SOLVED_EXPERT_le100k
4130,SOLVED,VALIDATION,SOLVED_EXPERT_gt300k
4131,SOLVED,TRAIN,SOLVED_TRIVIAL_le100k
4132,SOLVED,TRAIN,SOLVED_HARD_gt300k
4133,SOLVED,TRAIN,SOLVED_TRIVIAL_gt300k
4134,SOLVED,TRAIN,SOLVED_TRIVIAL_le300k
4135,SOLVED,VALIDATION,SOLVED_TRIVIAL_le300k
4136,SOLVED,TRAIN,SOLVED_NONE_le300k
4137,SOLVED,TRAIN,SOLVED_HARD_le100k
4138,UNKNOWN,TRAIN,UNKNOWN_NONE_gt300k
4139,SOLVED,TEST,SOLVED_NONE_le100k
4140,SOLVED,VALIDATION,SOLVED_HARD_gt300k
4141,SOLVED,TRAIN,SOLVED_EASY_le100k
4142,SOLVED,TRAIN,SOLVED_EASY_le300k
4143,SOLVED,TRAIN,SOLVED_TRIVIAL_le300k
4144,UNKNOWN,TEST,UNKNOWN_NONE_gt300k
4145,SOLVED,VALIDATION,SOLVED_TRIVIAL_le10k
4146,SOLVED,TRAIN,SOLVED_TRIVIAL_le100k
4147,SOLVED,TRAIN,SOLVED_TRIVIAL_le100k
4148,SOLVED,TRAIN,SOLVED_TRIVIAL_le100k
4149,SOLVED,TEST,SOLVED_TRIVIAL_le100k
4150,SOLVED,TRAIN,SOLVED_TRIVIAL_le100k
4151,UNKNOWN,TRAIN,UNKNOWN_NONE_gt300k
4152,SOLVED,TRAIN,SOLVED_TRIVIAL_gt300k
4153,SOLVED,TRAIN,SOLVED_TRIVIAL_le300k
4154,SOLVED,TEST,SOLVED_NONE_le100k
4155,UNKNOWN,TRAIN,UNKNOWN_NONE_gt300k
4156,SOLVED,TRAIN,SOLVED_NONE_le100k
4157,UNKNOWN,TRAIN,UNKNOWN_NONE_gt300k
4158,SOLVED,TRAIN,SOLVED_TRIVIAL_le300k
4159,UNKNOWN,VALIDATION,UNKNOWN_NONE_gt300k
4160,SOLVED,TRAIN,SOLVED_TRIVIAL_le100k
4161,SOLVED,TRAIN,SOLVED_TRIVIAL_le10k
4162,SOLVED,TRAIN,SOLVED_HARD_gt300k
4163,SOLVED,TEST,SOLVED_NONE_le100k
4164,SOLVED,VALIDATION,SOLVED_TRIVIAL_le100k
4165,SOLVED,TRAIN,SOLVED_NONE_le300k
4166,SOLVED,TRAIN,SOLVED_TRIVIAL_gt300k
4167,SOLVED,TRAIN,SOLVED_HARD_le100k
4168,SOLVED,TEST,SOLVED_TRIVIAL_le100k
4169,SOLVED,VALIDATION,SOLVED_TRIVIAL_le100k
4170,SOLVED,TRAIN,SOLVED_TRIVIAL_gt300k
4171,SOLVED,TRAIN,SOLVED_EASY_le10k
4172,SOLVED,TRAIN,SOLVED_TRIVIAL_le100k
4173,SOLVED,TEST,SOLVED_TRIVIAL_gt300k
4174,SOLVED,TRAIN,SOLVED_NONE_le100k
4175,SOLVED,TRAIN,SOLVED_TRIVIAL_le10k
4176,SOLVED,TRAIN,SOLVED_TRIVIAL_gt300k
4177,SOLVED,TRAIN,SOLVED_TRIVIAL_le100k
4178,SOLVED,TEST,SOLVED_TRIVIAL_gt300k
4179,SOLVED,TRAIN,SOLVED_TRIVIAL_le100k
4180,SOLVED,TRAIN,SOLVED_TRIVIAL_gt300k
4181,SOLVED,TRAIN,SOLVED_TRIVIAL_le10k
4182,SOLVED,TRAIN,SOLVED_TRIVIAL_gt300k
4183,SOLVED,VALIDATION,SOLVED_TRIVIAL_le300k
4184,SOLVED,TRAIN,SOLVED_TRIVIAL_le100k
4185,SOLVED,TRAIN,SOLVED_NONE_le300k
4186,UNKNOWN,TRAIN,UNKNOWN_NONE_gt300k
4187,UNKNOWN,TEST,UNKNOWN_NONE_gt300k
4188,SOLVED,VALIDATION,SOLVED_TRIVIAL_le100k
4189,SOLVED,TRAIN,SOLVED_TRIVIAL_le100k
4190,SOLVED,TRAIN,SOLVED_TRIVIAL_le100k
4191,SOLVED,TRAIN,SOLVED_NONE_le100k
4192,SOLVED,TEST,SOLVED_HARD_gt300k
4193,SOLVED,VALIDATION,SOLVED_NONE_le300k
4194,SOLVED,TRAIN,SOLVED_TRIVIAL_le100k
4195,SOLVED,TRAIN,SOLVED_TRIVIAL_gt300k
4196,SOLVED,TRAIN,SOLVED_EASY_gt300k
4197,SOLVED,TEST,SOLVED_TRIVIAL_le100k
4198,SOLVED,TRAIN,SOLVED_TRIVIAL_le10k
4199,SOLVED,TRAIN,SOLVED_TRIVIAL_le100k
4200,UNKNOWN,TRAIN,UNKNOWN_NONE_gt300k
4201,SOLVED,TRAIN,SOLVED_TRIVIAL_le300k
4202,UNKNOWN,TEST,UNKNOWN_NONE_gt300k
4203,SOLVED,TRAIN,SOLVED_TRIVIAL_le100k
4204,SOLVED,TRAIN,SOLVED_TRIVIAL_le100k
4205,SOLVED,TRAIN,SOLVED_TRIVIAL_le100k
4206,PROVEN_LOST,TRAIN,PROVEN_LOST_NONE_gt300k
4207,SOLVED,VALIDATION,SOLVED_TRIVIAL_le300k
4208,SOLVED,TRAIN,SOLVED_TRIVIAL_gt300k
4209,SOLVED,TRAIN,SOLVED_TRIVIAL_le100k
4210,SOLVED,TRAIN,SOLVED_EASY_gt300k
4211,SOLVED,TEST,SOLVED_NONE_le10k
4212,SOLVED,VALIDATION,SOLVED_TRIVIAL_le10k
4213,SOLVED,TRAIN,SOLVED_TRIVIAL_le100k
4214,SOLVED,TRAIN,SOLVED_HARD_le10k
4215,SOLVED,TRAIN,SOLVED_TRIVIAL_gt300k
4216,SOLVED,TEST,SOLVED_TRIVIAL_gt300k
4217,SOLVED,VALIDATION,SOLVED_TRIVIAL_gt300k
4218,SOLVED,TRAIN,SOLVED_TRIVIAL_le100k
4219,SOLVED,TRAIN,SOLVED_EXPERT_gt300k
4220,SOLVED,TRAIN,SOLVED_TRIVIAL_gt300k
4221,SOLVED,TEST,SOLVED_TRIVIAL_le300k
4222,SOLVED,VALIDATION,SOLVED_HARD_le10k
4223,SOLVED,TRAIN,SOLVED_HARD_le100k
4224,SOLVED,TRAIN,SOLVED_TRIVIAL_le300k
4225,SOLVED,TRAIN,SOLVED_HARD_le10k
4226,SOLVED,TEST,SOLVED_EASY_le100k
4227,UNKNOWN,TRAIN,UNKNOWN_NONE_gt300k
4228,SOLVED,TRAIN,SOLVED_HARD_gt300k
4229,SOLVED,TRAIN,SOLVED_TRIVIAL_le100k
4230,SOLVED,TRAIN,SOLVED_TRIVIAL_le100k
4231,UNKNOWN,VALIDATION,UNKNOWN_NONE_gt300k
4232,SOLVED,TRAIN,SOLVED_TRIVIAL_le100k
4233,SOLVED,TRAIN,SOLVED_HARD_le100k
4234,SOLVED,TRAIN,SOLVED_TRIVIAL_gt300k
4235,UNKNOWN,TEST,UNKNOWN_NONE_gt300k
4236,SOLVED,VALIDATION,SOLVED_HARD_le300k
4237,SOLVED,TRAIN,SOLVED_TRIVIAL_le100k
4238,SOLVED,TRAIN,SOLVED_EASY_le100k
4239,PROVEN_LOST,TRAIN,PROVEN_LOST_NONE_gt300k
4240,PROVEN_LOST,TEST,PROVEN_LOST_NONE_le100k
4241,SOLVED,VALIDATION,SOLVED_TRIVIAL_le100k
4242,UNKNOWN,TRAIN,UNKNOWN_NONE_gt300k
4243,SOLVED,TRAIN,SOLVED_TRIVIAL_le10k
4244,SOLVED,TRAIN,SOLVED_TRIVIAL_le300k
4245,SOLVED,TEST,SOLVED_NONE_le100k
4246,SOLVED,VALIDATION,SOLVED_TRIVIAL_le10k
4247,SOLVED,TRAIN,SOLVED_TRIVIAL_le100k
4248,SOLVED,TRAIN,SOLVED_TRIVIAL_le10k
4249,SOLVED,TRAIN,SOLVED_TRIVIAL_le100k
4250,UNKNOWN,TEST,UNKNOWN_NONE_gt300k
4251,UNKNOWN,TRAIN,UNKNOWN_NONE_gt300k
4252,SOLVED,TRAIN,SOLVED_TRIVIAL_gt300k
4253,SOLVED,TRAIN,SOLVED_NONE_le100k
4254,SOLVED,TRAIN,SOLVED_NONE_le100k
4255,SOLVED,VALIDATION,SOLVED_TRIVIAL_le10k
4256,SOLVED,TRAIN,SOLVED_TRIVIAL_le10k
4257,SOLVED,TRAIN,SOLVED_TRIVIAL_gt300k
4258,SOLVED,TRAIN,SOLVED_TRIVIAL_gt300k
4259,SOLVED,TRAIN,SOLVED_TRIVIAL_le100k
4260,SOLVED,VALIDATION,SOLVED_EASY_le100k
4261,SOLVED,TRAIN,SOLVED_NONE_le100k
4262,SOLVED,TRAIN,SOLVED_NONE_le100k
4263,SOLVED,TRAIN,SOLVED_TRIVIAL_le100k
4264,SOLVED,TEST,SOLVED_NONE_le100k
4265,SOLVED,VALIDATION,SOLVED_TRIVIAL_le300k
4266,SOLVED,TRAIN,SOLVED_TRIVIAL_le100k
4267,SOLVED,TRAIN,SOLVED_HARD_le300k
4268,UNKNOWN,TRAIN,UNKNOWN_NONE_gt300k
4269,SOLVED,TEST,SOLVED_TRIVIAL_le10k
4270,SOLVED,VALIDATION,SOLVED_TRIVIAL_le10k
4271,UNKNOWN,TRAIN,UNKNOWN_NONE_gt300k
4272,SOLVED,TRAIN,SOLVED_TRIVIAL_le100k
4273,SOLVED,TRAIN,SOLVED_TRIVIAL_le100k
4274,SOLVED,TEST,SOLVED_TRIVIAL_le100k
4275,SOLVED,TRAIN,SOLVED_HARD_le10k
4276,SOLVED,TRAIN,SOLVED_TRIVIAL_le300k
4277,SOLVED,TRAIN,SOLVED_TRIVIAL_le100k
4278,SOLVED,TRAIN,SOLVED_TRIVIAL_le10k
4279,SOLVED,VALIDATION,SOLVED_TRIVIAL_gt300k
4280,SOLVED,TRAIN,SOLVED_TRIVIAL_le300k
4281,SOLVED,TRAIN,SOLVED_NONE_gt300k
4282,SOLVED,TRAIN,SOLVED_TRIVIAL_le100k
4283,UNKNOWN,TRAIN,UNKNOWN_NONE_gt300k
4284,SOLVED,VALIDATION,SOLVED_TRIVIAL_le100k
4285,SOLVED,TRAIN,SOLVED_TRIVIAL_le100k
4286,SOLVED,TRAIN,SOLVED_TRIVIAL_le100k
4287,SOLVED,TRAIN,SOLVED_TRIVIAL_le100k
4288,SOLVED,TEST,SOLVED_TRIVIAL_gt300k
4289,PROVEN_LOST,VALIDATION,PROVEN_LOST_NONE_le10k
4290,SOLVED,TRAIN,SOLVED_TRIVIAL_le100k
4291,SOLVED,TRAIN,SOLVED_HARD_le300k
4292,UNKNOWN,TRAIN,UNKNOWN_NONE_gt300k
4293,SOLVED,TEST,SOLVED_TRIVIAL_le100k
4294,SOLVED,VALIDATION,SOLVED_TRIVIAL_le10k
4295,UNKNOWN,TRAIN,UNKNOWN_NONE_gt300k
4296,SOLVED,TRAIN,SOLVED_NONE_le10k
4297,SOLVED,TRAIN,SOLVED_NONE_le100k
4298,SOLVED,TEST,SOLVED_TRIVIAL_le100k
4299,SOLVED,TRAIN,SOLVED_TRIVIAL_le100k
4300,SOLVED,TRAIN,SOLVED_NONE_gt300k
4301,SOLVED,TRAIN,SOLVED_HARD_gt300k
4302,SOLVED,TRAIN,SOLVED_HARD_le300k
4303,SOLVED,VALIDATION,SOLVED_TRIVIAL_le100k
4304,SOLVED,TRAIN,SOLVED_TRIVIAL_le10k
4305,UNKNOWN,TRAIN,UNKNOWN_NONE_gt300k
4306,SOLVED,TRAIN,SOLVED_HARD_le10k
4307,SOLVED,TRAIN,SOLVED_HARD_le300k
4308,UNKNOWN,VALIDATION,UNKNOWN_NONE_gt300k
4309,SOLVED,TRAIN,SOLVED_TRIVIAL_gt300k
4310,SOLVED,TRAIN,SOLVED_NONE_le100k
4311,SOLVED,TRAIN,SOLVED_TRIVIAL_le100k
4312,SOLVED,TEST,SOLVED_TRIVIAL_le100k
4313,SOLVED,VALIDATION,SOLVED_TRIVIAL_le100k
4314,SOLVED,TRAIN,SOLVED_TRIVIAL_le100k
4315,UNKNOWN,TRAIN,UNKNOWN_NONE_gt300k
4316,SOLVED,TRAIN,SOLVED_NONE_le300k
4317,SOLVED,TEST,SOLVED_TRIVIAL_le100k
4318,UNKNOWN,VALIDATION,UNKNOWN_NONE_gt300k
4319,SOLVED,TRAIN,SOLVED_NONE_gt300k
4320,SOLVED,TRAIN,SOLVED_HARD_gt300k
4321,SOLVED,TRAIN,SOLVED_TRIVIAL_le100k
4322,SOLVED,TEST,SOLVED_NONE_le100k
4323,SOLVED,TRAIN,SOLVED_EASY_le100k
4324,UNKNOWN,TRAIN,UNKNOWN_NONE_gt300k
4325,SOLVED,TRAIN,SOLVED_NONE_gt300k
4326,SOLVED,TRAIN,SOLVED_TRIVIAL_gt300k
4327,SOLVED,VALIDATION,SOLVED_NONE_gt300k
4328,SOLVED,TRAIN,SOLVED_HARD_le100k
4329,PROVEN_LOST,TRAIN,PROVEN_LOST_NONE_gt300k
4330,SOLVED,TRAIN,SOLVED_HARD_gt300k
4331,SOLVED,TRAIN,SOLVED_NONE_le100k
4332,SOLVED,VALIDATION,SOLVED_TRIVIAL_le100k
4333,UNKNOWN,TRAIN,UNKNOWN_NONE_gt300k
4334,SOLVED,TRAIN,SOLVED_TRIVIAL_gt300k
4335,UNKNOWN,TRAIN,UNKNOWN_NONE_gt300k
4336,SOLVED,TEST,SOLVED_NONE_le100k
4337,SOLVED,VALIDATION,SOLVED_NONE_le100k
4338,SOLVED,TRAIN,SOLVED_TRIVIAL_le10k
4339,SOLVED,TRAIN,SOLVED_NONE_le100k
4340,SOLVED,TRAIN,SOLVED_HARD_le100k
4341,SOLVED,TEST,SOLVED_TRIVIAL_gt300k
4342,SOLVED,VALIDATION,SOLVED_HARD_le100k
4343,SOLVED,TRAIN,SOLVED_EASY_le100k
4344,SOLVED,TRAIN,SOLVED_TRIVIAL_le100k
4345,UNKNOWN,TRAIN,UNKNOWN_NONE_gt300k
4346,UNKNOWN,TEST,UNKNOWN_NONE_gt300k
4347,SOLVED,TRAIN,SOLVED_HARD_gt300k
4348,SOLVED,TRAIN,SOLVED_TRIVIAL_le100k
4349,SOLVED,TRAIN,SOLVED_TRIVIAL_le100k
4350,SOLVED,TRAIN,SOLVED_NONE_le10k
4351,UNKNOWN,TEST,UNKNOWN_NONE_gt300k
4352,SOLVED,TRAIN,SOLVED_TRIVIAL_le100k
4353,SOLVED,TRAIN,SOLVED_TRIVIAL_le100k
4354,SOLVED,TRAIN,SOLVED_HARD_le100k
4355,UNKNOWN,TRAIN,UNKNOWN_NONE_gt300k
4356,SOLVED,VALIDATION,SOLVED_TRIVIAL_gt300k
4357,UNKNOWN,TRAIN,UNKNOWN_NONE_gt300k
4358,UNKNOWN,TRAIN,UNKNOWN_NONE_gt300k
4359,UNKNOWN,TRAIN,UNKNOWN_NONE_gt300k
4360,UNKNOWN,TEST,UNKNOWN_NONE_gt300k
4361,SOLVED,VALIDATION,SOLVED_NONE_gt300k
4362,SOLVED,TRAIN,SOLVED_HARD_le100k
4363,UNKNOWN,TRAIN,UNKNOWN_NONE_gt300k
4364,UNKNOWN,TRAIN,UNKNOWN_NONE_gt300k
4365,SOLVED,TEST,SOLVED_TRIVIAL_gt300k
4366,SOLVED,VALIDATION,SOLVED_TRIVIAL_le10k
4367,SOLVED,TRAIN,SOLVED_TRIVIAL_gt300k
4368,SOLVED,TRAIN,SOLVED_NONE_le100k
4369,UNKNOWN,TRAIN,UNKNOWN_NONE_gt300k
4370,SOLVED,TEST,SOLVED_NONE_gt300k
4371,SOLVED,TRAIN,SOLVED_TRIVIAL_le10k
4372,UNKNOWN,TRAIN,UNKNOWN_NONE_gt300k
4373,SOLVED,TRAIN,SOLVED_TRIVIAL_le100k
4374,SOLVED,TRAIN,SOLVED_NONE_gt300k
4375,SOLVED,TEST,SOLVED_TRIVIAL_le10k
4376,SOLVED,TRAIN,SOLVED_NONE_gt300k
4377,UNKNOWN,TRAIN,UNKNOWN_NONE_gt300k
4378,UNKNOWN,TRAIN,UNKNOWN_NONE_gt300k
4379,SOLVED,TRAIN,SOLVED_NONE_le100k
4380,SOLVED,VALIDATION,SOLVED_TRIVIAL_gt300k
4381,SOLVED,TRAIN,SOLVED_TRIVIAL_le100k
4382,SOLVED,TRAIN,SOLVED_TRIVIAL_le100k
4383,SOLVED,TRAIN,SOLVED_TRIVIAL_gt300k
4384,SOLVED,TEST,SOLVED_TRIVIAL_le10k
4385,SOLVED,VALIDATION,SOLVED_TRIVIAL_gt300k
4386,SOLVED,TRAIN,SOLVED_TRIVIAL_gt300k
4387,SOLVED,TRAIN,SOLVED_NONE_le100k
4388,SOLVED,TRAIN,SOLVED_TRIVIAL_le100k
4389,SOLVED,TEST,SOLVED_NONE_gt300k
4390,SOLVED,VALIDATION,SOLVED_TRIVIAL_le10k
4391,SOLVED,TRAIN,SOLVED_TRIVIAL_gt300k
4392,SOLVED,TRAIN,SOLVED_HARD_le300k
4393,SOLVED,TRAIN,SOLVED_TRIVIAL_le100k
4394,SOLVED,TEST,SOLVED_TRIVIAL_le100k
4395,SOLVED,TRAIN,SOLVED_EASY_gt300k
4396,SOLVED,TRAIN,SOLVED_HARD_le100k
4397,SOLVED,TRAIN,SOLVED_EASY_le10k
4398,SOLVED,TRAIN,SOLVED_TRIVIAL_le100k
4399,UNKNOWN,TEST,UNKNOWN_NONE_gt300k
4400,SOLVED,TRAIN,SOLVED_TRIVIAL_gt300k
4401,UNKNOWN,TRAIN,UNKNOWN_NONE_gt300k
4402,SOLVED,TRAIN,SOLVED_TRIVIAL_gt300k
4403,SOLVED,TRAIN,SOLVED_HARD_le10k
4404,SOLVED,VALIDATION,SOLVED_HARD_gt300k
4405,SOLVED,TRAIN,SOLVED_NONE_gt300k
4406,SOLVED,TRAIN,SOLVED_TRIVIAL_le300k
4407,SOLVED,TRAIN,SOLVED_TRIVIAL_le100k
4408,SOLVED,TEST,SOLVED_NONE_le100k
4409,SOLVED,VALIDATION,SOLVED_TRIVIAL_le100k
4410,UNKNOWN,TRAIN,UNKNOWN_NONE_gt300k
4411,SOLVED,TRAIN,SOLVED_TRIVIAL_le100k
4412,UNKNOWN,TRAIN,UNKNOWN_NONE_gt300k
4413,UNKNOWN,TEST,UNKNOWN_NONE_gt300k
4414,SOLVED,VALIDATION,SOLVED_NONE_le10k
4415,SOLVED,TRAIN,SOLVED_TRIVIAL_gt300k
4416,SOLVED,TRAIN,SOLVED_TRIVIAL_le100k
4417,SOLVED,TRAIN,SOLVED_TRIVIAL_le100k
4418,SOLVED,TEST,SOLVED_NONE_gt300k
4419,SOLVED,VALIDATION,SOLVED_TRIVIAL_le10k
4420,SOLVED,TRAIN,SOLVED_NONE_le100k
4421,SOLVED,TRAIN,SOLVED_TRIVIAL_le300k
4422,SOLVED,TRAIN,SOLVED_TRIVIAL_le10k
4423,PROVEN_LOST,TEST,PROVEN_LOST_NONE_le300k
4424,SOLVED,TRAIN,SOLVED_NONE_le100k
4425,SOLVED,TRAIN,SOLVED_NONE_le10k
4426,SOLVED,TRAIN,SOLVED_HARD_le100k
4427,SOLVED,TRAIN,SOLVED_TRIVIAL_le100k
4428,SOLVED,VALIDATION,SOLVED_TRIVIAL_le100k
4429,SOLVED,TRAIN,SOLVED_TRIVIAL_gt300k
4430,UNKNOWN,TRAIN,UNKNOWN_NONE_gt300k
4431,SOLVED,TRAIN,SOLVED_TRIVIAL_le100k
4432,SOLVED,TEST,SOLVED_TRIVIAL_le10k
4433,SOLVED,VALIDATION,SOLVED_HARD_le100k
4434,SOLVED,TRAIN,SOLVED_HARD_le100k
4435,SOLVED,TRAIN,SOLVED_NONE_le100k
4436,SOLVED,TRAIN,SOLVED_HARD_le100k
4437,SOLVED,TEST,SOLVED_NONE_le100k
4438,SOLVED,VALIDATION,SOLVED_TRIVIAL_gt300k
4439,SOLVED,TRAIN,SOLVED_TRIVIAL_le100k
4440,SOLVED,TRAIN,SOLVED_TRIVIAL_le100k
4441,UNKNOWN,TRAIN,UNKNOWN_NONE_gt300k
4442,SOLVED,TEST,SOLVED_EASY_le100k
4443,UNKNOWN,VALIDATION,UNKNOWN_NONE_gt300k
4444,SOLVED,TRAIN,SOLVED_NONE_le100k
4445,SOLVED,TRAIN,SOLVED_HARD_gt300k
4446,SOLVED,TRAIN,SOLVED_TRIVIAL_le10k
4447,SOLVED,TEST,SOLVED_HARD_gt300k
4448,UNKNOWN,TRAIN,UNKNOWN_NONE_gt300k
4449,UNKNOWN,TRAIN,UNKNOWN_NONE_gt300k
4450,SOLVED,TRAIN,SOLVED_HARD_le300k
4451,SOLVED,TRAIN,SOLVED_NONE_le10k
4452,SOLVED,VALIDATION,SOLVED_NONE_le100k
4453,SOLVED,TRAIN,SOLVED_TRIVIAL_le300k
4454,SOLVED,TRAIN,SOLVED_NONE_le100k
4455,SOLVED,TRAIN,SOLVED_HARD_le100k
4456,SOLVED,TRAIN,SOLVED_EXPERT_le100k
4457,SOLVED,VALIDATION,SOLVED_TRIVIAL_le10k
4458,SOLVED,TRAIN,SOLVED_TRIVIAL_le100k
4459,SOLVED,TRAIN,SOLVED_EASY_le100k
4460,SOLVED,TRAIN,SOLVED_TRIVIAL_le10k
4461,SOLVED,TEST,SOLVED_HARD_le300k
4462,SOLVED,VALIDATION,SOLVED_HARD_le100k
4463,SOLVED,TRAIN,SOLVED_TRIVIAL_le100k
4464,SOLVED,TRAIN,SOLVED_EASY_gt300k
4465,UNKNOWN,TRAIN,UNKNOWN_NONE_gt300k
4466,SOLVED,TEST,SOLVED_NONE_le100k
4467,SOLVED,VALIDATION,SOLVED_NONE_le100k
4468,UNKNOWN,TRAIN,UNKNOWN_NONE_gt300k
4469,SOLVED,TRAIN,SOLVED_NONE_gt300k
4470,SOLVED,TRAIN,SOLVED_MEDIUM_le100k
4471,SOLVED,TEST,SOLVED_NONE_gt300k
4472,SOLVED,TRAIN,SOLVED_NONE_le100k
4473,SOLVED,TRAIN,SOLVED_NONE_gt300k
4474,SOLVED,TRAIN,SOLVED_TRIVIAL_le10k
4475,SOLVED,TRAIN,SOLVED_NONE_le100k
4476,SOLVED,VALIDATION,SOLVED_EXPERT_le100k
4477,SOLVED,TRAIN,SOLVED_TRIVIAL_le10k
4478,SOLVED,TRAIN,SOLVED_NONE_le100k
4479,SOLVED,TRAIN,SOLVED_NONE_le100k
4480,SOLVED,TRAIN,SOLVED_EXPERT_gt300k
4481,SOLVED,VALIDATION,SOLVED_NONE_gt300k
4482,SOLVED,TRAIN,SOLVED_EASY_le100k
4483,UNKNOWN,TRAIN,UNKNOWN_NONE_gt300k
4484,SOLVED,TRAIN,SOLVED_TRIVIAL_le10k
4485,SOLVED,TEST,SOLVED_TRIVIAL_le100k
4486,SOLVED,VALIDATION,SOLVED_HARD_le10k
4487,SOLVED,TRAIN,SOLVED_TRIVIAL_le100k
4488,SOLVED,TRAIN,SOLVED_TRIVIAL_le100k
4489,SOLVED,TRAIN,SOLVED_NONE_le10k
4490,SOLVED,TEST,SOLVED_EASY_gt300k
4491,SOLVED,VALIDATION,SOLVED_TRIVIAL_le100k
4492,SOLVED,TRAIN,SOLVED_HARD_le10k
4493,SOLVED,TRAIN,SOLVED_TRIVIAL_le10k
4494,SOLVED,TRAIN,SOLVED_NONE_le300k
4495,SOLVED,TEST,SOLVED_NONE_le10k
4496,SOLVED,TRAIN,SOLVED_NONE_le10k
4497,SOLVED,TRAIN,SOLVED_TRIVIAL_le10k
4498,SOLVED,TRAIN,SOLVED_TRIVIAL_gt300k
4499,SOLVED,TRAIN,SOLVED_HARD_le10k
4500,SOLVED,VALIDATION,SOLVED_TRIVIAL_le10k
4501,SOLVED,TRAIN,SOLVED_TRIVIAL_le100k
4502,SOLVED,TRAIN,SOLVED_TRIVIAL_le100k
4503,SOLVED,TRAIN,SOLVED_TRIVIAL_gt300k
4504,SOLVED,TRAIN,SOLVED_EXPERT_gt300k
4505,SOLVED,VALIDATION,SOLVED_NONE_le10k
4506,SOLVED,TRAIN,SOLVED_TRIVIAL_le100k
4507,UNKNOWN,TRAIN,UNKNOWN_NONE_gt300k
4508,UNKNOWN,TRAIN,UNKNOWN_NONE_gt300k
4509,SOLVED,TEST,SOLVED_HARD_le100k
4510,SOLVED,VALIDATION,SOLVED_TRIVIAL_le300k
4511,SOLVED,TRAIN,SOLVED_TRIVIAL_le100k
4512,SOLVED,TRAIN,SOLVED_NONE_le100k
4513,UNKNOWN,TRAIN,UNKNOWN_NONE_gt300k
4514,SOLVED,TEST,SOLVED_TRIVIAL_le100k
4515,SOLVED,VALIDATION,SOLVED_TRIVIAL_le300k
4516,SOLVED,TRAIN,SOLVED_NONE_gt300k
4517,SOLVED,TRAIN,SOLVED_TRIVIAL_gt300k
4518,UNKNOWN,TRAIN,UNKNOWN_NONE_gt300k
4519,PROVEN_LOST,TEST,PROVEN_LOST_NONE_gt300k
4520,PROVEN_LOST,TRAIN,PROVEN_LOST_NONE_le300k
4521,SOLVED,TRAIN,SOLVED_TRIVIAL_le10k
4522,SOLVED,TRAIN,SOLVED_TRIVIAL_gt300k
4523,SOLVED,TRAIN,SOLVED_EASY_le300k
4524,SOLVED,TEST,SOLVED_TRIVIAL_le100k
4525,SOLVED,TRAIN,SOLVED_NONE_le100k
4526,SOLVED,TRAIN,SOLVED_TRIVIAL_le300k
4527,SOLVED,TRAIN,SOLVED_TRIVIAL_le100k
4528,SOLVED,TRAIN,SOLVED_TRIVIAL_le100k
4529,SOLVED,VALIDATION,SOLVED_NONE_le10k
4530,SOLVED,TRAIN,SOLVED_TRIVIAL_le10k
4531,SOLVED,TRAIN,SOLVED_TRIVIAL_gt300k
4532,UNKNOWN,TRAIN,UNKNOWN_NONE_gt300k
4533,SOLVED,TEST,SOLVED_HARD_le100k
4534,SOLVED,VALIDATION,SOLVED_TRIVIAL_le100k
4535,SOLVED,TRAIN,SOLVED_TRIVIAL_le300k
4536,PROVEN_LOST,TRAIN,PROVEN_LOST_NONE_gt300k
4537,SOLVED,TRAIN,SOLVED_TRIVIAL_le300k
4538,UNKNOWN,TEST,UNKNOWN_NONE_gt300k
4539,SOLVED,VALIDATION,SOLVED_TRIVIAL_le100k
4540,SOLVED,TRAIN,SOLVED_TRIVIAL_le100k
4541,SOLVED,TRAIN,SOLVED_TRIVIAL_le100k
4542,SOLVED,TRAIN,SOLVED_TRIVIAL_le100k
4543,SOLVED,TEST,SOLVED_TRIVIAL_le100k
4544,SOLVED,TRAIN,SOLVED_TRIVIAL_le100k
4545,SOLVED,TRAIN,SOLVED_TRIVIAL_gt300k
4546,SOLVED,TRAIN,SOLVED_EASY_le100k
4547,SOLVED,TRAIN,SOLVED_TRIVIAL_le100k
4548,SOLVED,TEST,SOLVED_NONE_le300k
4549,SOLVED,TRAIN,SOLVED_TRIVIAL_le100k
4550,SOLVED,TRAIN,SOLVED_TRIVIAL_le100k
4551,SOLVED,TRAIN,SOLVED_TRIVIAL_le100k
4552,SOLVED,TRAIN,SOLVED_TRIVIAL_gt300k
4553,SOLVED,VALIDATION,SOLVED_TRIVIAL_le100k
4554,SOLVED,TRAIN,SOLVED_TRIVIAL_le100k
4555,SOLVED,TRAIN,SOLVED_TRIVIAL_le100k
4556,SOLVED,TRAIN,SOLVED_TRIVIAL_le100k
4557,SOLVED,TEST,SOLVED_HARD_le100k
4558,SOLVED,VALIDATION,SOLVED_NONE_gt300k
4559,SOLVED,TRAIN,SOLVED_NONE_gt300k
4560,SOLVED,TRAIN,SOLVED_EASY_le100k
4561,SOLVED,TRAIN,SOLVED_NONE_gt300k
4562,SOLVED,TEST,SOLVED_TRIVIAL_gt300k
4563,SOLVED,VALIDATION,SOLVED_TRIVIAL_le100k
4564,SOLVED,TRAIN,SOLVED_NONE_le100k
4565,SOLVED,TRAIN,SOLVED_HARD_le100k
4566,UNKNOWN,TRAIN,UNKNOWN_NONE_gt300k
4567,SOLVED,TEST,SOLVED_HARD_le100k
4568,SOLVED,TRAIN,SOLVED_TRIVIAL_gt300k
4569,SOLVED,TRAIN,SOLVED_TRIVIAL_gt300k
4570,SOLVED,TRAIN,SOLVED_TRIVIAL_le100k
4571,SOLVED,TRAIN,SOLVED_TRIVIAL_le300k
4572,SOLVED,TEST,SOLVED_HARD_gt300k
4573,SOLVED,TRAIN,SOLVED_TRIVIAL_le100k
4574,SOLVED,TRAIN,SOLVED_TRIVIAL_le300k
4575,SOLVED,TRAIN,SOLVED_NONE_le100k
4576,SOLVED,TRAIN,SOLVED_HARD_le100k
4577,SOLVED,VALIDATION,SOLVED_TRIVIAL_le10k
4578,SOLVED,TRAIN,SOLVED_TRIVIAL_le100k
4579,UNKNOWN,TRAIN,UNKNOWN_NONE_gt300k
4580,SOLVED,TRAIN,SOLVED_NONE_le100k
4581,SOLVED,TEST,SOLVED_TRIVIAL_le10k
4582,UNKNOWN,VALIDATION,UNKNOWN_NONE_gt300k
4583,SOLVED,TRAIN,SOLVED_TRIVIAL_le100k
4584,SOLVED,TRAIN,SOLVED_HARD_le100k
4585,SOLVED,TRAIN,SOLVED_TRIVIAL_le10k
4586,SOLVED,TEST,SOLVED_HARD_le100k
4587,SOLVED,VALIDATION,SOLVED_NONE_le100k
4588,PROVEN_LOST,TRAIN,PROVEN_LOST_NONE_gt300k
4589,UNKNOWN,TRAIN,UNKNOWN_NONE_gt300k
4590,PROVEN_LOST,TRAIN,PROVEN_LOST_NONE_gt300k
4591,SOLVED,TEST,SOLVED_TRIVIAL_le100k
4592,SOLVED,VALIDATION,SOLVED_TRIVIAL_gt300k
4593,SOLVED,TRAIN,SOLVED_HARD_le100k
4594,SOLVED,TRAIN,SOLVED_TRIVIAL_gt300k
4595,SOLVED,TRAIN,SOLVED_TRIVIAL_gt300k
4596,SOLVED,TEST,SOLVED_NONE_gt300k
4597,SOLVED,TRAIN,SOLVED_TRIVIAL_gt300k
4598,UNKNOWN,TRAIN,UNKNOWN_NONE_gt300k
4599,SOLVED,TRAIN,SOLVED_TRIVIAL_le300k
4600,SOLVED,TRAIN,SOLVED_NONE_gt300k
4601,SOLVED,VALIDATION,SOLVED_TRIVIAL_le100k
4602,SOLVED,TRAIN,SOLVED_HARD_le300k
4603,SOLVED,TRAIN,SOLVED_TRIVIAL_le10k
4604,SOLVED,TRAIN,SOLVED_EASY_le300k
4605,UNKNOWN,TEST,UNKNOWN_NONE_gt300k
4606,SOLVED,VALIDATION,SOLVED_TRIVIAL_le100k
4607,SOLVED,TRAIN,SOLVED_NONE_le10k
4608,SOLVED,TRAIN,SOLVED_TRIVIAL_le100k
4609,SOLVED,TRAIN,SOLVED_TRIVIAL_le100k
4610,UNKNOWN,TEST,UNKNOWN_NONE_gt300k
4611,SOLVED,VALIDATION,SOLVED_NONE_le100k
4612,UNKNOWN,TRAIN,UNKNOWN_NONE_gt300k
4613,SOLVED,TRAIN,SOLVED_TRIVIAL_le100k
4614,SOLVED,TRAIN,SOLVED_HARD_le100k
4615,SOLVED,TEST,SOLVED_TRIVIAL_le100k
4616,SOLVED,VALIDATION,SOLVED_HARD_le100k
4617,SOLVED,TRAIN,SOLVED_TRIVIAL_le100k
4618,UNKNOWN,TRAIN,UNKNOWN_NONE_gt300k
4619,SOLVED,TRAIN,SOLVED_TRIVIAL_le100k
4620,SOLVED,TEST,SOLVED_TRIVIAL_le100k
4621,PROVEN_LOST,TRAIN,PROVEN_LOST_NONE_gt300k
4622,SOLVED,TRAIN,SOLVED_TRIVIAL_le100k
4623,SOLVED,TRAIN,SOLVED_TRIVIAL_le300k
4624,SOLVED,TRAIN,SOLVED_EXPERT_le100k
4625,SOLVED,VALIDATION,SOLVED_TRIVIAL_le100k
4626,SOLVED,TRAIN,SOLVED_NONE_le100k
4627,SOLVED,TRAIN,SOLVED_NONE_le100k
4628,SOLVED,TRAIN,SOLVED_TRIVIAL_le100k
4629,SOLVED,TRAIN,SOLVED_TRIVIAL_le10k
4630,UNKNOWN,VALIDATION,UNKNOWN_NONE_gt300k
4631,SOLVED,TRAIN,SOLVED_HARD_gt300k
4632,SOLVED,TRAIN,SOLVED_TRIVIAL_le10k
4633,UNKNOWN,TRAIN,UNKNOWN_NONE_gt300k
4634,SOLVED,TEST,SOLVED_EASY_le100k
4635,UNKNOWN,VALIDATION,UNKNOWN_NONE_gt300k
4636,UNKNOWN,TRAIN,UNKNOWN_NONE_gt300k
4637,SOLVED,TRAIN,SOLVED_TRIVIAL_gt300k
4638,SOLVED,TRAIN,SOLVED_NONE_le100k
4639,SOLVED,TEST,SOLVED_HARD_le100k
4640,SOLVED,VALIDATION,SOLVED_TRIVIAL_le100k
4641,SOLVED,TRAIN,SOLVED_HARD_gt300k
4642,SOLVED,TRAIN,SOLVED_TRIVIAL_gt300k
4643,SOLVED,TRAIN,SOLVED_TRIVIAL_le100k
4644,SOLVED,TEST,SOLVED_NONE_le100k
4645,SOLVED,TRAIN,SOLVED_TRIVIAL_le300k
4646,PROVEN_LOST,TRAIN,PROVEN_LOST_NONE_gt300k
4647,SOLVED,TRAIN,SOLVED_NONE_le10k
4648,SOLVED,TRAIN,SOLVED_NONE_le300k
4649,SOLVED,VALIDATION,SOLVED_TRIVIAL_le300k
4650,SOLVED,TRAIN,SOLVED_HARD_gt300k
4651,SOLVED,TRAIN,SOLVED_TRIVIAL_le10k
4652,SOLVED,TRAIN,SOLVED_NONE_le100k
4653,SOLVED,TRAIN,SOLVED_TRIVIAL_gt300k
4654,SOLVED,VALIDATION,SOLVED_TRIVIAL_le300k
4655,UNKNOWN,TRAIN,UNKNOWN_NONE_gt300k
4656,SOLVED,TRAIN,SOLVED_NONE_le300k
4657,SOLVED,TRAIN,SOLVED_TRIVIAL_le100k
4658,UNKNOWN,TEST,UNKNOWN_NONE_gt300k
4659,SOLVED,VALIDATION,SOLVED_TRIVIAL_le100k
4660,SOLVED,TRAIN,SOLVED_NONE_le100k
4661,SOLVED,TRAIN,SOLVED_TRIVIAL_le100k
4662,SOLVED,TRAIN,SOLVED_NONE_gt300k
4663,SOLVED,TEST,SOLVED_TRIVIAL_le100k
4664,SOLVED,VALIDATION,SOLVED_TRIVIAL_gt300k
4665,SOLVED,TRAIN,SOLVED_EXPERT_gt300k
4666,SOLVED,TRAIN,SOLVED_TRIVIAL_gt300k
4667,SOLVED,TRAIN,SOLVED_TRIVIAL_le300k
4668,UNKNOWN,TEST,UNKNOWN_NONE_gt300k
4669,SOLVED,TRAIN,SOLVED_HARD_le100k
4670,SOLVED,TRAIN,SOLVED_TRIVIAL_le100k
4671,SOLVED,TRAIN,SOLVED_TRIVIAL_le100k
4672,PROVEN_LOST,TRAIN,PROVEN_LOST_NONE_gt300k
4673,SOLVED,VALIDATION,SOLVED_NONE_le100k
4674,SOLVED,TRAIN,SOLVED_TRIVIAL_gt300k
4675,SOLVED,TRAIN,SOLVED_TRIVIAL_le100k
4676,SOLVED,TRAIN,SOLVED_TRIVIAL_le100k
4677,SOLVED,TRAIN,SOLVED_TRIVIAL_le10k
4678,SOLVED,VALIDATION,SOLVED_TRIVIAL_le300k
4679,SOLVED,TRAIN,SOLVED_TRIVIAL_le10k
4680,UNKNOWN,TRAIN,UNKNOWN_NONE_gt300k
4681,SOLVED,TRAIN,SOLVED_TRIVIAL_le100k
4682,SOLVED,TEST,SOLVED_NONE_le100k
4683,SOLVED,VALIDATION,SOLVED_TRIVIAL_le100k
4684,SOLVED,TRAIN,SOLVED_NONE_gt300k
4685,PROVEN_LOST,TRAIN,PROVEN_LOST_NONE_gt300k
4686,PROVEN_LOST,TRAIN,PROVEN_LOST_NONE_gt300k
4687,SOLVED,TEST,SOLVED_TRIVIAL_gt300k
4688,SOLVED,VALIDATION,SOLVED_NONE_le10k
4689,SOLVED,TRAIN,SOLVED_TRIVIAL_gt300k
4690,SOLVED,TRAIN,SOLVED_TRIVIAL_gt300k
4691,SOLVED,TRAIN,SOLVED_NONE_le100k
4692,SOLVED,TEST,SOLVED_TRIVIAL_le100k
4693,SOLVED,TRAIN,SOLVED_TRIVIAL_le100k
4694,UNKNOWN,TRAIN,UNKNOWN_NONE_gt300k
4695,SOLVED,TRAIN,SOLVED_TRIVIAL_le100k
4696,SOLVED,TRAIN,SOLVED_TRIVIAL_le10k
4697,SOLVED,TEST,SOLVED_NONE_le10k
4698,SOLVED,TRAIN,SOLVED_TRIVIAL_le10k
4699,SOLVED,TRAIN,SOLVED_NONE_le100k
4700,SOLVED,TRAIN,SOLVED_NONE_le100k
4701,SOLVED,TRAIN,SOLVED_HARD_le300k
4702,SOLVED,VALIDATION,SOLVED_TRIVIAL_gt300k
4703,UNKNOWN,TRAIN,UNKNOWN_NONE_gt300k
4704,SOLVED,TRAIN,SOLVED_TRIVIAL_le100k
4705,SOLVED,TRAIN,SOLVED_TRIVIAL_gt300k
4706,SOLVED,TEST,SOLVED_TRIVIAL_gt300k
4707,SOLVED,VALIDATION,SOLVED_TRIVIAL_gt300k
4708,SOLVED,TRAIN,SOLVED_TRIVIAL_le100k
4709,UNKNOWN,TRAIN,UNKNOWN_NONE_gt300k
4710,SOLVED,TRAIN,SOLVED_TRIVIAL_le300k
4711,PROVEN_LOST,TEST,PROVEN_LOST_NONE_gt300k
4712,SOLVED,VALIDATION,SOLVED_TRIVIAL_le100k
4713,SOLVED,TRAIN,SOLVED_NONE_le10k
4714,SOLVED,TRAIN,SOLVED_NONE_gt300k
4715,UNKNOWN,TRAIN,UNKNOWN_NONE_gt300k
4716,PROVEN_LOST,TEST,PROVEN_LOST_NONE_gt300k
4717,SOLVED,TRAIN,SOLVED_TRIVIAL_le100k
4718,UNKNOWN,TRAIN,UNKNOWN_NONE_gt300k
4719,SOLVED,TRAIN,SOLVED_HARD_le300k
4720,SOLVED,TRAIN,SOLVED_NONE_le100k
4721,SOLVED,TEST,SOLVED_EXPERT_le10k
4722,SOLVED,TRAIN,SOLVED_TRIVIAL_gt300k
4723,SOLVED,TRAIN,SOLVED_NONE_le100k
4724,SOLVED,TRAIN,SOLVED_TRIVIAL_gt300k
4725,SOLVED,TRAIN,SOLVED_NONE_le10k
4726,SOLVED,VALIDATION,SOLVED_HARD_le10k
4727,UNKNOWN,TRAIN,UNKNOWN_NONE_gt300k
4728,SOLVED,TRAIN,SOLVED_NONE_le10k
4729,SOLVED,TRAIN,SOLVED_TRIVIAL_gt300k
4730,SOLVED,TEST,SOLVED_NONE_le10k
4731,SOLVED,VALIDATION,SOLVED_TRIVIAL_gt300k
4732,SOLVED,TRAIN,SOLVED_TRIVIAL_le300k
4733,SOLVED,TRAIN,SOLVED_TRIVIAL_le10k
4734,SOLVED,TRAIN,SOLVED_HARD_le100k
4735,SOLVED,TEST,SOLVED_NONE_le100k
4736,UNKNOWN,VALIDATION,UNKNOWN_NONE_gt300k
4737,SOLVED,TRAIN,SOLVED_HARD_gt300k
4738,UNKNOWN,TRAIN,UNKNOWN_NONE_gt300k
4739,SOLVED,TRAIN,SOLVED_TRIVIAL_gt300k
4740,SOLVED,TEST,SOLVED_TRIVIAL_le10k
4741,SOLVED,TRAIN,SOLVED_TRIVIAL_le10k
4742,SOLVED,TRAIN,SOLVED_TRIVIAL_le100k
4743,SOLVED,TRAIN,SOLVED_EASY_gt300k
4744,SOLVED,TRAIN,SOLVED_TRIVIAL_le100k
4745,SOLVED,TEST,SOLVED_TRIVIAL_le100k
4746,SOLVED,TRAIN,SOLVED_TRIVIAL_gt300k
4747,UNKNOWN,TRAIN,UNKNOWN_NONE_gt300k
4748,SOLVED,TRAIN,SOLVED_HARD_le100k
4749,SOLVED,TRAIN,SOLVED_TRIVIAL_le100k
4750,UNKNOWN,VALIDATION,UNKNOWN_NONE_gt300k
4751,SOLVED,TRAIN,SOLVED_NONE_le300k
4752,SOLVED,TRAIN,SOLVED_HARD_le100k
4753,SOLVED,TRAIN,SOLVED_TRIVIAL_le10k
4754,SOLVED,TEST,SOLVED_NONE_le300k
4755,SOLVED,VALIDATION,SOLVED_NONE_le100k
4756,UNKNOWN,TRAIN,UNKNOWN_NONE_gt300k
4757,SOLVED,TRAIN,SOLVED_TRIVIAL_le100k
4758,SOLVED,TRAIN,SOLVED_NONE_le100k
4759,UNKNOWN,TEST,UNKNOWN_NONE_gt300k
4760,SOLVED,VALIDATION,SOLVED_TRIVIAL_gt300k
4761,SOLVED,TRAIN,SOLVED_TRIVIAL_le100k
4762,UNKNOWN,TRAIN,UNKNOWN_NONE_gt300k
4763,UNKNOWN,TRAIN,UNKNOWN_NONE_gt300k
4764,SOLVED,TEST,SOLVED_TRIVIAL_le100k
4765,SOLVED,VALIDATION,SOLVED_TRIVIAL_le100k
4766,SOLVED,TRAIN,SOLVED_TRIVIAL_le100k
4767,UNKNOWN,TRAIN,UNKNOWN_NONE_gt300k
4768,UNKNOWN,TRAIN,UNKNOWN_NONE_gt300k
4769,SOLVED,TEST,SOLVED_TRIVIAL_le300k
4770,SOLVED,TRAIN,SOLVED_TRIVIAL_le100k
4771,SOLVED,TRAIN,SOLVED_NONE_le100k
4772,SOLVED,TRAIN,SOLVED_TRIVIAL_le100k
4773,SOLVED,TRAIN,SOLVED_TRIVIAL_le100k
4774,SOLVED,VALIDATION,SOLVED_TRIVIAL_le300k
4775,PROVEN_LOST,TRAIN,PROVEN_LOST_NONE_le10k
4776,SOLVED,TRAIN,SOLVED_TRIVIAL_le100k
4777,SOLVED,TRAIN,SOLVED_NONE_le100k
4778,SOLVED,TEST,SOLVED_TRIVIAL_gt300k
4779,SOLVED,VALIDATION,SOLVED_TRIVIAL_le10k
4780,SOLVED,TRAIN,SOLVED_TRIVIAL_le100k
4781,SOLVED,TRAIN,SOLVED_TRIVIAL_le100k
4782,SOLVED,TRAIN,SOLVED_EASY_le100k
4783,SOLVED,TEST,SOLVED_TRIVIAL_le100k
4784,SOLVED,VALIDATION,SOLVED_NONE_gt300k
4785,UNKNOWN,TRAIN,UNKNOWN_NONE_gt300k
4786,SOLVED,TRAIN,SOLVED_TRIVIAL_le100k
4787,UNKNOWN,TRAIN,UNKNOWN_NONE_gt300k
4788,SOLVED,TEST,SOLVED_TRIVIAL_gt300k
4789,SOLVED,VALIDATION,SOLVED_TRIVIAL_le300k
4790,SOLVED,TRAIN,SOLVED_TRIVIAL_le100k
4791,UNKNOWN,TRAIN,UNKNOWN_NONE_gt300k
4792,SOLVED,TRAIN,SOLVED_HARD_gt300k
4793,SOLVED,TEST,SOLVED_TRIVIAL_le100k
4794,SOLVED,TRAIN,SOLVED_TRIVIAL_le100k
4795,UNKNOWN,TRAIN,UNKNOWN_NONE_gt300k
4796,SOLVED,TRAIN,SOLVED_NONE_le100k
4797,SOLVED,TRAIN,SOLVED_TRIVIAL_le100k
4798,SOLVED,VALIDATION,SOLVED_TRIVIAL_le100k
4799,UNKNOWN,TRAIN,UNKNOWN_NONE_gt300k
4800,SOLVED,TRAIN,SOLVED_NONE_gt300k
4801,UNKNOWN,TRAIN,UNKNOWN_NONE_gt300k
4802,SOLVED,TRAIN,SOLVED_TRIVIAL_le10k
4803,UNKNOWN,VALIDATION,UNKNOWN_NONE_gt300k
4804,SOLVED,TRAIN,SOLVED_TRIVIAL_le100k
4805,SOLVED,TRAIN,SOLVED_HARD_le10k
4806,UNKNOWN,TRAIN,UNKNOWN_NONE_gt300k
4807,UNKNOWN,TEST,UNKNOWN_NONE_gt300k
4808,SOLVED,VALIDATION,SOLVED_TRIVIAL_le10k
4809,UNKNOWN,TRAIN,UNKNOWN_NONE_gt300k
4810,SOLVED,TRAIN,SOLVED_TRIVIAL_le100k
4811,SOLVED,TRAIN,SOLVED_NONE_le100k
4812,SOLVED,TEST,SOLVED_TRIVIAL_le10k
4813,SOLVED,VALIDATION,SOLVED_NONE_le100k
4814,SOLVED,TRAIN,SOLVED_HARD_gt300k
4815,SOLVED,TRAIN,SOLVED_TRIVIAL_le10k
4816,SOLVED,TRAIN,SOLVED_TRIVIAL_le10k
4817,SOLVED,TEST,SOLVED_NONE_le10k
4818,UNKNOWN,TRAIN,UNKNOWN_NONE_gt300k
4819,SOLVED,TRAIN,SOLVED_MEDIUM_gt300k
4820,SOLVED,TRAIN,SOLVED_TRIVIAL_gt300k
4821,SOLVED,TRAIN,SOLVED_HARD_le300k
4822,SOLVED,VALIDATION,SOLVED_TRIVIAL_le100k
4823,SOLVED,TRAIN,SOLVED_TRIVIAL_le100k
4824,UNKNOWN,TRAIN,UNKNOWN_NONE_gt300k
4825,SOLVED,TRAIN,SOLVED_TRIVIAL_le100k
4826,SOLVED,TRAIN,SOLVED_TRIVIAL_le300k
4827,SOLVED,VALIDATION,SOLVED_EASY_le100k
4828,SOLVED,TRAIN,SOLVED_NONE_le100k
4829,SOLVED,TRAIN,SOLVED_NONE_le100k
4830,SOLVED,TRAIN,SOLVED_TRIVIAL_gt300k
4831,SOLVED,TEST,SOLVED_TRIVIAL_le100k
4832,SOLVED,VALIDATION,SOLVED_TRIVIAL_le100k
4833,SOLVED,TRAIN,SOLVED_HARD_le100k
4834,SOLVED,TRAIN,SOLVED_TRIVIAL_le100k
4835,SOLVED,TRAIN,SOLVED_TRIVIAL_le100k
4836,SOLVED,TEST,SOLVED_TRIVIAL_le100k
4837,SOLVED,VALIDATION,SOLVED_TRIVIAL_le100k
4838,UNKNOWN,TRAIN,UNKNOWN_NONE_gt300k
4839,SOLVED,TRAIN,SOLVED_NONE_le100k
4840,SOLVED,TRAIN,SOLVED_TRIVIAL_gt300k
4841,UNKNOWN,TEST,UNKNOWN_NONE_gt300k
4842,SOLVED,TRAIN,SOLVED_NONE_le10k
4843,SOLVED,TRAIN,SOLVED_EASY_le100k
4844,SOLVED,TRAIN,SOLVED_TRIVIAL_gt300k
4845,SOLVED,TRAIN,SOLVED_TRIVIAL_le10k
4846,SOLVED,VALIDATION,SOLVED_HARD_gt300k
4847,SOLVED,TRAIN,SOLVED_TRIVIAL_gt300k
4848,UNKNOWN,TRAIN,UNKNOWN_NONE_gt300k
4849,SOLVED,TRAIN,SOLVED_TRIVIAL_gt300k
4850,SOLVED,TRAIN,SOLVED_TRIVIAL_le100k
4851,UNKNOWN,VALIDATION,UNKNOWN_NONE_gt300k
4852,SOLVED,TRAIN,SOLVED_EXPERT_le100k
4853,PROVEN_LOST,TRAIN,PROVEN_LOST_NONE_gt300k
4854,SOLVED,TRAIN,SOLVED_TRIVIAL_le300k
4855,SOLVED,TEST,SOLVED_TRIVIAL_le100k
4856,SOLVED,VALIDATION,SOLVED_TRIVIAL_gt300k
4857,UNKNOWN,TRAIN,UNKNOWN_NONE_gt300k
4858,SOLVED,TRAIN,SOLVED_TRIVIAL_le100k
4859,SOLVED,TRAIN,SOLVED_NONE_le100k
4860,SOLVED,TEST,SOLVED_TRIVIAL_le10k
4861,SOLVED,VALIDATION,SOLVED_NONE_gt300k
4862,SOLVED,TRAIN,SOLVED_TRIVIAL_le10k
4863,SOLVED,TRAIN,SOLVED_TRIVIAL_le100k
4864,SOLVED,TRAIN,SOLVED_TRIVIAL_le100k
4865,SOLVED,TEST,SOLVED_TRIVIAL_le300k
4866,SOLVED,TRAIN,SOLVED_TRIVIAL_le100k
4867,SOLVED,TRAIN,SOLVED_TRIVIAL_gt300k
4868,SOLVED,TRAIN,SOLVED_NONE_le100k
4869,PROVEN_LOST,TRAIN,PROVEN_LOST_NONE_gt300k
4870,SOLVED,TEST,SOLVED_MEDIUM_le100k
4871,SOLVED,TRAIN,SOLVED_TRIVIAL_gt300k
4872,SOLVED,TRAIN,SOLVED_TRIVIAL_le100k
4873,SOLVED,TRAIN,SOLVED_TRIVIAL_le100k
4874,SOLVED,TRAIN,SOLVED_TRIVIAL_le100k
4875,SOLVED,VALIDATION,SOLVED_NONE_le100k
4876,SOLVED,TRAIN,SOLVED_TRIVIAL_le10k
4877,UNKNOWN,TRAIN,UNKNOWN_NONE_gt300k
4878,SOLVED,TRAIN,SOLVED_TRIVIAL_gt300k
4879,SOLVED,TEST,SOLVED_NONE_le100k
4880,SOLVED,VALIDATION,SOLVED_TRIVIAL_le100k
4881,SOLVED,TRAIN,SOLVED_TRIVIAL_le100k
4882,SOLVED,TRAIN,SOLVED_TRIVIAL_gt300k
4883,SOLVED,TRAIN,SOLVED_NONE_le100k
4884,SOLVED,TEST,SOLVED_TRIVIAL_gt300k
4885,SOLVED,VALIDATION,SOLVED_NONE_le100k
4886,UNKNOWN,TRAIN,UNKNOWN_NONE_gt300k
4887,UNKNOWN,TRAIN,UNKNOWN_NONE_gt300k
4888,SOLVED,TRAIN,SOLVED_TRIVIAL_le100k
4889,SOLVED,TEST,SOLVED_HARD_le10k
4890,SOLVED,TRAIN,SOLVED_EXPERT_le100k
4891,UNKNOWN,TRAIN,UNKNOWN_NONE_gt300k
4892,SOLVED,TRAIN,SOLVED_TRIVIAL_le300k
4893,SOLVED,TRAIN,SOLVED_HARD_le10k
4894,SOLVED,TEST,SOLVED_NONE_gt300k
4895,SOLVED,TRAIN,SOLVED_NONE_le100k
4896,SOLVED,TRAIN,SOLVED_TRIVIAL_le100k
4897,SOLVED,TRAIN,SOLVED_HARD_le300k
4898,SOLVED,TRAIN,SOLVED_TRIVIAL_le100k
4899,UNKNOWN,VALIDATION,UNKNOWN_NONE_gt300k
4900,SOLVED,TRAIN,SOLVED_HARD_le300k
4901,SOLVED,TRAIN,SOLVED_NONE_le10k
4902,SOLVED,TRAIN,SOLVED_TRIVIAL_le100k
4903,SOLVED,TEST,SOLVED_EASY_gt300k
4904,SOLVED,VALIDATION,SOLVED_EASY_le300k
4905,SOLVED,TRAIN,SOLVED_TRIVIAL_le10k
4906,UNKNOWN,TRAIN,UNKNOWN_NONE_gt300k
4907,UNKNOWN,TRAIN,UNKNOWN_NONE_gt300k
4908,SOLVED,TEST,SOLVED_TRIVIAL_le100k
4909,SOLVED,VALIDATION,SOLVED_NONE_le100k
4910,SOLVED,TRAIN,SOLVED_TRIVIAL_le100k
4911,SOLVED,TRAIN,SOLVED_HARD_gt300k
4912,UNKNOWN,TRAIN,UNKNOWN_NONE_gt300k
4913,UNKNOWN,TEST,UNKNOWN_NONE_gt300k
4914,SOLVED,TRAIN,SOLVED_HARD_le100k
4915,SOLVED,TRAIN,SOLVED_TRIVIAL_le100k
4916,SOLVED,TRAIN,SOLVED_TRIVIAL_le300k
4917,SOLVED,TRAIN,SOLVED_TRIVIAL_le10k
4918,SOLVED,TEST,SOLVED_TRIVIAL_le100k
4919,SOLVED,TRAIN,SOLVED_NONE_gt300k
4920,SOLVED,TRAIN,SOLVED_EASY_le100k
4921,SOLVED,TRAIN,SOLVED_TRIVIAL_le300k
4922,SOLVED,TRAIN,SOLVED_TRIVIAL_le100k
4923,SOLVED,VALIDATION,SOLVED_TRIVIAL_le100k
4924,SOLVED,TRAIN,SOLVED_TRIVIAL_gt300k
4925,SOLVED,TRAIN,SOLVED_HARD_le100k
4926,SOLVED,TRAIN,SOLVED_TRIVIAL_le100k
4927,SOLVED,TEST,SOLVED_TRIVIAL_le100k
4928,SOLVED,VALIDATION,SOLVED_TRIVIAL_gt300k
4929,SOLVED,TRAIN,SOLVED_TRIVIAL_gt300k
4930,SOLVED,TRAIN,SOLVED_TRIVIAL_le100k
4931,SOLVED,TRAIN,SOLVED_TRIVIAL_le100k
4932,SOLVED,TEST,SOLVED_TRIVIAL_le300k
4933,SOLVED,VALIDATION,SOLVED_TRIVIAL_le100k
4934,SOLVED,TRAIN,SOLVED_TRIVIAL_gt300k
4935,SOLVED,TRAIN,SOLVED_TRIVIAL_gt300k
4936,SOLVED,TRAIN,SOLVED_TRIVIAL_le100k
4937,SOLVED,TEST,SOLVED_TRIVIAL_le100k
4938,SOLVED,VALIDATION,SOLVED_NONE_le100k
4939,SOLVED,TRAIN,SOLVED_TRIVIAL_le300k
4940,UNKNOWN,TRAIN,UNKNOWN_NONE_gt300k
4941,SOLVED,TRAIN,SOLVED_TRIVIAL_le100k
4942,PROVEN_LOST,TEST,PROVEN_LOST_NONE_gt300k
4943,SOLVED,TRAIN,SOLVED_TRIVIAL_le100k
4944,SOLVED,TRAIN,SOLVED_TRIVIAL_le10k
4945,SOLVED,TRAIN,SOLVED_EXPERT_le100k
4946,SOLVED,TRAIN,SOLVED_TRIVIAL_le300k
4947,SOLVED,VALIDATION,SOLVED_TRIVIAL_le100k
4948,SOLVED,TRAIN,SOLVED_TRIVIAL_le100k
4949,SOLVED,TRAIN,SOLVED_TRIVIAL_le10k
4950,UNKNOWN,TRAIN,UNKNOWN_NONE_gt300k
4951,SOLVED,TEST,SOLVED_NONE_le10k
4952,SOLVED,VALIDATION,SOLVED_NONE_le300k
4953,SOLVED,TRAIN,SOLVED_TRIVIAL_le10k
4954,SOLVED,TRAIN,SOLVED_NONE_le10k
4955,PROVEN_LOST,TRAIN,PROVEN_LOST_NONE_gt300k
4956,SOLVED,TEST,SOLVED_TRIVIAL_gt300k
4957,UNKNOWN,VALIDATION,UNKNOWN_NONE_gt300k
4958,SOLVED,TRAIN,SOLVED_TRIVIAL_le100k
4959,SOLVED,TRAIN,SOLVED_TRIVIAL_le100k
4960,SOLVED,TRAIN,SOLVED_TRIVIAL_le300k
4961,SOLVED,TEST,SOLVED_NONE_gt300k
4962,SOLVED,VALIDATION,SOLVED_TRIVIAL_le300k
4963,SOLVED,TRAIN,SOLVED_HARD_le100k
4964,SOLVED,TRAIN,SOLVED_TRIVIAL_le300k
4965,UNKNOWN,TRAIN,UNKNOWN_NONE_gt300k
4966,SOLVED,TEST,SOLVED_EASY_le100k
4967,SOLVED,TRAIN,SOLVED_TRIVIAL_le100k
4968,SOLVED,TRAIN,SOLVED_NONE_le100k
4969,SOLVED,TRAIN,SOLVED_TRIVIAL_le300k
4970,SOLVED,TRAIN,SOLVED_TRIVIAL_le100k
4971,SOLVED,VALIDATION,SOLVED_TRIVIAL_le100k
4972,UNKNOWN,TRAIN,UNKNOWN_NONE_gt300k
4973,SOLVED,TRAIN,SOLVED_NONE_le100k
4974,SOLVED,TRAIN,SOLVED_NONE_gt300k
4975,SOLVED,TRAIN,SOLVED_NONE_le100k
4976,SOLVED,VALIDATION,SOLVED_TRIVIAL_le100k
4977,SOLVED,TRAIN,SOLVED_TRIVIAL_le100k
4978,SOLVED,TRAIN,SOLVED_TRIVIAL_le100k
4979,SOLVED,TRAIN,SOLVED_TRIVIAL_le100k
4980,SOLVED,TEST,SOLVED_NONE_le300k
4981,SOLVED,VALIDATION,SOLVED_HARD_le300k
4982,SOLVED,TRAIN,SOLVED_NONE_le300k
4983,UNKNOWN,TRAIN,UNKNOWN_NONE_gt300k
4984,SOLVED,TRAIN,SOLVED_TRIVIAL_le100k
4985,SOLVED,TEST,SOLVED_TRIVIAL_gt300k
4986,SOLVED,VALIDATION,SOLVED_TRIVIAL_le100k
4987,SOLVED,TRAIN,SOLVED_TRIVIAL_le100k
4988,SOLVED,TRAIN,SOLVED_HARD_le300k
4989,SOLVED,TRAIN,SOLVED_TRIVIAL_le300k
4990,SOLVED,TEST,SOLVED_TRIVIAL_le100k
4991,SOLVED,TRAIN,SOLVED_TRIVIAL_gt300k
4992,PROVEN_LOST,TRAIN,PROVEN_LOST_NONE_gt300k
4993,SOLVED,TRAIN,SOLVED_EXPERT_le100k
4994,SOLVED,TRAIN,SOLVED_NONE_le300k
4995,SOLVED,VALIDATION,SOLVED_TRIVIAL_le100k
4996,SOLVED,TRAIN,SOLVED_TRIVIAL_le100k
4997,SOLVED,TRAIN,SOLVED_TRIVIAL_le100k
4998,SOLVED,TRAIN,SOLVED_HARD_le300k
4999,UNKNOWN,TRAIN,UNKNOWN_NONE_gt300k
5000,SOLVED,VALIDATION,SOLVED_HARD_le100k
5001,SOLVED,TRAIN,SOLVED_NONE_le100k
5002,SOLVED,TRAIN,SOLVED_TRIVIAL_le100k
5003,SOLVED,TRAIN,SOLVED_TRIVIAL_le100k
5004,SOLVED,TEST,SOLVED_NONE_le300k
5005,SOLVED,VALIDATION,SOLVED_NONE_le100k
5006,SOLVED,TRAIN,SOLVED_TRIVIAL_le100k
5007,SOLVED,TRAIN,SOLVED_TRIVIAL_le100k
5008,SOLVED,TRAIN,SOLVED_TRIVIAL_le100k
5009,SOLVED,TEST,SOLVED_TRIVIAL_gt300k
5010,SOLVED,VALIDATION,SOLVED_TRIVIAL_le100k
5011,PROVEN_LOST,TRAIN,PROVEN_LOST_NONE_gt300k
5012,SOLVED,TRAIN,SOLVED_NONE_gt300k
5013,SOLVED,TRAIN,SOLVED_HARD_gt300k
5014,SOLVED,TEST,SOLVED_EXPERT_le100k
5015,SOLVED,TRAIN,SOLVED_TRIVIAL_le100k
5016,UNKNOWN,TRAIN,UNKNOWN_NONE_gt300k
5017,SOLVED,TRAIN,SOLVED_TRIVIAL_le100k
5018,SOLVED,TRAIN,SOLVED_TRIVIAL_le100k
5019,SOLVED,VALIDATION,SOLVED_TRIVIAL_le100k
5020,SOLVED,TRAIN,SOLVED_TRIVIAL_le10k
5021,SOLVED,TRAIN,SOLVED_NONE_gt300k
5022,SOLVED,TRAIN,SOLVED_HARD_gt300k
5023,SOLVED,TRAIN,SOLVED_TRIVIAL_le100k
5024,SOLVED,VALIDATION,SOLVED_TRIVIAL_le100k
5025,SOLVED,TRAIN,SOLVED_HARD_le10k
5026,SOLVED,TRAIN,SOLVED_TRIVIAL_le300k
5027,SOLVED,TRAIN,SOLVED_TRIVIAL_gt300k
5028,SOLVED,TEST,SOLVED_EASY_le300k
5029,SOLVED,VALIDATION,SOLVED_TRIVIAL_le300k
5030,SOLVED,TRAIN,SOLVED_HARD_le10k
5031,SOLVED,TRAIN,SOLVED_TRIVIAL_gt300k
5032,UNKNOWN,TRAIN,UNKNOWN_NONE_gt300k
5033,SOLVED,TEST,SOLVED_HARD_le300k
5034,SOLVED,VALIDATION,SOLVED_NONE_gt300k
5035,SOLVED,TRAIN,SOLVED_TRIVIAL_gt300k
5036,SOLVED,TRAIN,SOLVED_NONE_gt300k
5037,SOLVED,TRAIN,SOLVED_HARD_le100k
5038,UNKNOWN,TEST,UNKNOWN_NONE_gt300k
5039,SOLVED,TRAIN,SOLVED_HARD_le10k
5040,SOLVED,TRAIN,SOLVED_TRIVIAL_le100k
5041,SOLVED,TRAIN,SOLVED_TRIVIAL_le100k
5042,SOLVED,TRAIN,SOLVED_TRIVIAL_gt300k
5043,SOLVED,TEST,SOLVED_TRIVIAL_le10k
5044,SOLVED,TRAIN,SOLVED_TRIVIAL_le100k
5045,SOLVED,TRAIN,SOLVED_HARD_le300k
5046,SOLVED,TRAIN,SOLVED_HARD_le100k
5047,SOLVED,TRAIN,SOLVED_TRIVIAL_le300k
5048,PROVEN_LOST,VALIDATION,PROVEN_LOST_NONE_gt300k
5049,SOLVED,TRAIN,SOLVED_NONE_le300k
5050,SOLVED,TRAIN,SOLVED_HARD_le100k
5051,SOLVED,TRAIN,SOLVED_TRIVIAL_le300k
5052,SOLVED,TEST,SOLVED_TRIVIAL_le100k
5053,SOLVED,VALIDATION,SOLVED_TRIVIAL_le100k
5054,SOLVED,TRAIN,SOLVED_TRIVIAL_le10k
5055,SOLVED,TRAIN,SOLVED_TRIVIAL_le100k
5056,SOLVED,TRAIN,SOLVED_NONE_le100k
5057,SOLVED,TEST,SOLVED_NONE_le100k
5058,UNKNOWN,VALIDATION,UNKNOWN_NONE_gt300k
5059,SOLVED,TRAIN,SOLVED_TRIVIAL_le300k
5060,UNKNOWN,TRAIN,UNKNOWN_NONE_gt300k
5061,UNKNOWN,TRAIN,UNKNOWN_NONE_gt300k
5062,SOLVED,TEST,SOLVED_TRIVIAL_le100k
5063,SOLVED,TRAIN,SOLVED_NONE_gt300k
5064,SOLVED,TRAIN,SOLVED_TRIVIAL_le300k
5065,SOLVED,TRAIN,SOLVED_TRIVIAL_le100k
5066,SOLVED,TRAIN,SOLVED_TRIVIAL_le100k
5067,SOLVED,TEST,SOLVED_TRIVIAL_gt300k
5068,SOLVED,TRAIN,SOLVED_TRIVIAL_gt300k
5069,SOLVED,TRAIN,SOLVED_HARD_le100k
5070,SOLVED,TRAIN,SOLVED_EASY_le100k
5071,SOLVED,TRAIN,SOLVED_TRIVIAL_le100k
5072,UNKNOWN,VALIDATION,UNKNOWN_NONE_gt300k
5073,SOLVED,TRAIN,SOLVED_TRIVIAL_le100k
5074,SOLVED,TRAIN,SOLVED_TRIVIAL_le100k
5075,UNKNOWN,TRAIN,UNKNOWN_NONE_gt300k
5076,UNKNOWN,TEST,UNKNOWN_NONE_gt300k
5077,SOLVED,VALIDATION,SOLVED_EASY_le100k
5078,PROVEN_LOST,TRAIN,PROVEN_LOST_NONE_gt300k
5079,UNKNOWN,TRAIN,UNKNOWN_NONE_gt300k
5080,SOLVED,TRAIN,SOLVED_TRIVIAL_le100k
5081,SOLVED,TEST,SOLVED_NONE_le300k
5082,SOLVED,VALIDATION,SOLVED_NONE_gt300k
5083,SOLVED,TRAIN,SOLVED_HARD_le300k
5084,SOLVED,TRAIN,SOLVED_EASY_le100k
5085,SOLVED,TRAIN,SOLVED_TRIVIAL_le100k
5086,SOLVED,TEST,SOLVED_HARD_le300k
5087,SOLVED,TRAIN,SOLVED_TRIVIAL_le10k
5088,SOLVED,TRAIN,SOLVED_NONE_gt300k
5089,SOLVED,TRAIN,SOLVED_NONE_le300k
5090,SOLVED,TRAIN,SOLVED_TRIVIAL_le100k
5091,SOLVED,TEST,SOLVED_EASY_le100k
5092,UNKNOWN,TRAIN,UNKNOWN_NONE_gt300k
5093,UNKNOWN,TRAIN,UNKNOWN_NONE_gt300k
5094,UNKNOWN,TRAIN,UNKNOWN_NONE_gt300k
5095,SOLVED,TRAIN,SOLVED_TRIVIAL_le300k
5096,SOLVED,VALIDATION,SOLVED_TRIVIAL_le100k
5097,SOLVED,TRAIN,SOLVED_NONE_le300k
5098,SOLVED,TRAIN,SOLVED_TRIVIAL_le100k
5099,SOLVED,TRAIN,SOLVED_TRIVIAL_le100k
5100,SOLVED,TEST,SOLVED_TRIVIAL_gt300k
5101,SOLVED,VALIDATION,SOLVED_HARD_le100k
5102,SOLVED,TRAIN,SOLVED_HARD_le100k
5103,SOLVED,TRAIN,SOLVED_TRIVIAL_gt300k
5104,SOLVED,TRAIN,SOLVED_TRIVIAL_le100k
5105,SOLVED,TEST,SOLVED_TRIVIAL_le100k
5106,SOLVED,VALIDATION,SOLVED_TRIVIAL_le300k
5107,PROVEN_LOST,TRAIN,PROVEN_LOST_NONE_le100k
5108,SOLVED,TRAIN,SOLVED_TRIVIAL_le100k
5109,UNKNOWN,TRAIN,UNKNOWN_NONE_gt300k
5110,SOLVED,TEST,SOLVED_NONE_gt300k
5111,SOLVED,TRAIN,SOLVED_TRIVIAL_le10k
5112,SOLVED,TRAIN,SOLVED_TRIVIAL_le300k
5113,UNKNOWN,TRAIN,UNKNOWN_NONE_gt300k
5114,SOLVED,TRAIN,SOLVED_EASY_le100k
5115,UNKNOWN,TEST,UNKNOWN_NONE_gt300k
5116,SOLVED,TRAIN,SOLVED_EASY_gt300k
5117,SOLVED,TRAIN,SOLVED_TRIVIAL_gt300k
5118,SOLVED,TRAIN,SOLVED_TRIVIAL_le100k
5119,SOLVED,TRAIN,SOLVED_TRIVIAL_le100k
5120,SOLVED,VALIDATION,SOLVED_HARD_le100k
5121,SOLVED,TRAIN,SOLVED_TRIVIAL_gt300k
5122,SOLVED,TRAIN,SOLVED_TRIVIAL_le10k
5123,SOLVED,TRAIN,SOLVED_NONE_le100k
5124,SOLVED,TEST,SOLVED_HARD_gt300k
5125,UNKNOWN,VALIDATION,UNKNOWN_NONE_gt300k
5126,SOLVED,TRAIN,SOLVED_NONE_le300k
5127,SOLVED,TRAIN,SOLVED_TRIVIAL_le100k
5128,SOLVED,TRAIN,SOLVED_HARD_le100k
5129,SOLVED,TEST,SOLVED_TRIVIAL_gt300k
5130,UNKNOWN,VALIDATION,UNKNOWN_NONE_gt300k
5131,SOLVED,TRAIN,SOLVED_TRIVIAL_gt300k
5132,SOLVED,TRAIN,SOLVED_TRIVIAL_le100k
5133,SOLVED,TRAIN,SOLVED_HARD_le100k
5134,SOLVED,TEST,SOLVED_TRIVIAL_le100k
5135,SOLVED,VALIDATION,SOLVED_TRIVIAL_le10k
5136,SOLVED,TRAIN,SOLVED_HARD_le100k
5137,UNKNOWN,TRAIN,UNKNOWN_NONE_gt300k
5138,SOLVED,TRAIN,SOLVED_TRIVIAL_gt300k
5139,SOLVED,TEST,SOLVED_TRIVIAL_le100k
5140,SOLVED,TRAIN,SOLVED_TRIVIAL_le100k
5141,SOLVED,TRAIN,SOLVED_NONE_le100k
5142,SOLVED,TRAIN,SOLVED_TRIVIAL_le300k
5143,PROVEN_LOST,TRAIN,PROVEN_LOST_NONE_gt300k
5144,SOLVED,VALIDATION,SOLVED_EASY_gt300k
5145,SOLVED,TRAIN,SOLVED_NONE_le10k
5146,SOLVED,TRAIN,SOLVED_TRIVIAL_le100k
5147,SOLVED,TRAIN,SOLVED_TRIVIAL_le100k
5148,SOLVED,TEST,SOLVED_TRIVIAL_le300k
5149,SOLVED,VALIDATION,SOLVED_TRIVIAL_le10k
5150,SOLVED,TRAIN,SOLVED_TRIVIAL_le100k
5151,SOLVED,TRAIN,SOLVED_NONE_le300k
5152,UNKNOWN,TRAIN,UNKNOWN_NONE_gt300k
5153,SOLVED,TEST,SOLVED_HARD_le100k
5154,SOLVED,VALIDATION,SOLVED_TRIVIAL_le100k
5155,SOLVED,TRAIN,SOLVED_TRIVIAL_le300k
5156,SOLVED,TRAIN,SOLVED_TRIVIAL_le100k
5157,UNKNOWN,TRAIN,UNKNOWN_NONE_gt300k
5158,SOLVED,TEST,SOLVED_NONE_le300k
5159,SOLVED,VALIDATION,SOLVED_NONE_le10k
5160,SOLVED,TRAIN,SOLVED_TRIVIAL_gt300k
5161,SOLVED,TRAIN,SOLVED_NONE_le300k
5162,UNKNOWN,TRAIN,UNKNOWN_NONE_gt300k
5163,SOLVED,TEST,SOLVED_TRIVIAL_le10k
5164,SOLVED,TRAIN,SOLVED_TRIVIAL_le10k
5165,SOLVED,TRAIN,SOLVED_NONE_gt300k
5166,SOLVED,TRAIN,SOLVED_TRIVIAL_le300k
5167,SOLVED,TRAIN,SOLVED_TRIVIAL_le100k
5168,SOLVED,VALIDATION,SOLVED_TRIVIAL_le100k
5169,SOLVED,TRAIN,SOLVED_TRIVIAL_le100k
5170,SOLVED,TRAIN,SOLVED_TRIVIAL_gt300k
5171,SOLVED,TRAIN,SOLVED_TRIVIAL_le100k
5172,SOLVED,TRAIN,SOLVED_TRIVIAL_le100k
5173,SOLVED,VALIDATION,SOLVED_EXPERT_gt300k
5174,SOLVED,TRAIN,SOLVED_NONE_gt300k
5175,SOLVED,TRAIN,SOLVED_TRIVIAL_le10k
5176,SOLVED,TRAIN,SOLVED_TRIVIAL_gt300k
5177,UNKNOWN,TEST,UNKNOWN_NONE_gt300k
5178,SOLVED,VALIDATION,SOLVED_TRIVIAL_le100k
5179,SOLVED,TRAIN,SOLVED_NONE_le100k
5180,SOLVED,TRAIN,SOLVED_TRIVIAL_le100k
5181,SOLVED,TRAIN,SOLVED_TRIVIAL_gt300k
5182,SOLVED,TEST,SOLVED_TRIVIAL_le100k
5183,SOLVED,VALIDATION,SOLVED_TRIVIAL_le100k
5184,SOLVED,TRAIN,SOLVED_EASY_le10k
5185,SOLVED,TRAIN,SOLVED_TRIVIAL_gt300k
5186,SOLVED,TRAIN,SOLVED_TRIVIAL_le100k
5187,UNKNOWN,TEST,UNKNOWN_NONE_gt300k
5188,SOLVED,TRAIN,SOLVED_NONE_le100k
5189,SOLVED,TRAIN,SOLVED_TRIVIAL_gt300k
5190,SOLVED,TRAIN,SOLVED_TRIVIAL_le100k
5191,PROVEN_LOST,TRAIN,PROVEN_LOST_NONE_gt300k
5192,SOLVED,VALIDATION,SOLVED_EASY_gt300k
5193,SOLVED,TRAIN,SOLVED_TRIVIAL_gt300k
5194,SOLVED,TRAIN,SOLVED_TRIVIAL_le100k
5195,SOLVED,TRAIN,SOLVED_HARD_le100k
5196,UNKNOWN,TRAIN,UNKNOWN_NONE_gt300k
5197,SOLVED,VALIDATION,SOLVED_TRIVIAL_gt300k
5198,SOLVED,TRAIN,SOLVED_TRIVIAL_gt300k
5199,SOLVED,TRAIN,SOLVED_TRIVIAL_le100k
5200,SOLVED,TRAIN,SOLVED_TRIVIAL_le10k
5201,SOLVED,TEST,SOLVED_NONE_le10k
5202,SOLVED,VALIDATION,SOLVED_TRIVIAL_le300k
5203,SOLVED,TRAIN,SOLVED_TRIVIAL_le100k
5204,SOLVED,TRAIN,SOLVED_TRIVIAL_le100k
5205,UNKNOWN,TRAIN,UNKNOWN_NONE_gt300k
5206,UNKNOWN,TEST,UNKNOWN_NONE_gt300k
5207,SOLVED,VALIDATION,SOLVED_TRIVIAL_le10k
5208,SOLVED,TRAIN,SOLVED_TRIVIAL_le100k
5209,SOLVED,TRAIN,SOLVED_NONE_gt300k
5210,SOLVED,TRAIN,SOLVED_NONE_gt300k
5211,SOLVED,TEST,SOLVED_EASY_le100k
5212,SOLVED,TRAIN,SOLVED_TRIVIAL_gt300k
5213,SOLVED,TRAIN,SOLVED_NONE_gt300k
5214,SOLVED,TRAIN,SOLVED_HARD_gt300k
5215,PROVEN_LOST,TRAIN,PROVEN_LOST_NONE_gt300k
5216,SOLVED,VALIDATION,SOLVED_TRIVIAL_le100k
5217,SOLVED,TRAIN,SOLVED_HARD_gt300k
5218,SOLVED,TRAIN,SOLVED_TRIVIAL_gt300k
5219,SOLVED,TRAIN,SOLVED_TRIVIAL_le100k
5220,SOLVED,TRAIN,SOLVED_TRIVIAL_le100k
5221,SOLVED,VALIDATION,SOLVED_TRIVIAL_le10k
5222,UNKNOWN,TRAIN,UNKNOWN_NONE_gt300k
5223,SOLVED,TRAIN,SOLVED_EASY_le300k
5224,SOLVED,TRAIN,SOLVED_TRIVIAL_le300k
5225,SOLVED,TEST,SOLVED_EXPERT_le10k
5226,PROVEN_LOST,VALIDATION,PROVEN_LOST_NONE_le100k
5227,UNKNOWN,TRAIN,UNKNOWN_NONE_gt300k
5228,UNKNOWN,TRAIN,UNKNOWN_NONE_gt300k
5229,SOLVED,TRAIN,SOLVED_TRIVIAL_le100k
5230,SOLVED,TEST,SOLVED_TRIVIAL_gt300k
5231,UNKNOWN,VALIDATION,UNKNOWN_NONE_gt300k
5232,SOLVED,TRAIN,SOLVED_EASY_le100k
5233,SOLVED,TRAIN,SOLVED_TRIVIAL_le10k
5234,UNKNOWN,TRAIN,UNKNOWN_NONE_gt300k
5235,SOLVED,TEST,SOLVED_NONE_gt300k
5236,SOLVED,TRAIN,SOLVED_EASY_gt300k
5237,SOLVED,TRAIN,SOLVED_TRIVIAL_le10k
5238,SOLVED,TRAIN,SOLVED_TRIVIAL_le100k
5239,PROVEN_LOST,TRAIN,PROVEN_LOST_NONE_gt300k
5240,SOLVED,TEST,SOLVED_TRIVIAL_gt300k
5241,SOLVED,TRAIN,SOLVED_TRIVIAL_le100k
5242,SOLVED,TRAIN,SOLVED_EXPERT_le100k
5243,SOLVED,TRAIN,SOLVED_TRIVIAL_le100k
5244,SOLVED,TRAIN,SOLVED_TRIVIAL_le100k
5245,PROVEN_LOST,VALIDATION,PROVEN_LOST_NONE_le100k
5246,SOLVED,TRAIN,SOLVED_TRIVIAL_le100k
5247,UNKNOWN,TRAIN,UNKNOWN_NONE_gt300k
5248,SOLVED,TRAIN,SOLVED_HARD_le100k
5249,SOLVED,TEST,SOLVED_TRIVIAL_le100k
5250,UNKNOWN,VALIDATION,UNKNOWN_NONE_gt300k
5251,SOLVED,TRAIN,SOLVED_TRIVIAL_le100k
5252,SOLVED,TRAIN,SOLVED_NONE_gt300k
5253,SOLVED,TRAIN,SOLVED_TRIVIAL_le100k
5254,SOLVED,TEST,SOLVED_TRIVIAL_gt300k
5255,PROVEN_LOST,VALIDATION,PROVEN_LOST_NONE_le10k
5256,SOLVED,TRAIN,SOLVED_TRIVIAL_le100k
5257,SOLVED,TRAIN,SOLVED_TRIVIAL_le100k
5258,SOLVED,TRAIN,SOLVED_TRIVIAL_le100k
5259,SOLVED,TEST,SOLVED_TRIVIAL_le100k
5260,SOLVED,TRAIN,SOLVED_TRIVIAL_le300k
5261,SOLVED,TRAIN,SOLVED_TRIVIAL_le100k
5262,PROVEN_LOST,TRAIN,PROVEN_LOST_NONE_gt300k
5263,UNKNOWN,TRAIN,UNKNOWN_NONE_gt300k
5264,SOLVED,TEST,SOLVED_EASY_le100k
5265,PROVEN_LOST,TRAIN,PROVEN_LOST_NONE_gt300k
5266,SOLVED,TRAIN,SOLVED_TRIVIAL_le100k
5267,SOLVED,TRAIN,SOLVED_TRIVIAL_le10k
5268,SOLVED,TRAIN,SOLVED_TRIVIAL_le100k
5269,SOLVED,VALIDATION,SOLVED_TRIVIAL_le100k
5270,SOLVED,TRAIN,SOLVED_TRIVIAL_le100k
5271,SOLVED,TRAIN,SOLVED_TRIVIAL_le100k
5272,SOLVED,TRAIN,SOLVED_EASY_gt300k
5273,SOLVED,TEST,SOLVED_TRIVIAL_le100k
5274,SOLVED,VALIDATION,SOLVED_TRIVIAL_le100k
5275,SOLVED,TRAIN,SOLVED_TRIVIAL_le10k
5276,SOLVED,TRAIN,SOLVED_TRIVIAL_le100k
5277,SOLVED,TRAIN,SOLVED_NONE_le10k
5278,UNKNOWN,TEST,UNKNOWN_NONE_gt300k
5279,UNKNOWN,VALIDATION,UNKNOWN_NONE_gt300k
5280,SOLVED,TRAIN,SOLVED_TRIVIAL_le100k
5281,SOLVED,TRAIN,SOLVED_TRIVIAL_le100k
5282,UNKNOWN,TRAIN,UNKNOWN_NONE_gt300k
5283,SOLVED,TEST,SOLVED_HARD_gt300k
5284,SOLVED,TRAIN,SOLVED_TRIVIAL_le10k
5285,SOLVED,TRAIN,SOLVED_NONE_gt300k
5286,SOLVED,TRAIN,SOLVED_TRIVIAL_le300k
5287,SOLVED,TRAIN,SOLVED_TRIVIAL_le10k
5288,UNKNOWN,TEST,UNKNOWN_NONE_gt300k
5289,SOLVED,TRAIN,SOLVED_TRIVIAL_le100k
5290,UNKNOWN,TRAIN,UNKNOWN_NONE_gt300k
5291,SOLVED,TRAIN,SOLVED_TRIVIAL_le100k
5292,SOLVED,TRAIN,SOLVED_TRIVIAL_gt300k
5293,SOLVED,VALIDATION,SOLVED_HARD_le100k
5294,SOLVED,TRAIN,SOLVED_TRIVIAL_le300k
5295,SOLVED,TRAIN,SOLVED_NONE_le10k
5296,SOLVED,TRAIN,SOLVED_TRIVIAL_gt300k
5297,SOLVED,TEST,SOLVED_TRIVIAL_gt300k
5298,SOLVED,VALIDATION,SOLVED_TRIVIAL_le100k
5299,SOLVED,TRAIN,SOLVED_TRIVIAL_gt300k
5300,SOLVED,TRAIN,SOLVED_TRIVIAL_gt300k
5301,SOLVED,TRAIN,SOLVED_TRIVIAL_le100k
5302,SOLVED,TEST,SOLVED_NONE_le100k
5303,SOLVED,VALIDATION,SOLVED_HARD_le10k
5304,SOLVED,TRAIN,SOLVED_HARD_le100k
5305,SOLVED,TRAIN,SOLVED_TRIVIAL_le100k
5306,SOLVED,TRAIN,SOLVED_TRIVIAL_le100k
5307,SOLVED,TEST,SOLVED_HARD_gt300k
5308,SOLVED,VALIDATION,SOLVED_TRIVIAL_le100k
5309,SOLVED,TRAIN,SOLVED_TRIVIAL_gt300k
5310,SOLVED,TRAIN,SOLVED_TRIVIAL_le100k
5311,SOLVED,TRAIN,SOLVED_NONE_le100k
5312,SOLVED,TEST,SOLVED_TRIVIAL_gt300k
5313,UNKNOWN,TRAIN,UNKNOWN_NONE_gt300k
5314,SOLVED,TRAIN,SOLVED_HARD_le10k
5315,SOLVED,TRAIN,SOLVED_TRIVIAL_le100k
5316,SOLVED,TRAIN,SOLVED_TRIVIAL_le10k
5317,SOLVED,VALIDATION,SOLVED_HARD_gt300k
5318,SOLVED,TRAIN,SOLVED_TRIVIAL_le10k
5319,SOLVED,TRAIN,SOLVED_TRIVIAL_le100k
5320,SOLVED,TRAIN,SOLVED_TRIVIAL_le100k
5321,SOLVED,TEST,SOLVED_TRIVIAL_le10k
5322,SOLVED,VALIDATION,SOLVED_TRIVIAL_le100k
5323,UNKNOWN,TRAIN,UNKNOWN_NONE_gt300k
5324,SOLVED,TRAIN,SOLVED_NONE_le100k
5325,SOLVED,TRAIN,SOLVED_HARD_gt300k
5326,SOLVED,TEST,SOLVED_NONE_le10k
5327,SOLVED,VALIDATION,SOLVED_TRIVIAL_gt300k
5328,SOLVED,TRAIN,SOLVED_TRIVIAL_le300k
5329,SOLVED,TRAIN,SOLVED_TRIVIAL_le100k
5330,SOLVED,TRAIN,SOLVED_TRIVIAL_le100k
5331,SOLVED,TEST,SOLVED_TRIVIAL_le10k
5332,SOLVED,VALIDATION,SOLVED_TRIVIAL_le10k
5333,SOLVED,TRAIN,SOLVED_TRIVIAL_le100k
5334,SOLVED,TRAIN,SOLVED_NONE_le10k
5335,UNKNOWN,TRAIN,UNKNOWN_NONE_gt300k
5336,SOLVED,TEST,SOLVED_TRIVIAL_le100k
5337,SOLVED,TRAIN,SOLVED_TRIVIAL_gt300k
5338,SOLVED,TRAIN,SOLVED_HARD_le100k
5339,SOLVED,TRAIN,SOLVED_NONE_le300k
5340,UNKNOWN,TRAIN,UNKNOWN_NONE_gt300k
5341,SOLVED,VALIDATION,SOLVED_TRIVIAL_gt300k
5342,SOLVED,TRAIN,SOLVED_TRIVIAL_gt300k
5343,SOLVED,TRAIN,SOLVED_TRIVIAL_le10k
5344,SOLVED,TRAIN,SOLVED_TRIVIAL_le300k
5345,SOLVED,TRAIN,SOLVED_TRIVIAL_le100k
5346,SOLVED,VALIDATION,SOLVED_EASY_le300k
5347,UNKNOWN,TRAIN,UNKNOWN_NONE_gt300k
5348,SOLVED,TRAIN,SOLVED_TRIVIAL_le100k
5349,SOLVED,TRAIN,SOLVED_TRIVIAL_gt300k
5350,SOLVED,TEST,SOLVED_NONE_gt300k
5351,SOLVED,VALIDATION,SOLVED_TRIVIAL_gt300k
5352,UNKNOWN,TRAIN,UNKNOWN_NONE_gt300k
5353,SOLVED,TRAIN,SOLVED_HARD_gt300k
5354,SOLVED,TRAIN,SOLVED_TRIVIAL_le100k
5355,SOLVED,TEST,SOLVED_TRIVIAL_gt300k
5356,SOLVED,VALIDATION,SOLVED_TRIVIAL_le100k
5357,SOLVED,TRAIN,SOLVED_TRIVIAL_le100k
5358,SOLVED,TRAIN,SOLVED_TRIVIAL_le10k
5359,SOLVED,TRAIN,SOLVED_HARD_le300k
5360,SOLVED,TEST,SOLVED_HARD_le100k
5361,SOLVED,TRAIN,SOLVED_HARD_le100k
5362,SOLVED,TRAIN,SOLVED_HARD_le100k
5363,UNKNOWN,TRAIN,UNKNOWN_NONE_gt300k
5364,SOLVED,TRAIN,SOLVED_TRIVIAL_le100k
5365,SOLVED,VALIDATION,SOLVED_HARD_le100k
5366,SOLVED,TRAIN,SOLVED_MEDIUM_gt300k
5367,SOLVED,TRAIN,SOLVED_HARD_gt300k
5368,SOLVED,TRAIN,SOLVED_TRIVIAL_le100k
5369,SOLVED,TRAIN,SOLVED_TRIVIAL_le10k
5370,SOLVED,VALIDATION,SOLVED_TRIVIAL_le100k
5371,SOLVED,TRAIN,SOLVED_TRIVIAL_le100k
5372,SOLVED,TRAIN,SOLVED_HARD_gt300k
5373,SOLVED,TRAIN,SOLVED_HARD_le300k
5374,SOLVED,TEST,SOLVED_TRIVIAL_le100k
5375,SOLVED,VALIDATION,SOLVED_TRIVIAL_le100k
5376,SOLVED,TRAIN,SOLVED_TRIVIAL_le10k
5377,SOLVED,TRAIN,SOLVED_HARD_gt300k
5378,UNKNOWN,TRAIN,UNKNOWN_NONE_gt300k
5379,SOLVED,TEST,SOLVED_TRIVIAL_le10k
5380,SOLVED,VALIDATION,SOLVED_TRIVIAL_gt300k
5381,SOLVED,TRAIN,SOLVED_TRIVIAL_le100k
5382,SOLVED,TRAIN,SOLVED_TRIVIAL_le10k
5383,SOLVED,TRAIN,SOLVED_TRIVIAL_le100k
5384,UNKNOWN,TEST,UNKNOWN_NONE_gt300k
5385,SOLVED,TRAIN,SOLVED_NONE_le10k
5386,SOLVED,TRAIN,SOLVED_TRIVIAL_le100k
5387,SOLVED,TRAIN,SOLVED_TRIVIAL_le100k
5388,SOLVED,TRAIN,SOLVED_HARD_gt300k
5389,SOLVED,VALIDATION,SOLVED_TRIVIAL_gt300k
5390,SOLVED,TRAIN,SOLVED_HARD_le100k
5391,SOLVED,TRAIN,SOLVED_TRIVIAL_le100k
5392,SOLVED,TRAIN,SOLVED_EASY_le100k
5393,SOLVED,TRAIN,SOLVED_HARD_le100k
5394,SOLVED,VALIDATION,SOLVED_TRIVIAL_gt300k
5395,SOLVED,TRAIN,SOLVED_TRIVIAL_le100k
5396,SOLVED,TRAIN,SOLVED_NONE_le300k
5397,SOLVED,TRAIN,SOLVED_NONE_le100k
5398,SOLVED,TEST,SOLVED_NONE_le100k
5399,SOLVED,VALIDATION,SOLVED_NONE_gt300k
5400,SOLVED,TRAIN,SOLVED_TRIVIAL_le300k
5401,SOLVED,TRAIN,SOLVED_TRIVIAL_le100k
5402,SOLVED,TRAIN,SOLVED_EASY_le100k
5403,SOLVED,TEST,SOLVED_TRIVIAL_le100k
5404,UNKNOWN,VALIDATION,UNKNOWN_NONE_gt300k
5405,SOLVED,TRAIN,SOLVED_TRIVIAL_le100k
5406,SOLVED,TRAIN,SOLVED_TRIVIAL_le100k
5407,SOLVED,TRAIN,SOLVED_HARD_le300k
5408,SOLVED,TEST,SOLVED_TRIVIAL_le10k
5409,SOLVED,TRAIN,SOLVED_NONE_le100k
5410,UNKNOWN,TRAIN,UNKNOWN_NONE_gt300k
5411,SOLVED,TRAIN,SOLVED_TRIVIAL_gt300k
5412,SOLVED,TRAIN,SOLVED_TRIVIAL_le100k
5413,SOLVED,TEST,SOLVED_NONE_gt300k
5414,SOLVED,TRAIN,SOLVED_TRIVIAL_gt300k
5415,SOLVED,TRAIN,SOLVED_NONE_le10k
5416,SOLVED,TRAIN,SOLVED_EASY_le100k
5417,UNKNOWN,TRAIN,UNKNOWN_NONE_gt300k
5418,SOLVED,VALIDATION,SOLVED_NONE_gt300k
5419,SOLVED,TRAIN,SOLVED_HARD_le300k
5420,SOLVED,TRAIN,SOLVED_TRIVIAL_gt300k
5421,SOLVED,TRAIN,SOLVED_TRIVIAL_le100k
5422,SOLVED,TEST,SOLVED_HARD_le300k
5423,UNKNOWN,VALIDATION,UNKNOWN_NONE_gt300k
5424,UNKNOWN,TRAIN,UNKNOWN_NONE_gt300k
5425,SOLVED,TRAIN,SOLVED_TRIVIAL_le100k
5426,SOLVED,TRAIN,SOLVED_NONE_gt300k
5427,SOLVED,TEST,SOLVED_TRIVIAL_gt300k
5428,SOLVED,VALIDATION,SOLVED_TRIVIAL_le100k
5429,SOLVED,TRAIN,SOLVED_NONE_le100k
5430,SOLVED,TRAIN,SOLVED_NONE_le100k
5431,SOLVED,TRAIN,SOLVED_NONE_le100k
5432,SOLVED,TEST,SOLVED_TRIVIAL_le100k
5433,SOLVED,TRAIN,SOLVED_TRIVIAL_le100k
5434,SOLVED,TRAIN,SOLVED_TRIVIAL_le300k
5435,SOLVED,TRAIN,SOLVED_EASY_gt300k
5436,SOLVED,TRAIN,SOLVED_TRIVIAL_le100k
5437,SOLVED,TEST,SOLVED_TRIVIAL_le100k
5438,SOLVED,TRAIN,SOLVED_TRIVIAL_le10k
5439,SOLVED,TRAIN,SOLVED_TRIVIAL_le100k
5440,SOLVED,TRAIN,SOLVED_TRIVIAL_le100k
5441,SOLVED,TRAIN,SOLVED_TRIVIAL_gt300k
5442,SOLVED,VALIDATION,SOLVED_TRIVIAL_le10k
5443,SOLVED,TRAIN,SOLVED_TRIVIAL_gt300k
5444,SOLVED,TRAIN,SOLVED_TRIVIAL_le100k
5445,SOLVED,TRAIN,SOLVED_TRIVIAL_gt300k
5446,SOLVED,TEST,SOLVED_HARD_le300k
5447,UNKNOWN,VALIDATION,UNKNOWN_NONE_gt300k
5448,UNKNOWN,TRAIN,UNKNOWN_NONE_gt300k
5449,SOLVED,TRAIN,SOLVED_HARD_le100k
5450,SOLVED,TRAIN,SOLVED_TRIVIAL_le100k
5451,UNKNOWN,TEST,UNKNOWN_NONE_gt300k
5452,SOLVED,VALIDATION,SOLVED_TRIVIAL_gt300k
5453,SOLVED,TRAIN,SOLVED_TRIVIAL_le300k
5454,SOLVED,TRAIN,SOLVED_NONE_gt300k
5455,SOLVED,TRAIN,SOLVED_NONE_le100k
5456,SOLVED,TEST,SOLVED_NONE_le100k
5457,SOLVED,TRAIN,SOLVED_TRIVIAL_le100k
5458,SOLVED,TRAIN,SOLVED_TRIVIAL_le10k
5459,SOLVED,TRAIN,SOLVED_NONE_le100k
5460,UNKNOWN,TRAIN,UNKNOWN_NONE_gt300k
5461,SOLVED,TEST,SOLVED_TRIVIAL_le100k
5462,SOLVED,TRAIN,SOLVED_HARD_le300k
5463,SOLVED,TRAIN,SOLVED_NONE_gt300k
5464,SOLVED,TRAIN,SOLVED_NONE_le100k
5465,SOLVED,TRAIN,SOLVED_EXPERT_le100k
5466,SOLVED,VALIDATION,SOLVED_TRIVIAL_le300k
5467,SOLVED,TRAIN,SOLVED_TRIVIAL_gt300k
5468,SOLVED,TRAIN,SOLVED_TRIVIAL_le100k
5469,SOLVED,TRAIN,SOLVED_TRIVIAL_le100k
5470,SOLVED,TEST,SOLVED_HARD_gt300k
5471,SOLVED,VALIDATION,SOLVED_NONE_le100k
5472,SOLVED,TRAIN,SOLVED_TRIVIAL_le100k
5473,SOLVED,TRAIN,SOLVED_NONE_le100k
5474,SOLVED,TRAIN,SOLVED_TRIVIAL_le100k
5475,SOLVED,TEST,SOLVED_TRIVIAL_le10k
5476,SOLVED,VALIDATION,SOLVED_HARD_le10k
5477,SOLVED,TRAIN,SOLVED_TRIVIAL_le100k
5478,SOLVED,TRAIN,SOLVED_TRIVIAL_le10k
5479,SOLVED,TRAIN,SOLVED_NONE_gt300k
5480,UNKNOWN,TEST,UNKNOWN_NONE_gt300k
5481,UNKNOWN,VALIDATION,UNKNOWN_NONE_gt300k
5482,SOLVED,TRAIN,SOLVED_TRIVIAL_le10k
5483,SOLVED,TRAIN,SOLVED_NONE_le100k
5484,SOLVED,TRAIN,SOLVED_TRIVIAL_le10k
5485,PROVEN_LOST,TEST,PROVEN_LOST_NONE_le100k
5486,UNKNOWN,TRAIN,UNKNOWN_NONE_gt300k
5487,SOLVED,TRAIN,SOLVED_TRIVIAL_le100k
5488,UNKNOWN,TRAIN,UNKNOWN_NONE_gt300k
5489,SOLVED,TRAIN,SOLVED_TRIVIAL_le100k
5490,SOLVED,VALIDATION,SOLVED_TRIVIAL_le100k
5491,SOLVED,TRAIN,SOLVED_HARD_gt300k
5492,SOLVED,TRAIN,SOLVED_EASY_le300k
5493,SOLVED,TRAIN,SOLVED_NONE_le100k
5494,SOLVED,TEST,SOLVED_TRIVIAL_le100k
5495,SOLVED,VALIDATION,SOLVED_TRIVIAL_le100k
5496,SOLVED,TRAIN,SOLVED_TRIVIAL_le300k
5497,SOLVED,TRAIN,SOLVED_TRIVIAL_le100k
5498,SOLVED,TRAIN,SOLVED_TRIVIAL_gt300k
5499,SOLVED,TEST,SOLVED_TRIVIAL_le300k
5500,SOLVED,VALIDATION,SOLVED_TRIVIAL_le100k
5501,UNKNOWN,TRAIN,UNKNOWN_NONE_gt300k
5502,UNKNOWN,TRAIN,UNKNOWN_NONE_gt300k
5503,SOLVED,TRAIN,SOLVED_TRIVIAL_le10k
5504,UNKNOWN,TEST,UNKNOWN_NONE_gt300k
5505,SOLVED,VALIDATION,SOLVED_TRIVIAL_le300k
5506,SOLVED,TRAIN,SOLVED_TRIVIAL_le100k
5507,SOLVED,TRAIN,SOLVED_TRIVIAL_gt300k
5508,SOLVED,TRAIN,SOLVED_NONE_le100k
5509,UNKNOWN,TEST,UNKNOWN_NONE_gt300k
5510,SOLVED,TRAIN,SOLVED_TRIVIAL_le10k
5511,SOLVED,TRAIN,SOLVED_TRIVIAL_le10k
5512,UNKNOWN,TRAIN,UNKNOWN_NONE_gt300k
5513,SOLVED,TRAIN,SOLVED_TRIVIAL_le10k
5514,SOLVED,VALIDATION,SOLVED_HARD_le100k
5515,SOLVED,TRAIN,SOLVED_NONE_le300k
5516,UNKNOWN,TRAIN,UNKNOWN_NONE_gt300k
5517,SOLVED,TRAIN,SOLVED_HARD_gt300k
5518,UNKNOWN,TRAIN,UNKNOWN_NONE_gt300k
5519,SOLVED,VALIDATION,SOLVED_TRIVIAL_gt300k
5520,UNKNOWN,TRAIN,UNKNOWN_NONE_gt300k
5521,SOLVED,TRAIN,SOLVED_EXPERT_le300k
5522,SOLVED,TRAIN,SOLVED_HARD_le100k
5523,SOLVED,TEST,SOLVED_NONE_le300k
5524,SOLVED,VALIDATION,SOLVED_TRIVIAL_le300k
5525,SOLVED,TRAIN,SOLVED_NONE_gt300k
5526,SOLVED,TRAIN,SOLVED_NONE_le100k
5527,SOLVED,TRAIN,SOLVED_NONE_le100k
5528,SOLVED,TEST,SOLVED_TRIVIAL_le300k
5529,UNKNOWN,VALIDATION,UNKNOWN_NONE_gt300k
5530,SOLVED,TRAIN,SOLVED_TRIVIAL_le100k
5531,PROVEN_LOST,TRAIN,PROVEN_LOST_NONE_le300k
5532,PROVEN_LOST,TRAIN,PROVEN_LOST_NONE_gt300k
5533,SOLVED,TEST,SOLVED_TRIVIAL_le300k
5534,PROVEN_LOST,TRAIN,PROVEN_LOST_NONE_gt300k
5535,SOLVED,TRAIN,SOLVED_EXPERT_le10k
5536,SOLVED,TRAIN,SOLVED_EXPERT_le100k
5537,SOLVED,TRAIN,SOLVED_TRIVIAL_le10k
5538,UNKNOWN,VALIDATION,UNKNOWN_NONE_gt300k
5539,SOLVED,TRAIN,SOLVED_EASY_le300k
5540,SOLVED,TRAIN,SOLVED_NONE_le100k
5541,SOLVED,TRAIN,SOLVED_NONE_le100k
5542,SOLVED,TRAIN,SOLVED_TRIVIAL_gt300k
5543,SOLVED,VALIDATION,SOLVED_TRIVIAL_gt300k
5544,SOLVED,TRAIN,SOLVED_TRIVIAL_le100k
5545,SOLVED,TRAIN,SOLVED_TRIVIAL_le100k
5546,SOLVED,TRAIN,SOLVED_TRIVIAL_le10k
5547,SOLVED,TEST,SOLVED_EASY_le100k
5548,SOLVED,VALIDATION,SOLVED_TRIVIAL_le10k
5549,SOLVED,TRAIN,SOLVED_TRIVIAL_gt300k
5550,SOLVED,TRAIN,SOLVED_NONE_le100k
5551,SOLVED,TRAIN,SOLVED_NONE_le10k
5552,SOLVED,TEST,SOLVED_HARD_le100k
5553,PROVEN_LOST,VALIDATION,PROVEN_LOST_NONE_gt300k
5554,SOLVED,TRAIN,SOLVED_TRIVIAL_le100k
5555,SOLVED,TRAIN,SOLVED_TRIVIAL_le300k
5556,SOLVED,TRAIN,SOLVED_TRIVIAL_le100k
5557,SOLVED,TEST,SOLVED_TRIVIAL_le10k
5558,SOLVED,TRAIN,SOLVED_HARD_le100k
5559,SOLVED,TRAIN,SOLVED_TRIVIAL_le10k
5560,UNKNOWN,TRAIN,UNKNOWN_NONE_gt300k
5561,SOLVED,TRAIN,SOLVED_TRIVIAL_le100k
5562,SOLVED,VALIDATION,SOLVED_TRIVIAL_le100k
5563,SOLVED,TRAIN,SOLVED_TRIVIAL_le300k
5564,SOLVED,TRAIN,SOLVED_TRIVIAL_le100k
5565,SOLVED,TRAIN,SOLVED_TRIVIAL_le100k
5566,UNKNOWN,TRAIN,UNKNOWN_NONE_gt300k
5567,SOLVED,VALIDATION,SOLVED_TRIVIAL_le100k
5568,SOLVED,TRAIN,SOLVED_TRIVIAL_le100k
5569,SOLVED,TRAIN,SOLVED_TRIVIAL_gt300k
5570,SOLVED,TRAIN,SOLVED_NONE_le100k
5571,SOLVED,TEST,SOLVED_TRIVIAL_gt300k
5572,UNKNOWN,VALIDATION,UNKNOWN_NONE_gt300k
5573,SOLVED,TRAIN,SOLVED_TRIVIAL_le300k
5574,SOLVED,TRAIN,SOLVED_TRIVIAL_gt300k
5575,UNKNOWN,TRAIN,UNKNOWN_NONE_gt300k
5576,PROVEN_LOST,TEST,PROVEN_LOST_NONE_gt300k
5577,SOLVED,VALIDATION,SOLVED_TRIVIAL_le10k
5578,SOLVED,TRAIN,SOLVED_TRIVIAL_gt300k
5579,SOLVED,TRAIN,SOLVED_TRIVIAL_le10k
5580,SOLVED,TRAIN,SOLVED_EASY_le100k
5581,SOLVED,TEST,SOLVED_HARD_le100k
5582,SOLVED,TRAIN,SOLVED_NONE_le10k
5583,SOLVED,TRAIN,SOLVED_TRIVIAL_le300k
5584,SOLVED,TRAIN,SOLVED_TRIVIAL_gt300k
5585,UNKNOWN,TRAIN,UNKNOWN_NONE_gt300k
5586,UNKNOWN,TEST,UNKNOWN_NONE_gt300k
5587,SOLVED,TRAIN,SOLVED_TRIVIAL_le100k
5588,SOLVED,TRAIN,SOLVED_TRIVIAL_le100k
5589,UNKNOWN,TRAIN,UNKNOWN_NONE_gt300k
5590,SOLVED,TRAIN,SOLVED_TRIVIAL_gt300k
5591,SOLVED,VALIDATION,SOLVED_NONE_le100k
5592,SOLVED,TRAIN,SOLVED_TRIVIAL_le100k
5593,SOLVED,TRAIN,SOLVED_TRIVIAL_le100k
5594,SOLVED,TRAIN,SOLVED_NONE_le10k
5595,UNKNOWN,TEST,UNKNOWN_NONE_gt300k
5596,UNKNOWN,VALIDATION,UNKNOWN_NONE_gt300k
5597,SOLVED,TRAIN,SOLVED_NONE_gt300k
5598,SOLVED,TRAIN,SOLVED_NONE_le100k
5599,PROVEN_LOST,TRAIN,PROVEN_LOST_NONE_le100k
5600,UNKNOWN,TEST,UNKNOWN_NONE_gt300k
5601,SOLVED,VALIDATION,SOLVED_TRIVIAL_le100k
5602,SOLVED,TRAIN,SOLVED_TRIVIAL_le100k
5603,SOLVED,TRAIN,SOLVED_NONE_le100k
5604,SOLVED,TRAIN,SOLVED_TRIVIAL_le100k
5605,SOLVED,TEST,SOLVED_HARD_le100k
5606,SOLVED,TRAIN,SOLVED_TRIVIAL_le100k
5607,SOLVED,TRAIN,SOLVED_TRIVIAL_le100k
5608,SOLVED,TRAIN,SOLVED_TRIVIAL_gt300k
5609,UNKNOWN,TRAIN,UNKNOWN_NONE_gt300k
5610,SOLVED,TEST,SOLVED_NONE_le100k
5611,SOLVED,TRAIN,SOLVED_NONE_le300k
5612,SOLVED,TRAIN,SOLVED_EXPERT_le100k
5613,SOLVED,TRAIN,SOLVED_HARD_le100k
5614,UNKNOWN,TRAIN,UNKNOWN_NONE_gt300k
5615,SOLVED,VALIDATION,SOLVED_EASY_le10k
5616,SOLVED,TRAIN,SOLVED_TRIVIAL_le300k
5617,UNKNOWN,TRAIN,UNKNOWN_NONE_gt300k
5618,SOLVED,TRAIN,SOLVED_HARD_le10k
5619,SOLVED,TEST,SOLVED_TRIVIAL_le100k
5620,SOLVED,VALIDATION,SOLVED_TRIVIAL_le10k
5621,SOLVED,TRAIN,SOLVED_NONE_le100k
5622,SOLVED,TRAIN,SOLVED_NONE_le100k
5623,SOLVED,TRAIN,SOLVED_HARD_gt300k
5624,SOLVED,TEST,SOLVED_NONE_le10k
5625,SOLVED,VALIDATION,SOLVED_TRIVIAL_le10k
5626,SOLVED,TRAIN,SOLVED_TRIVIAL_le100k
5627,SOLVED,TRAIN,SOLVED_TRIVIAL_gt300k
5628,SOLVED,TRAIN,SOLVED_NONE_le100k
5629,SOLVED,TEST,SOLVED_TRIVIAL_le100k
5630,SOLVED,TRAIN,SOLVED_TRIVIAL_le100k
5631,SOLVED,TRAIN,SOLVED_TRIVIAL_le10k
5632,SOLVED,TRAIN,SOLVED_EASY_le100k
5633,SOLVED,TRAIN,SOLVED_NONE_le100k
5634,SOLVED,TEST,SOLVED_TRIVIAL_le100k
5635,UNKNOWN,TRAIN,UNKNOWN_NONE_gt300k
5636,SOLVED,TRAIN,SOLVED_TRIVIAL_le10k
5637,SOLVED,TRAIN,SOLVED_TRIVIAL_gt300k
5638,SOLVED,TRAIN,SOLVED_NONE_le100k
5639,SOLVED,VALIDATION,SOLVED_TRIVIAL_gt300k
5640,UNKNOWN,TRAIN,UNKNOWN_NONE_gt300k
5641,SOLVED,TRAIN,SOLVED_TRIVIAL_le10k
5642,SOLVED,TRAIN,SOLVED_TRIVIAL_le100k
5643,SOLVED,TEST,SOLVED_NONE_le300k
5644,SOLVED,VALIDATION,SOLVED_TRIVIAL_le100k
5645,SOLVED,TRAIN,SOLVED_NONE_le100k
5646,SOLVED,TRAIN,SOLVED_TRIVIAL_le300k
5647,SOLVED,TRAIN,SOLVED_TRIVIAL_le100k
5648,SOLVED,TEST,SOLVED_NONE_le100k
5649,SOLVED,VALIDATION,SOLVED_TRIVIAL_gt300k
5650,SOLVED,TRAIN,SOLVED_HARD_le300k
5651,SOLVED,TRAIN,SOLVED_TRIVIAL_le100k
5652,SOLVED,TRAIN,SOLVED_TRIVIAL_le100k
5653,SOLVED,TEST,SOLVED_HARD_le100k
5654,UNKNOWN,VALIDATION,UNKNOWN_NONE_gt300k
5655,UNKNOWN,TRAIN,UNKNOWN_NONE_gt300k
5656,SOLVED,TRAIN,SOLVED_TRIVIAL_le100k
5657,SOLVED,TRAIN,SOLVED_TRIVIAL_le300k
5658,SOLVED,TEST,SOLVED_TRIVIAL_le100k
5659,SOLVED,TRAIN,SOLVED_HARD_le100k
5660,UNKNOWN,TRAIN,UNKNOWN_NONE_gt300k
5661,SOLVED,TRAIN,SOLVED_EASY_le10k
5662,UNKNOWN,TRAIN,UNKNOWN_NONE_gt300k
5663,SOLVED,VALIDATION,SOLVED_TRIVIAL_le10k
5664,SOLVED,TRAIN,SOLVED_HARD_le100k
5665,SOLVED,TRAIN,SOLVED_NONE_le300k
5666,SOLVED,TRAIN,SOLVED_TRIVIAL_le10k
5667,SOLVED,TEST,SOLVED_TRIVIAL_le100k
5668,UNKNOWN,VALIDATION,UNKNOWN_NONE_gt300k
5669,SOLVED,TRAIN,SOLVED_TRIVIAL_le100k
5670,SOLVED,TRAIN,SOLVED_TRIVIAL_le100k
5671,SOLVED,TRAIN,SOLVED_TRIVIAL_le100k
5672,SOLVED,TEST,SOLVED_TRIVIAL_le10k
5673,SOLVED,VALIDATION,SOLVED_TRIVIAL_le10k
5674,SOLVED,TRAIN,SOLVED_TRIVIAL_le100k
5675,SOLVED,TRAIN,SOLVED_HARD_gt300k
5676,SOLVED,TRAIN,SOLVED_TRIVIAL_le10k
5677,SOLVED,TEST,SOLVED_NONE_le100k
5678,SOLVED,VALIDATION,SOLVED_TRIVIAL_gt300k
5679,SOLVED,TRAIN,SOLVED_TRIVIAL_le10k
5680,SOLVED,TRAIN,SOLVED_TRIVIAL_le100k
5681,SOLVED,TRAIN,SOLVED_TRIVIAL_gt300k
5682,SOLVED,TEST,SOLVED_HARD_le100k
5683,UNKNOWN,TRAIN,UNKNOWN_NONE_gt300k
5684,SOLVED,TRAIN,SOLVED_NONE_le100k
5685,SOLVED,TRAIN,SOLVED_HARD_le10k
5686,SOLVED,TRAIN,SOLVED_NONE_le300k
5687,SOLVED,VALIDATION,SOLVED_HARD_gt300k
5688,SOLVED,TRAIN,SOLVED_NONE_gt300k
5689,SOLVED,TRAIN,SOLVED_NONE_le100k
5690,SOLVED,TRAIN,SOLVED_TRIVIAL_le100k
5691,SOLVED,TRAIN,SOLVED_HARD_le100k
5692,SOLVED,VALIDATION,SOLVED_TRIVIAL_le300k
5693,SOLVED,TRAIN,SOLVED_TRIVIAL_le100k
5694,SOLVED,TRAIN,SOLVED_HARD_le100k
5695,SOLVED,TRAIN,SOLVED_HARD_le100k
5696,SOLVED,TEST,SOLVED_HARD_le100k
5697,PROVEN_LOST,VALIDATION,PROVEN_LOST_NONE_le10k
5698,UNKNOWN,TRAIN,UNKNOWN_NONE_gt300k
5699,UNKNOWN,TRAIN,UNKNOWN_NONE_gt300k
5700,SOLVED,TRAIN,SOLVED_EASY_gt300k
5701,SOLVED,TEST,SOLVED_TRIVIAL_le100k
5702,SOLVED,VALIDATION,SOLVED_HARD_gt300k
5703,UNKNOWN,TRAIN,UNKNOWN_NONE_gt300k
5704,SOLVED,TRAIN,SOLVED_TRIVIAL_le100k
5705,SOLVED,TRAIN,SOLVED_TRIVIAL_le100k
5706,SOLVED,TEST,SOLVED_TRIVIAL_le10k
5707,UNKNOWN,TRAIN,UNKNOWN_NONE_gt300k
5708,SOLVED,TRAIN,SOLVED_TRIVIAL_le100k
5709,SOLVED,TRAIN,SOLVED_NONE_le100k
5710,PROVEN_LOST,TRAIN,PROVEN_LOST_NONE_gt300k
5711,SOLVED,VALIDATION,SOLVED_TRIVIAL_le100k
5712,SOLVED,TRAIN,SOLVED_TRIVIAL_le10k
5713,SOLVED,TRAIN,SOLVED_HARD_gt300k
5714,SOLVED,TRAIN,SOLVED_TRIVIAL_le100k
5715,SOLVED,TRAIN,SOLVED_TRIVIAL_gt300k
5716,SOLVED,VALIDATION,SOLVED_NONE_gt300k
5717,SOLVED,TRAIN,SOLVED_TRIVIAL_gt300k
5718,SOLVED,TRAIN,SOLVED_TRIVIAL_le10k
5719,UNKNOWN,TRAIN,UNKNOWN_NONE_gt300k
5720,SOLVED,TEST,SOLVED_HARD_le100k
5721,SOLVED,VALIDATION,SOLVED_HARD_le100k
5722,SOLVED,TRAIN,SOLVED_TRIVIAL_le10k
5723,UNKNOWN,TRAIN,UNKNOWN_NONE_gt300k
5724,SOLVED,TRAIN,SOLVED_TRIVIAL_gt300k
5725,SOLVED,TEST,SOLVED_HARD_gt300k
5726,SOLVED,VALIDATION,SOLVED_HARD_le100k
5727,SOLVED,TRAIN,SOLVED_TRIVIAL_le300k
5728,SOLVED,TRAIN,SOLVED_TRIVIAL_le100k
5729,SOLVED,TRAIN,SOLVED_TRIVIAL_le100k
5730,SOLVED,TEST,SOLVED_EASY_gt300k
5731,SOLVED,TRAIN,SOLVED_NONE_le100k
5732,SOLVED,TRAIN,SOLVED_TRIVIAL_le100k
5733,SOLVED,TRAIN,SOLVED_HARD_le100k
5734,SOLVED,TRAIN,SOLVED_TRIVIAL_le100k
5735,SOLVED,VALIDATION,SOLVED_NONE_le100k
5736,SOLVED,TRAIN,SOLVED_NONE_gt300k
5737,SOLVED,TRAIN,SOLVED_HARD_le100k
5738,SOLVED,TRAIN,SOLVED_EASY_le300k
5739,PROVEN_LOST,TRAIN,PROVEN_LOST_NONE_gt300k
5740,SOLVED,VALIDATION,SOLVED_TRIVIAL_le100k
5741,UNKNOWN,TRAIN,UNKNOWN_NONE_gt300k
5742,UNKNOWN,TRAIN,UNKNOWN_NONE_gt300k
5743,SOLVED,TRAIN,SOLVED_TRIVIAL_le10k
5744,SOLVED,TEST,SOLVED_TRIVIAL_gt300k
5745,SOLVED,VALIDATION,SOLVED_TRIVIAL_le100k
5746,SOLVED,TRAIN,SOLVED_NONE_gt300k
5747,UNKNOWN,TRAIN,UNKNOWN_NONE_gt300k
5748,SOLVED,TRAIN,SOLVED_TRIVIAL_le10k
5749,UNKNOWN,TEST,UNKNOWN_NONE_gt300k
5750,SOLVED,VALIDATION,SOLVED_TRIVIAL_le100k
5751,SOLVED,TRAIN,SOLVED_HARD_gt300k
5752,SOLVED,TRAIN,SOLVED_TRIVIAL_le100k
5753,SOLVED,TRAIN,SOLVED_TRIVIAL_gt300k
5754,PROVEN_LOST,TEST,PROVEN_LOST_NONE_le300k
5755,SOLVED,TRAIN,SOLVED_EXPERT_le100k
5756,SOLVED,TRAIN,SOLVED_NONE_le300k
5757,SOLVED,TRAIN,SOLVED_TRIVIAL_le10k
5758,SOLVED,TRAIN,SOLVED_NONE_le100k
5759,SOLVED,TEST,SOLVED_TRIVIAL_le100k
5760,SOLVED,TRAIN,SOLVED_TRIVIAL_le300k
5761,SOLVED,TRAIN,SOLVED_NONE_le100k
5762,SOLVED,TRAIN,SOLVED_NONE_le100k
5763,SOLVED,TRAIN,SOLVED_HARD_le100k
5764,SOLVED,VALIDATION,SOLVED_TRIVIAL_gt300k
5765,UNKNOWN,TRAIN,UNKNOWN_NONE_gt300k
5766,SOLVED,TRAIN,SOLVED_TRIVIAL_le300k
5767,PROVEN_LOST,TRAIN,PROVEN_LOST_NONE_gt300k
5768,SOLVED,TEST,SOLVED_TRIVIAL_le10k
5769,SOLVED,VALIDATION,SOLVED_NONE_le100k
5770,PROVEN_LOST,TRAIN,PROVEN_LOST_NONE_gt300k
5771,SOLVED,TRAIN,SOLVED_NONE_gt300k
5772,SOLVED,TRAIN,SOLVED_NONE_le100k
5773,SOLVED,TEST,SOLVED_TRIVIAL_le100k
5774,UNKNOWN,VALIDATION,UNKNOWN_NONE_gt300k
5775,SOLVED,TRAIN,SOLVED_HARD_le10k
5776,SOLVED,TRAIN,SOLVED_NONE_le100k
5777,SOLVED,TRAIN,SOLVED_TRIVIAL_le100k
5778,SOLVED,TEST,SOLVED_TRIVIAL_gt300k
5779,SOLVED,TRAIN,SOLVED_TRIVIAL_le10k
5780,SOLVED,TRAIN,SOLVED_TRIVIAL_le100k
5781,UNKNOWN,TRAIN,UNKNOWN_NONE_gt300k
5782,UNKNOWN,TRAIN,UNKNOWN_NONE_gt300k
5783,SOLVED,TEST,SOLVED_TRIVIAL_le300k
5784,SOLVED,TRAIN,SOLVED_TRIVIAL_gt300k
5785,SOLVED,TRAIN,SOLVED_HARD_le10k
5786,SOLVED,TRAIN,SOLVED_TRIVIAL_le10k
5787,SOLVED,TRAIN,SOLVED_HARD_gt300k
5788,SOLVED,VALIDATION,SOLVED_TRIVIAL_le100k
5789,SOLVED,TRAIN,SOLVED_HARD_gt300k
5790,UNKNOWN,TRAIN,UNKNOWN_NONE_gt300k
5791,SOLVED,TRAIN,SOLVED_EASY_le100k
5792,SOLVED,TEST,SOLVED_TRIVIAL_le100k
5793,SOLVED,VALIDATION,SOLVED_TRIVIAL_le100k
5794,SOLVED,TRAIN,SOLVED_TRIVIAL_le100k
5795,UNKNOWN,TRAIN,UNKNOWN_NONE_gt300k
5796,SOLVED,TRAIN,SOLVED_TRIVIAL_le100k
5797,UNKNOWN,TEST,UNKNOWN_NONE_gt300k
5798,SOLVED,VALIDATION,SOLVED_HARD_le100k
5799,SOLVED,TRAIN,SOLVED_TRIVIAL_gt300k
5800,SOLVED,TRAIN,SOLVED_TRIVIAL_le100k
5801,SOLVED,TRAIN,SOLVED_EASY_gt300k
5802,SOLVED,TEST,SOLVED_HARD_le100k
5803,SOLVED,TRAIN,SOLVED_TRIVIAL_le100k
5804,SOLVED,TRAIN,SOLVED_EASY_le10k
5805,SOLVED,TRAIN,SOLVED_NONE_gt300k
5806,SOLVED,TRAIN,SOLVED_TRIVIAL_gt300k
5807,SOLVED,TEST,SOLVED_NONE_le100k
5808,UNKNOWN,TRAIN,UNKNOWN_NONE_gt300k
5809,SOLVED,TRAIN,SOLVED_NONE_le100k
5810,UNKNOWN,TRAIN,UNKNOWN_NONE_gt300k
5811,SOLVED,TRAIN,SOLVED_HARD_le100k
5812,SOLVED,VALIDATION,SOLVED_TRIVIAL_le10k
5813,SOLVED,TRAIN,SOLVED_NONE_le100k
5814,SOLVED,TRAIN,SOLVED_NONE_le100k
5815,SOLVED,TRAIN,SOLVED_TRIVIAL_le100k
5816,SOLVED,TEST,SOLVED_TRIVIAL_le100k
5817,SOLVED,VALIDATION,SOLVED_TRIVIAL_le10k
5818,UNKNOWN,TRAIN,UNKNOWN_NONE_gt300k
5819,UNKNOWN,TRAIN,UNKNOWN_NONE_gt300k
5820,SOLVED,TRAIN,SOLVED_TRIVIAL_le10k
5821,SOLVED,TEST,SOLVED_NONE_le100k
5822,SOLVED,VALIDATION,SOLVED_TRIVIAL_gt300k
5823,SOLVED,TRAIN,SOLVED_TRIVIAL_le100k
5824,SOLVED,TRAIN,SOLVED_NONE_le100k
5825,UNKNOWN,TRAIN,UNKNOWN_NONE_gt300k
5826,SOLVED,TEST,SOLVED_TRIVIAL_le300k
5827,SOLVED,TRAIN,SOLVED_TRIVIAL_le300k
5828,SOLVED,TRAIN,SOLVED_NONE_le100k
5829,SOLVED,TRAIN,SOLVED_TRIVIAL_le100k
5830,SOLVED,TRAIN,SOLVED_TRIVIAL_le100k
5831,SOLVED,TEST,SOLVED_TRIVIAL_le100k
5832,UNKNOWN,TRAIN,UNKNOWN_NONE_gt300k
5833,SOLVED,TRAIN,SOLVED_TRIVIAL_gt300k
5834,SOLVED,TRAIN,SOLVED_TRIVIAL_gt300k
5835,SOLVED,TRAIN,SOLVED_TRIVIAL_le100k
5836,SOLVED,VALIDATION,SOLVED_NONE_gt300k
5837,UNKNOWN,TRAIN,UNKNOWN_NONE_gt300k
5838,SOLVED,TRAIN,SOLVED_HARD_le100k
5839,UNKNOWN,TRAIN,UNKNOWN_NONE_gt300k
5840,SOLVED,TEST,SOLVED_HARD_le100k
5841,SOLVED,VALIDATION,SOLVED_NONE_le100k
5842,SOLVED,TRAIN,SOLVED_HARD_le100k
5843,SOLVED,TRAIN,SOLVED_EXPERT_le100k
5844,SOLVED,TRAIN,SOLVED_NONE_gt300k
5845,UNKNOWN,TEST,UNKNOWN_NONE_gt300k
5846,SOLVED,VALIDATION,SOLVED_TRIVIAL_le10k
5847,UNKNOWN,TRAIN,UNKNOWN_NONE_gt300k
5848,SOLVED,TRAIN,SOLVED_TRIVIAL_le100k
5849,SOLVED,TRAIN,SOLVED_TRIVIAL_gt300k
5850,SOLVED,TEST,SOLVED_TRIVIAL_le10k
5851,SOLVED,VALIDATION,SOLVED_TRIVIAL_le100k
5852,SOLVED,TRAIN,SOLVED_TRIVIAL_le10k
5853,SOLVED,TRAIN,SOLVED_NONE_gt300k
5854,SOLVED,TRAIN,SOLVED_TRIVIAL_le100k
5855,SOLVED,TEST,SOLVED_TRIVIAL_le100k
5856,SOLVED,TRAIN,SOLVED_TRIVIAL_le100k
5857,SOLVED,TRAIN,SOLVED_HARD_le300k
5858,SOLVED,TRAIN,SOLVED_HARD_le100k
5859,SOLVED,TRAIN,SOLVED_EASY_le300k
5860,SOLVED,VALIDATION,SOLVED_TRIVIAL_le100k
5861,UNKNOWN,TRAIN,UNKNOWN_NONE_gt300k
5862,SOLVED,TRAIN,SOLVED_TRIVIAL_gt300k
5863,SOLVED,TRAIN,SOLVED_TRIVIAL_le100k
5864,SOLVED,TRAIN,SOLVED_TRIVIAL_gt300k
5865,SOLVED,VALIDATION,SOLVED_NONE_le10k
5866,SOLVED,TRAIN,SOLVED_TRIVIAL_le100k
5867,SOLVED,TRAIN,SOLVED_HARD_le300k
5868,SOLVED,TRAIN,SOLVED_NONE_le100k
5869,SOLVED,TEST,SOLVED_TRIVIAL_le100k
5870,SOLVED,VALIDATION,SOLVED_HARD_le300k
5871,UNKNOWN,TRAIN,UNKNOWN_NONE_gt300k
5872,SOLVED,TRAIN,SOLVED_HARD_le100k
5873,SOLVED,TRAIN,SOLVED_NONE_le10k
5874,SOLVED,TEST,SOLVED_TRIVIAL_le100k
5875,SOLVED,VALIDATION,SOLVED_TRIVIAL_le100k
5876,SOLVED,TRAIN,SOLVED_TRIVIAL_gt300k
5877,SOLVED,TRAIN,SOLVED_HARD_le100k
5878,SOLVED,TRAIN,SOLVED_TRIVIAL_le100k
5879,SOLVED,TEST,SOLVED_TRIVIAL_le100k
5880,UNKNOWN,TRAIN,UNKNOWN_NONE_gt300k
5881,UNKNOWN,TRAIN,UNKNOWN_NONE_gt300k
5882,SOLVED,TRAIN,SOLVED_HARD_gt300k
5883,SOLVED,TRAIN,SOLVED_TRIVIAL_le100k
5884,SOLVED,VALIDATION,SOLVED_TRIVIAL_le100k
5885,SOLVED,TRAIN,SOLVED_TRIVIAL_le100k
5886,SOLVED,TRAIN,SOLVED_TRIVIAL_le100k
5887,PROVEN_LOST,TRAIN,PROVEN_LOST_NONE_gt300k
5888,PROVEN_LOST,TRAIN,PROVEN_LOST_NONE_gt300k
5889,UNKNOWN,VALIDATION,UNKNOWN_NONE_gt300k
5890,SOLVED,TRAIN,SOLVED_TRIVIAL_le10k
5891,SOLVED,TRAIN,SOLVED_TRIVIAL_le300k
5892,SOLVED,TRAIN,SOLVED_TRIVIAL_le300k
5893,SOLVED,TEST,SOLVED_TRIVIAL_gt300k
5894,SOLVED,VALIDATION,SOLVED_TRIVIAL_le100k
5895,SOLVED,TRAIN,SOLVED_NONE_le10k
5896,SOLVED,TRAIN,SOLVED_TRIVIAL_le100k
5897,SOLVED,TRAIN,SOLVED_TRIVIAL_le100k
5898,SOLVED,TEST,SOLVED_TRIVIAL_gt300k
5899,SOLVED,VALIDATION,SOLVED_HARD_le300k
5900,SOLVED,TRAIN,SOLVED_NONE_le100k
5901,SOLVED,TRAIN,SOLVED_TRIVIAL_le300k
5902,SOLVED,TRAIN,SOLVED_TRIVIAL_le10k
5903,SOLVED,TEST,SOLVED_EASY_gt300k
5904,SOLVED,TRAIN,SOLVED_NONE_le100k
5905,SOLVED,TRAIN,SOLVED_TRIVIAL_le100k
5906,SOLVED,TRAIN,SOLVED_TRIVIAL_le100k
5907,SOLVED,TRAIN,SOLVED_TRIVIAL_le300k
5908,UNKNOWN,VALIDATION,UNKNOWN_NONE_gt300k
5909,SOLVED,TRAIN,SOLVED_NONE_le300k
5910,SOLVED,TRAIN,SOLVED_HARD_le100k
5911,SOLVED,TRAIN,SOLVED_TRIVIAL_gt300k
5912,SOLVED,TRAIN,SOLVED_TRIVIAL_le100k
5913,SOLVED,VALIDATION,SOLVED_TRIVIAL_le100k
5914,SOLVED,TRAIN,SOLVED_NONE_gt300k
5915,SOLVED,TRAIN,SOLVED_HARD_le100k
5916,SOLVED,TRAIN,SOLVED_NONE_le100k
5917,SOLVED,TEST,SOLVED_TRIVIAL_gt300k
5918,SOLVED,VALIDATION,SOLVED_EASY_le100k
5919,PROVEN_LOST,TRAIN,PROVEN_LOST_NONE_le300k
5920,SOLVED,TRAIN,SOLVED_HARD_le100k
5921,SOLVED,TRAIN,SOLVED_NONE_le100k
5922,SOLVED,TEST,SOLVED_HARD_le100k
5923,SOLVED,VALIDATION,SOLVED_TRIVIAL_le10k
5924,SOLVED,TRAIN,SOLVED_TRIVIAL_le100k
5925,SOLVED,TRAIN,SOLVED_HARD_le300k
5926,SOLVED,TRAIN,SOLVED_TRIVIAL_le100k
5927,SOLVED,TEST,SOLVED_TRIVIAL_le100k
5928,SOLVED,TRAIN,SOLVED_TRIVIAL_le100k
5929,SOLVED,TRAIN,SOLVED_TRIVIAL_le10k
5930,SOLVED,TRAIN,SOLVED_TRIVIAL_le100k
5931,SOLVED,TRAIN,SOLVED_TRIVIAL_le100k
5932,SOLVED,VALIDATION,SOLVED_TRIVIAL_le300k
5933,SOLVED,TRAIN,SOLVED_TRIVIAL_le10k
5934,SOLVED,TRAIN,SOLVED_HARD_le300k
5935,SOLVED,TRAIN,SOLVED_TRIVIAL_gt300k
5936,SOLVED,TRAIN,SOLVED_TRIVIAL_le10k
5937,SOLVED,VALIDATION,SOLVED_NONE_le100k
5938,SOLVED,TRAIN,SOLVED_EASY_le300k
5939,SOLVED,TRAIN,SOLVED_TRIVIAL_le100k
5940,PROVEN_LOST,TRAIN,PROVEN_LOST_NONE_le300k
5941,SOLVED,TEST,SOLVED_TRIVIAL_le100k
5942,SOLVED,VALIDATION,SOLVED_TRIVIAL_le10k
5943,SOLVED,TRAIN,SOLVED_TRIVIAL_le100k
5944,SOLVED,TRAIN,SOLVED_TRIVIAL_gt300k
5945,UNKNOWN,TRAIN,UNKNOWN_NONE_gt300k
5946,SOLVED,TEST,SOLVED_TRIVIAL_le300k
5947,UNKNOWN,VALIDATION,UNKNOWN_NONE_gt300k
5948,SOLVED,TRAIN,SOLVED_TRIVIAL_le100k
5949,SOLVED,TRAIN,SOLVED_TRIVIAL_le10k
5950,SOLVED,TRAIN,SOLVED_TRIVIAL_le100k
5951,SOLVED,TEST,SOLVED_TRIVIAL_le300k
5952,SOLVED,TRAIN,SOLVED_TRIVIAL_le100k
5953,SOLVED,TRAIN,SOLVED_HARD_le100k
5954,SOLVED,TRAIN,SOLVED_TRIVIAL_le100k
5955,SOLVED,TRAIN,SOLVED_TRIVIAL_le10k
5956,SOLVED,TEST,SOLVED_EASY_gt300k
5957,SOLVED,TRAIN,SOLVED_NONE_le10k
5958,SOLVED,TRAIN,SOLVED_TRIVIAL_gt300k
5959,UNKNOWN,TRAIN,UNKNOWN_NONE_gt300k
5960,SOLVED,TRAIN,SOLVED_NONE_le300k
5961,SOLVED,VALIDATION,SOLVED_TRIVIAL_le10k
5962,UNKNOWN,TRAIN,UNKNOWN_NONE_gt300k
5963,UNKNOWN,TRAIN,UNKNOWN_NONE_gt300k
5964,SOLVED,TRAIN,SOLVED_MEDIUM_le100k
5965,SOLVED,TEST,SOLVED_TRIVIAL_le10k
5966,SOLVED,VALIDATION,SOLVED_EXPERT_gt300k
5967,SOLVED,TRAIN,SOLVED_TRIVIAL_le300k
5968,UNKNOWN,TRAIN,UNKNOWN_NONE_gt300k
5969,PROVEN_LOST,TRAIN,PROVEN_LOST_NONE_gt300k
5970,SOLVED,TEST,SOLVED_EASY_gt300k
5971,SOLVED,VALIDATION,SOLVED_TRIVIAL_le100k
5972,SOLVED,TRAIN,SOLVED_TRIVIAL_le100k
5973,SOLVED,TRAIN,SOLVED_TRIVIAL_le100k
5974,SOLVED,TRAIN,SOLVED_TRIVIAL_le10k
5975,SOLVED,TEST,SOLVED_HARD_le10k
5976,SOLVED,TRAIN,SOLVED_HARD_le300k
5977,PROVEN_LOST,TRAIN,PROVEN_LOST_NONE_gt300k
5978,SOLVED,TRAIN,SOLVED_EASY_le100k
5979,SOLVED,TRAIN,SOLVED_TRIVIAL_le300k
5980,SOLVED,TEST,SOLVED_TRIVIAL_le100k
5981,SOLVED,TRAIN,SOLVED_NONE_gt300k
5982,SOLVED,TRAIN,SOLVED_HARD_gt300k
5983,SOLVED,TRAIN,SOLVED_TRIVIAL_le100k
5984,SOLVED,TRAIN,SOLVED_EXPERT_gt300k
5985,SOLVED,VALIDATION,SOLVED_TRIVIAL_le100k
5986,PROVEN_LOST,TRAIN,PROVEN_LOST_NONE_le100k
5987,SOLVED,TRAIN,SOLVED_NONE_le300k
5988,SOLVED,TRAIN,SOLVED_EXPERT_le300k
5989,SOLVED,TEST,SOLVED_TRIVIAL_gt300k
5990,SOLVED,VALIDATION,SOLVED_TRIVIAL_le100k
5991,SOLVED,TRAIN,SOLVED_HARD_le100k
5992,SOLVED,TRAIN,SOLVED_HARD_le100k
5993,UNKNOWN,TRAIN,UNKNOWN_NONE_gt300k
5994,SOLVED,TEST,SOLVED_TRIVIAL_gt300k
5995,SOLVED,VALIDATION,SOLVED_NONE_le100k
5996,SOLVED,TRAIN,SOLVED_TRIVIAL_le100k
5997,SOLVED,TRAIN,SOLVED_TRIVIAL_le10k
5998,SOLVED,TRAIN,SOLVED_TRIVIAL_le300k
5999,SOLVED,TEST,SOLVED_NONE_le300k
6000,SOLVED,TRAIN,SOLVED_TRIVIAL_le100k
6001,SOLVED,TRAIN,SOLVED_EASY_le100k
6002,SOLVED,TRAIN,SOLVED_TRIVIAL_le10k
6003,SOLVED,TRAIN,SOLVED_NONE_le100k
6004,SOLVED,TEST,SOLVED_TRIVIAL_le100k
6005,SOLVED,TRAIN,SOLVED_TRIVIAL_le100k
6006,SOLVED,TRAIN,SOLVED_TRIVIAL_gt300k
6007,SOLVED,TRAIN,SOLVED_TRIVIAL_le100k
6008,SOLVED,TRAIN,SOLVED_TRIVIAL_le100k
6009,SOLVED,VALIDATION,SOLVED_TRIVIAL_le100k
6010,SOLVED,TRAIN,SOLVED_TRIVIAL_gt300k
6011,SOLVED,TRAIN,SOLVED_TRIVIAL_gt300k
6012,SOLVED,TRAIN,SOLVED_TRIVIAL_le100k
6013,UNKNOWN,TEST,UNKNOWN_NONE_gt300k
6014,SOLVED,VALIDATION,SOLVED_TRIVIAL_le100k
6015,SOLVED,TRAIN,SOLVED_HARD_le10k
6016,UNKNOWN,TRAIN,UNKNOWN_NONE_gt300k
6017,SOLVED,TRAIN,SOLVED_TRIVIAL_le10k
6018,SOLVED,TEST,SOLVED_TRIVIAL_le100k
6019,SOLVED,VALIDATION,SOLVED_NONE_le300k
6020,UNKNOWN,TRAIN,UNKNOWN_NONE_gt300k
6021,SOLVED,TRAIN,SOLVED_TRIVIAL_le100k
6022,SOLVED,TRAIN,SOLVED_TRIVIAL_le100k
6023,UNKNOWN,TEST,UNKNOWN_NONE_gt300k
6024,SOLVED,VALIDATION,SOLVED_NONE_gt300k
6025,SOLVED,TRAIN,SOLVED_EASY_le10k
6026,UNKNOWN,TRAIN,UNKNOWN_NONE_gt300k
6027,SOLVED,TRAIN,SOLVED_TRIVIAL_le100k
6028,UNKNOWN,TEST,UNKNOWN_NONE_gt300k
6029,SOLVED,TRAIN,SOLVED_TRIVIAL_le100k
6030,SOLVED,TRAIN,SOLVED_TRIVIAL_le100k
6031,UNKNOWN,TRAIN,UNKNOWN_NONE_gt300k
6032,SOLVED,TRAIN,SOLVED_EASY_le10k
6033,SOLVED,VALIDATION,SOLVED_NONE_gt300k
6034,UNKNOWN,TRAIN,UNKNOWN_NONE_gt300k
6035,SOLVED,TRAIN,SOLVED_TRIVIAL_le100k
6036,SOLVED,TRAIN,SOLVED_TRIVIAL_gt300k
6037,UNKNOWN,TEST,UNKNOWN_NONE_gt300k
6038,SOLVED,VALIDATION,SOLVED_HARD_le100k
6039,SOLVED,TRAIN,SOLVED_TRIVIAL_le10k
6040,SOLVED,TRAIN,SOLVED_TRIVIAL_le100k
6041,SOLVED,TRAIN,SOLVED_TRIVIAL_le300k
6042,SOLVED,TEST,SOLVED_NONE_le100k
6043,UNKNOWN,VALIDATION,UNKNOWN_NONE_gt300k
6044,SOLVED,TRAIN,SOLVED_TRIVIAL_le100k
6045,UNKNOWN,TRAIN,UNKNOWN_NONE_gt300k
6046,UNKNOWN,TRAIN,UNKNOWN_NONE_gt300k
6047,SOLVED,TEST,SOLVED_TRIVIAL_le100k
6048,SOLVED,VALIDATION,SOLVED_TRIVIAL_le10k
6049,SOLVED,TRAIN,SOLVED_TRIVIAL_le100k
6050,SOLVED,TRAIN,SOLVED_HARD_le100k
6051,SOLVED,TRAIN,SOLVED_TRIVIAL_le10k
6052,UNKNOWN,TEST,UNKNOWN_NONE_gt300k
6053,SOLVED,TRAIN,SOLVED_TRIVIAL_le100k
6054,SOLVED,TRAIN,SOLVED_NONE_gt300k
6055,SOLVED,TRAIN,SOLVED_TRIVIAL_le100k
6056,SOLVED,TRAIN,SOLVED_TRIVIAL_le10k
6057,SOLVED,VALIDATION,SOLVED_TRIVIAL_le100k
6058,UNKNOWN,TRAIN,UNKNOWN_NONE_gt300k
6059,SOLVED,TRAIN,SOLVED_NONE_gt300k
6060,SOLVED,TRAIN,SOLVED_TRIVIAL_le100k
6061,SOLVED,TRAIN,SOLVED_TRIVIAL_le10k
6062,SOLVED,VALIDATION,SOLVED_TRIVIAL_le100k
6063,SOLVED,TRAIN,SOLVED_TRIVIAL_gt300k
6064,SOLVED,TRAIN,SOLVED_TRIVIAL_gt300k
6065,SOLVED,TRAIN,SOLVED_NONE_le10k
6066,SOLVED,TEST,SOLVED_TRIVIAL_gt300k
6067,SOLVED,VALIDATION,SOLVED_TRIVIAL_le100k
6068,SOLVED,TRAIN,SOLVED_TRIVIAL_le100k
6069,UNKNOWN,TRAIN,UNKNOWN_NONE_gt300k
6070,SOLVED,TRAIN,SOLVED_NONE_le100k
6071,SOLVED,TEST,SOLVED_TRIVIAL_le100k
6072,SOLVED,VALIDATION,SOLVED_NONE_gt300k
6073,SOLVED,TRAIN,SOLVED_NONE_le100k
6074,SOLVED,TRAIN,SOLVED_TRIVIAL_le10k
6075,SOLVED,TRAIN,SOLVED_HARD_le100k
6076,SOLVED,TEST,SOLVED_NONE_le100k
6077,SOLVED,TRAIN,SOLVED_EASY_gt300k
6078,SOLVED,TRAIN,SOLVED_TRIVIAL_le100k
6079,SOLVED,TRAIN,SOLVED_TRIVIAL_le100k
6080,SOLVED,TRAIN,SOLVED_NONE_le10k
6081,PROVEN_LOST,VALIDATION,PROVEN_LOST_NONE_gt300k
6082,UNKNOWN,TRAIN,UNKNOWN_NONE_gt300k
6083,SOLVED,TRAIN,SOLVED_TRIVIAL_gt300k
6084,SOLVED,TRAIN,SOLVED_EASY_gt300k
6085,SOLVED,TRAIN,SOLVED_HARD_gt300k
6086,SOLVED,VALIDATION,SOLVED_TRIVIAL_gt300k
6087,SOLVED,TRAIN,SOLVED_HARD_le300k
6088,UNKNOWN,TRAIN,UNKNOWN_NONE_gt300k
6089,SOLVED,TRAIN,SOLVED_TRIVIAL_le300k
6090,UNKNOWN,TEST,UNKNOWN_NONE_gt300k
6091,SOLVED,VALIDATION,SOLVED_TRIVIAL_le100k
6092,SOLVED,TRAIN,SOLVED_EXPERT_le100k
6093,SOLVED,TRAIN,SOLVED_TRIVIAL_gt300k
6094,SOLVED,TRAIN,SOLVED_TRIVIAL_le100k
6095,SOLVED,TEST,SOLVED_TRIVIAL_le300k
6096,SOLVED,VALIDATION,SOLVED_NONE_le100k
6097,SOLVED,TRAIN,SOLVED_TRIVIAL_le300k
6098,UNKNOWN,TRAIN,UNKNOWN_NONE_gt300k
6099,SOLVED,TRAIN,SOLVED_NONE_le100k
6100,SOLVED,TEST,SOLVED_TRIVIAL_le10k
6101,SOLVED,TRAIN,SOLVED_NONE_le10k
6102,SOLVED,TRAIN,SOLVED_TRIVIAL_le100k
6103,SOLVED,TRAIN,SOLVED_TRIVIAL_le100k
6104,SOLVED,TRAIN,SOLVED_TRIVIAL_le100k
6105,SOLVED,VALIDATION,SOLVED_NONE_le100k
6106,SOLVED,TRAIN,SOLVED_HARD_le10k
6107,SOLVED,TRAIN,SOLVED_TRIVIAL_le10k
6108,SOLVED,TRAIN,SOLVED_TRIVIAL_le100k
6109,UNKNOWN,TRAIN,UNKNOWN_NONE_gt300k
6110,SOLVED,VALIDATION,SOLVED_TRIVIAL_le100k
6111,SOLVED,TRAIN,SOLVED_TRIVIAL_le100k
6112,SOLVED,TRAIN,SOLVED_NONE_gt300k
6113,SOLVED,TRAIN,SOLVED_TRIVIAL_le300k
6114,SOLVED,TEST,SOLVED_HARD_le100k
6115,UNKNOWN,VALIDATION,UNKNOWN_NONE_gt300k
6116,SOLVED,TRAIN,SOLVED_TRIVIAL_le10k
6117,SOLVED,TRAIN,SOLVED_HARD_gt300k
6118,SOLVED,TRAIN,SOLVED_NONE_le300k
6119,SOLVED,TEST,SOLVED_HARD_gt300k
6120,SOLVED,VALIDATION,SOLVED_NONE_le100k
6121,SOLVED,TRAIN,SOLVED_NONE_le100k
6122,SOLVED,TRAIN,SOLVED_NONE_le10k
6123,SOLVED,TRAIN,SOLVED_TRIVIAL_le10k
6124,SOLVED,TEST,SOLVED_NONE_gt300k
6125,UNKNOWN,TRAIN,UNKNOWN_NONE_gt300k
6126,SOLVED,TRAIN,SOLVED_HARD_le10k
6127,PROVEN_LOST,TRAIN,PROVEN_LOST_NONE_le300k
6128,SOLVED,TRAIN,SOLVED_NONE_le10k
6129,SOLVED,TEST,SOLVED_TRIVIAL_le100k
6130,SOLVED,TRAIN,SOLVED_HARD_le100k
6131,SOLVED,TRAIN,SOLVED_EASY_le100k
6132,SOLVED,TRAIN,SOLVED_TRIVIAL_gt300k
6133,SOLVED,TRAIN,SOLVED_HARD_le100k
6134,SOLVED,VALIDATION,SOLVED_TRIVIAL_le100k
6135,SOLVED,TRAIN,SOLVED_TRIVIAL_le100k
6136,SOLVED,TRAIN,SOLVED_TRIVIAL_le100k
6137,SOLVED,TRAIN,SOLVED_TRIVIAL_le100k
6138,SOLVED,TEST,SOLVED_HARD_le100k
6139,SOLVED,VALIDATION,SOLVED_TRIVIAL_gt300k
6140,UNKNOWN,TRAIN,UNKNOWN_NONE_gt300k
6141,SOLVED,TRAIN,SOLVED_TRIVIAL_le100k
6142,SOLVED,TRAIN,SOLVED_TRIVIAL_le300k
6143,SOLVED,TEST,SOLVED_HARD_gt300k
6144,SOLVED,VALIDATION,SOLVED_HARD_le300k
6145,UNKNOWN,TRAIN,UNKNOWN_NONE_gt300k
6146,SOLVED,TRAIN,SOLVED_TRIVIAL_le100k
6147,UNKNOWN,TRAIN,UNKNOWN_NONE_gt300k
6148,SOLVED,TEST,SOLVED_TRIVIAL_le100k
6149,SOLVED,TRAIN,SOLVED_HARD_le100k
6150,SOLVED,TRAIN,SOLVED_NONE_le10k
6151,PROVEN_LOST,TRAIN,PROVEN_LOST_NONE_le100k
6152,SOLVED,TRAIN,SOLVED_TRIVIAL_le100k
6153,UNKNOWN,TEST,UNKNOWN_NONE_gt300k
6154,SOLVED,TRAIN,SOLVED_TRIVIAL_le100k
6155,SOLVED,TRAIN,SOLVED_NONE_le10k
6156,SOLVED,TRAIN,SOLVED_TRIVIAL_le100k
6157,UNKNOWN,TRAIN,UNKNOWN_NONE_gt300k
6158,SOLVED,VALIDATION,SOLVED_TRIVIAL_gt300k
6159,SOLVED,TRAIN,SOLVED_TRIVIAL_le300k
6160,SOLVED,TRAIN,SOLVED_TRIVIAL_le100k
6161,UNKNOWN,TRAIN,UNKNOWN_NONE_gt300k
6162,SOLVED,TEST,SOLVED_NONE_le100k
6163,SOLVED,VALIDATION,SOLVED_TRIVIAL_le100k
6164,UNKNOWN,TRAIN,UNKNOWN_NONE_gt300k
6165,SOLVED,TRAIN,SOLVED_NONE_le10k
6166,SOLVED,TRAIN,SOLVED_NONE_le100k
6167,SOLVED,TEST,SOLVED_TRIVIAL_le100k
6168,SOLVED,VALIDATION,SOLVED_TRIVIAL_le100k
6169,SOLVED,TRAIN,SOLVED_NONE_gt300k
6170,SOLVED,TRAIN,SOLVED_TRIVIAL_gt300k
6171,SOLVED,TRAIN,SOLVED_NONE_le300k
6172,UNKNOWN,TEST,UNKNOWN_NONE_gt300k
6173,UNKNOWN,TRAIN,UNKNOWN_NONE_gt300k
6174,SOLVED,TRAIN,SOLVED_NONE_le100k
6175,SOLVED,TRAIN,SOLVED_TRIVIAL_le100k
6176,SOLVED,TRAIN,SOLVED_NONE_le300k
6177,SOLVED,TEST,SOLVED_NONE_gt300k
6178,SOLVED,TRAIN,SOLVED_TRIVIAL_le10k
6179,SOLVED,TRAIN,SOLVED_EASY_gt300k
6180,SOLVED,TRAIN,SOLVED_TRIVIAL_le100k
6181,UNKNOWN,TRAIN,UNKNOWN_NONE_gt300k
6182,SOLVED,VALIDATION,SOLVED_EASY_le300k
6183,SOLVED,TRAIN,SOLVED_HARD_le100k
6184,UNKNOWN,TRAIN,UNKNOWN_NONE_gt300k
6185,SOLVED,TRAIN,SOLVED_TRIVIAL_le100k
6186,SOLVED,TEST,SOLVED_TRIVIAL_le10k
6187,SOLVED,VALIDATION,SOLVED_HARD_le100k
6188,PROVEN_LOST,TRAIN,PROVEN_LOST_NONE_le300k
6189,SOLVED,TRAIN,SOLVED_TRIVIAL_le10k
6190,UNKNOWN,TRAIN,UNKNOWN_NONE_gt300k
6191,SOLVED,TEST,SOLVED_TRIVIAL_gt300k
6192,SOLVED,VALIDATION,SOLVED_TRIVIAL_le100k
6193,SOLVED,TRAIN,SOLVED_NONE_le10k
6194,UNKNOWN,TRAIN,UNKNOWN_NONE_gt300k
6195,UNKNOWN,TRAIN,UNKNOWN_NONE_gt300k
6196,SOLVED,TEST,SOLVED_HARD_le300k
6197,SOLVED,VALIDATION,SOLVED_TRIVIAL_gt300k
6198,SOLVED,TRAIN,SOLVED_TRIVIAL_gt300k
6199,UNKNOWN,TRAIN,UNKNOWN_NONE_gt300k
6200,SOLVED,TRAIN,SOLVED_TRIVIAL_le100k
6201,SOLVED,TEST,SOLVED_NONE_le100k
6202,SOLVED,TRAIN,SOLVED_TRIVIAL_le100k
6203,SOLVED,TRAIN,SOLVED_TRIVIAL_le100k
6204,SOLVED,TRAIN,SOLVED_TRIVIAL_gt300k
6205,SOLVED,TRAIN,SOLVED_EASY_le10k
6206,SOLVED,VALIDATION,SOLVED_TRIVIAL_le10k
6207,SOLVED,TRAIN,SOLVED_HARD_le100k
6208,SOLVED,TRAIN,SOLVED_TRIVIAL_le100k
6209,SOLVED,TRAIN,SOLVED_HARD_le100k
6210,SOLVED,TEST,SOLVED_HARD_gt300k
6211,UNKNOWN,VALIDATION,UNKNOWN_NONE_gt300k
6212,SOLVED,TRAIN,SOLVED_TRIVIAL_le300k
6213,SOLVED,TRAIN,SOLVED_TRIVIAL_le300k
6214,PROVEN_LOST,TRAIN,PROVEN_LOST_NONE_gt300k
6215,SOLVED,TEST,SOLVED_HARD_le100k
6216,SOLVED,VALIDATION,SOLVED_TRIVIAL_le10k
6217,SOLVED,TRAIN,SOLVED_NONE_le100k
6218,SOLVED,TRAIN,SOLVED_NONE_le10k
6219,SOLVED,TRAIN,SOLVED_TRIVIAL_le300k
6220,SOLVED,TEST,SOLVED_TRIVIAL_gt300k
6221,SOLVED,VALIDATION,SOLVED_TRIVIAL_le100k
6222,SOLVED,TRAIN,SOLVED_EASY_le100k
6223,UNKNOWN,TRAIN,UNKNOWN_NONE_gt300k
6224,UNKNOWN,TRAIN,UNKNOWN_NONE_gt300k
6225,SOLVED,TEST,SOLVED_TRIVIAL_le10k
6226,SOLVED,TRAIN,SOLVED_TRIVIAL_le100k
6227,SOLVED,TRAIN,SOLVED_NONE_le100k
6228,SOLVED,TRAIN,SOLVED_EASY_le100k
6229,UNKNOWN,TRAIN,UNKNOWN_NONE_gt300k
6230,SOLVED,VALIDATION,SOLVED_TRIVIAL_le100k
6231,SOLVED,TRAIN,SOLVED_NONE_le10k
6232,SOLVED,TRAIN,SOLVED_HARD_gt300k
6233,SOLVED,TRAIN,SOLVED_TRIVIAL_le10k
6234,SOLVED,TRAIN,SOLVED_TRIVIAL_le300k
6235,SOLVED,VALIDATION,SOLVED_TRIVIAL_le100k
6236,SOLVED,TRAIN,SOLVED_NONE_gt300k
6237,UNKNOWN,TRAIN,UNKNOWN_NONE_gt300k
6238,SOLVED,TRAIN,SOLVED_TRIVIAL_le100k
6239,PROVEN_LOST,TEST,PROVEN_LOST_NONE_le300k
6240,SOLVED,VALIDATION,SOLVED_TRIVIAL_le100k
6241,SOLVED,TRAIN,SOLVED_TRIVIAL_gt300k
6242,SOLVED,TRAIN,SOLVED_TRIVIAL_le100k
6243,SOLVED,TRAIN,SOLVED_TRIVIAL_le100k
6244,UNKNOWN,TEST,UNKNOWN_NONE_gt300k
6245,SOLVED,VALIDATION,SOLVED_HARD_le100k
6246,UNKNOWN,TRAIN,UNKNOWN_NONE_gt300k
6247,SOLVED,TRAIN,SOLVED_TRIVIAL_gt300k
6248,SOLVED,TRAIN,SOLVED_TRIVIAL_le100k
6249,SOLVED,TEST,SOLVED_NONE_le100k
6250,SOLVED,TRAIN,SOLVED_TRIVIAL_le100k
6251,UNKNOWN,TRAIN,UNKNOWN_NONE_gt300k
6252,SOLVED,TRAIN,SOLVED_HARD_le100k
6253,SOLVED,TRAIN,SOLVED_NONE_le100k
6254,SOLVED,VALIDATION,SOLVED_TRIVIAL_le100k
6255,SOLVED,TRAIN,SOLVED_HARD_le300k
6256,SOLVED,TRAIN,SOLVED_TRIVIAL_le100k
6257,UNKNOWN,TRAIN,UNKNOWN_NONE_gt300k
6258,SOLVED,TRAIN,SOLVED_NONE_le10k
6259,SOLVED,VALIDATION,SOLVED_TRIVIAL_le10k
6260,SOLVED,TRAIN,SOLVED_TRIVIAL_le100k
6261,SOLVED,TRAIN,SOLVED_TRIVIAL_le10k
6262,SOLVED,TRAIN,SOLVED_TRIVIAL_le100k
6263,SOLVED,TEST,SOLVED_TRIVIAL_le100k
6264,SOLVED,VALIDATION,SOLVED_TRIVIAL_le100k
6265,SOLVED,TRAIN,SOLVED_NONE_le100k
6266,SOLVED,TRAIN,SOLVED_TRIVIAL_le100k
6267,SOLVED,TRAIN,SOLVED_TRIVIAL_le100k
6268,SOLVED,TEST,SOLVED_TRIVIAL_le10k
6269,SOLVED,VALIDATION,SOLVED_EASY_le100k
6270,SOLVED,TRAIN,SOLVED_HARD_le100k
6271,SOLVED,TRAIN,SOLVED_NONE_gt300k
6272,UNKNOWN,TRAIN,UNKNOWN_NONE_gt300k
6273,SOLVED,TEST,SOLVED_NONE_le300k
6274,SOLVED,TRAIN,SOLVED_NONE_gt300k
6275,SOLVED,TRAIN,SOLVED_TRIVIAL_le300k
6276,UNKNOWN,TRAIN,UNKNOWN_NONE_gt300k
6277,UNKNOWN,TRAIN,UNKNOWN_NONE_gt300k
6278,SOLVED,VALIDATION,SOLVED_TRIVIAL_le100k
6279,UNKNOWN,TRAIN,UNKNOWN_NONE_gt300k
6280,SOLVED,TRAIN,SOLVED_TRIVIAL_le300k
6281,SOLVED,TRAIN,SOLVED_NONE_le100k
6282,SOLVED,TRAIN,SOLVED_TRIVIAL_le300k
6283,SOLVED,VALIDATION,SOLVED_TRIVIAL_le100k
6284,SOLVED,TRAIN,SOLVED_NONE_le100k
6285,UNKNOWN,TRAIN,UNKNOWN_NONE_gt300k
6286,SOLVED,TRAIN,SOLVED_TRIVIAL_le10k
6287,UNKNOWN,TEST,UNKNOWN_NONE_gt300k
6288,UNKNOWN,VALIDATION,UNKNOWN_NONE_gt300k
6289,UNKNOWN,TRAIN,UNKNOWN_NONE_gt300k
6290,SOLVED,TRAIN,SOLVED_EXPERT_le100k
6291,SOLVED,TRAIN,SOLVED_TRIVIAL_gt300k
6292,UNKNOWN,TEST,UNKNOWN_NONE_gt300k
6293,SOLVED,VALIDATION,SOLVED_TRIVIAL_gt300k
6294,SOLVED,TRAIN,SOLVED_TRIVIAL_gt300k
6295,UNKNOWN,TRAIN,UNKNOWN_NONE_gt300k
6296,SOLVED,TRAIN,SOLVED_EXPERT_le100k
6297,SOLVED,TEST,SOLVED_HARD_le100k
6298,SOLVED,TRAIN,SOLVED_NONE_le100k
6299,SOLVED,TRAIN,SOLVED_TRIVIAL_le100k
6300,SOLVED,TRAIN,SOLVED_EASY_le100k
6301,SOLVED,TRAIN,SOLVED_TRIVIAL_le100k
6302,UNKNOWN,TEST,UNKNOWN_NONE_gt300k
6303,SOLVED,TRAIN,SOLVED_TRIVIAL_le100k
6304,SOLVED,TRAIN,SOLVED_TRIVIAL_gt300k
6305,SOLVED,TRAIN,SOLVED_TRIVIAL_gt300k
6306,SOLVED,TRAIN,SOLVED_EASY_gt300k
6307,SOLVED,VALIDATION,SOLVED_TRIVIAL_le100k
6308,SOLVED,TRAIN,SOLVED_NONE_gt300k
6309,SOLVED,TRAIN,SOLVED_TRIVIAL_le100k
6310,SOLVED,TRAIN,SOLVED_TRIVIAL_le100k
6311,UNKNOWN,TEST,UNKNOWN_NONE_gt300k
6312,SOLVED,VALIDATION,SOLVED_TRIVIAL_gt300k
6313,UNKNOWN,TRAIN,UNKNOWN_NONE_gt300k
6314,SOLVED,TRAIN,SOLVED_TRIVIAL_le100k
6315,SOLVED,TRAIN,SOLVED_NONE_le100k
6316,SOLVED,TEST,SOLVED_EASY_le10k
6317,SOLVED,VALIDATION,SOLVED_TRIVIAL_le300k
6318,SOLVED,TRAIN,SOLVED_HARD_le100k
6319,SOLVED,TRAIN,SOLVED_NONE_le100k
6320,SOLVED,TRAIN,SOLVED_HARD_gt300k
6321,SOLVED,TEST,SOLVED_EASY_le300k
6322,SOLVED,TRAIN,SOLVED_TRIVIAL_le100k
6323,SOLVED,TRAIN,SOLVED_HARD_le100k
6324,SOLVED,TRAIN,SOLVED_TRIVIAL_gt300k
6325,SOLVED,TRAIN,SOLVED_TRIVIAL_le100k
6326,SOLVED,TEST,SOLVED_TRIVIAL_le100k
6327,UNKNOWN,TRAIN,UNKNOWN_NONE_gt300k
6328,SOLVED,TRAIN,SOLVED_TRIVIAL_le300k
6329,SOLVED,TRAIN,SOLVED_TRIVIAL_le100k
6330,SOLVED,TRAIN,SOLVED_TRIVIAL_gt300k
6331,SOLVED,VALIDATION,SOLVED_NONE_le100k
6332,SOLVED,TRAIN,SOLVED_HARD_le100k
6333,SOLVED,TRAIN,SOLVED_TRIVIAL_le100k
6334,SOLVED,TRAIN,SOLVED_TRIVIAL_gt300k
6335,SOLVED,TEST,SOLVED_TRIVIAL_le10k
6336,SOLVED,VALIDATION,SOLVED_TRIVIAL_le10k
6337,SOLVED,TRAIN,SOLVED_TRIVIAL_gt300k
6338,SOLVED,TRAIN,SOLVED_TRIVIAL_le100k
6339,SOLVED,TRAIN,SOLVED_TRIVIAL_le100k
6340,SOLVED,TEST,SOLVED_TRIVIAL_le100k
6341,SOLVED,VALIDATION,SOLVED_TRIVIAL_le10k
6342,SOLVED,TRAIN,SOLVED_TRIVIAL_le100k
6343,SOLVED,TRAIN,SOLVED_NONE_gt300k
6344,SOLVED,TRAIN,SOLVED_HARD_le10k
6345,PROVEN_LOST,TEST,PROVEN_LOST_NONE_le300k
6346,SOLVED,TRAIN,SOLVED_NONE_le10k
6347,SOLVED,TRAIN,SOLVED_TRIVIAL_le100k
6348,SOLVED,TRAIN,SOLVED_TRIVIAL_le100k
6349,SOLVED,TRAIN,SOLVED_TRIVIAL_le100k
6350,SOLVED,TEST,SOLVED_TRIVIAL_le10k
6351,SOLVED,TRAIN,SOLVED_TRIVIAL_le300k
6352,SOLVED,TRAIN,SOLVED_TRIVIAL_le100k
6353,SOLVED,TRAIN,SOLVED_TRIVIAL_gt300k
6354,SOLVED,TRAIN,SOLVED_TRIVIAL_le100k
6355,SOLVED,VALIDATION,SOLVED_EXPERT_le100k
6356,SOLVED,TRAIN,SOLVED_TRIVIAL_le100k
6357,SOLVED,TRAIN,SOLVED_TRIVIAL_le10k
6358,SOLVED,TRAIN,SOLVED_EXPERT_le10k
6359,SOLVED,TEST,SOLVED_TRIVIAL_gt300k
6360,SOLVED,VALIDATION,SOLVED_NONE_le300k
6361,SOLVED,TRAIN,SOLVED_TRIVIAL_le100k
6362,SOLVED,TRAIN,SOLVED_TRIVIAL_le100k
6363,SOLVED,TRAIN,SOLVED_NONE_le10k
6364,SOLVED,TEST,SOLVED_HARD_le100k
6365,SOLVED,VALIDATION,SOLVED_TRIVIAL_le100k
6366,SOLVED,TRAIN,SOLVED_NONE_le10k
6367,SOLVED,TRAIN,SOLVED_HARD_le100k
6368,SOLVED,TRAIN,SOLVED_TRIVIAL_le10k
6369,SOLVED,TEST,SOLVED_NONE_le100k
6370,SOLVED,VALIDATION,SOLVED_NONE_gt300k
6371,SOLVED,TRAIN,SOLVED_TRIVIAL_le10k
6372,SOLVED,TRAIN,SOLVED_TRIVIAL_gt300k
6373,UNKNOWN,TRAIN,UNKNOWN_NONE_gt300k
6374,SOLVED,TEST,SOLVED_TRIVIAL_le300k
6375,SOLVED,TRAIN,SOLVED_EXPERT_gt300k
6376,SOLVED,TRAIN,SOLVED_HARD_le100k
6377,SOLVED,TRAIN,SOLVED_TRIVIAL_le10k
6378,UNKNOWN,TRAIN,UNKNOWN_NONE_gt300k
6379,SOLVED,VALIDATION,SOLVED_TRIVIAL_le100k
6380,SOLVED,TRAIN,SOLVED_NONE_gt300k
6381,SOLVED,TRAIN,SOLVED_TRIVIAL_gt300k
6382,SOLVED,TRAIN,SOLVED_HARD_le100k
6383,SOLVED,TEST,SOLVED_TRIVIAL_gt300k
6384,SOLVED,VALIDATION,SOLVED_HARD_le10k
6385,SOLVED,TRAIN,SOLVED_TRIVIAL_le100k
6386,SOLVED,TRAIN,SOLVED_TRIVIAL_le100k
6387,SOLVED,TRAIN,SOLVED_HARD_gt300k
6388,SOLVED,TEST,SOLVED_TRIVIAL_le100k
6389,SOLVED,VALIDATION,SOLVED_TRIVIAL_le100k
6390,SOLVED,TRAIN,SOLVED_TRIVIAL_le10k
6391,SOLVED,TRAIN,SOLVED_TRIVIAL_gt300k
6392,SOLVED,TRAIN,SOLVED_TRIVIAL_le100k
6393,SOLVED,TEST,SOLVED_HARD_le100k
6394,SOLVED,VALIDATION,SOLVED_TRIVIAL_le100k
6395,SOLVED,TRAIN,SOLVED_TRIVIAL_le300k
6396,SOLVED,TRAIN,SOLVED_TRIVIAL_le100k
6397,SOLVED,TRAIN,SOLVED_TRIVIAL_le100k
6398,SOLVED,TEST,SOLVED_NONE_le300k
6399,SOLVED,TRAIN,SOLVED_TRIVIAL_le10k
6400,UNKNOWN,TRAIN,UNKNOWN_NONE_gt300k
6401,SOLVED,TRAIN,SOLVED_TRIVIAL_le10k
6402,SOLVED,TRAIN,SOLVED_TRIVIAL_le100k
6403,SOLVED,VALIDATION,SOLVED_TRIVIAL_le100k
6404,UNKNOWN,TRAIN,UNKNOWN_NONE_gt300k
6405,SOLVED,TRAIN,SOLVED_TRIVIAL_le300k
6406,SOLVED,TRAIN,SOLVED_TRIVIAL_le100k
6407,SOLVED,TRAIN,SOLVED_TRIVIAL_le100k
6408,SOLVED,VALIDATION,SOLVED_TRIVIAL_gt300k
6409,SOLVED,TRAIN,SOLVED_HARD_le100k
6410,SOLVED,TRAIN,SOLVED_TRIVIAL_le10k
6411,SOLVED,TRAIN,SOLVED_HARD_le100k
6412,SOLVED,TEST,SOLVED_TRIVIAL_le10k
6413,SOLVED,VALIDATION,SOLVED_TRIVIAL_le100k
6414,SOLVED,TRAIN,SOLVED_NONE_gt300k
6415,SOLVED,TRAIN,SOLVED_TRIVIAL_gt300k
6416,SOLVED,TRAIN,SOLVED_HARD_le100k
6417,UNKNOWN,TEST,UNKNOWN_NONE_gt300k
6418,SOLVED,VALIDATION,SOLVED_TRIVIAL_le100k
6419,SOLVED,TRAIN,SOLVED_TRIVIAL_le10k
6420,SOLVED,TRAIN,SOLVED_NONE_gt300k
6421,SOLVED,TRAIN,SOLVED_NONE_le10k
6422,UNKNOWN,TEST,UNKNOWN_NONE_le300k
6423,UNKNOWN,TRAIN,UNKNOWN_NONE_gt300k
6424,SOLVED,TRAIN,SOLVED_HARD_le100k
6425,SOLVED,TRAIN,SOLVED_EASY_le300k
6426,SOLVED,TRAIN,SOLVED_NONE_le300k
6427,SOLVED,VALIDATION,SOLVED_TRIVIAL_le100k
6428,SOLVED,TRAIN,SOLVED_TRIVIAL_gt300k
6429,UNKNOWN,TRAIN,UNKNOWN_NONE_gt300k
6430,SOLVED,TRAIN,SOLVED_TRIVIAL_gt300k
6431,SOLVED,TRAIN,SOLVED_TRIVIAL_le100k
6432,SOLVED,VALIDATION,SOLVED_TRIVIAL_le100k
6433,SOLVED,TRAIN,SOLVED_NONE_le300k
6434,SOLVED,TRAIN,SOLVED_NONE_le100k
6435,SOLVED,TRAIN,SOLVED_NONE_le100k
6436,SOLVED,TEST,SOLVED_TRIVIAL_le100k
6437,SOLVED,VALIDATION,SOLVED_HARD_le300k
6438,SOLVED,TRAIN,SOLVED_EXPERT_le100k
6439,UNKNOWN,TRAIN,UNKNOWN_NONE_gt300k
6440,UNKNOWN,TRAIN,UNKNOWN_NONE_gt300k
6441,SOLVED,TEST,SOLVED_TRIVIAL_gt300k
6442,UNKNOWN,VALIDATION,UNKNOWN_NONE_gt300k
6443,SOLVED,TRAIN,SOLVED_HARD_le10k
6444,SOLVED,TRAIN,SOLVED_TRIVIAL_gt300k
6445,SOLVED,TRAIN,SOLVED_TRIVIAL_le100k
6446,UNKNOWN,TEST,UNKNOWN_NONE_gt300k
6447,SOLVED,TRAIN,SOLVED_TRIVIAL_le100k
6448,SOLVED,TRAIN,SOLVED_EASY_le300k
6449,SOLVED,TRAIN,SOLVED_HARD_gt300k
6450,SOLVED,TRAIN,SOLVED_NONE_le100k
6451,SOLVED,VALIDATION,SOLVED_TRIVIAL_le100k
6452,SOLVED,TRAIN,SOLVED_TRIVIAL_le100k
6453,SOLVED,TRAIN,SOLVED_HARD_le100k
6454,SOLVED,TRAIN,SOLVED_TRIVIAL_gt300k
6455,SOLVED,TRAIN,SOLVED_TRIVIAL_le10k
6456,SOLVED,VALIDATION,SOLVED_TRIVIAL_le10k
6457,SOLVED,TRAIN,SOLVED_TRIVIAL_gt300k
6458,SOLVED,TRAIN,SOLVED_HARD_le100k
6459,SOLVED,TRAIN,SOLVED_EASY_le10k
6460,SOLVED,TEST,SOLVED_TRIVIAL_le100k
6461,SOLVED,VALIDATION,SOLVED_TRIVIAL_le100k
6462,SOLVED,TRAIN,SOLVED_NONE_gt300k
6463,SOLVED,TRAIN,SOLVED_TRIVIAL_le100k
6464,PROVEN_LOST,TRAIN,PROVEN_LOST_NONE_le300k
6465,SOLVED,TEST,SOLVED_NONE_gt300k
6466,SOLVED,VALIDATION,SOLVED_TRIVIAL_le100k
6467,SOLVED,TRAIN,SOLVED_NONE_gt300k
6468,SOLVED,TRAIN,SOLVED_TRIVIAL_le10k
6469,SOLVED,TRAIN,SOLVED_TRIVIAL_le100k
6470,SOLVED,TEST,SOLVED_TRIVIAL_le10k
6471,SOLVED,TRAIN,SOLVED_TRIVIAL_le100k
6472,SOLVED,TRAIN,SOLVED_TRIVIAL_le100k
6473,SOLVED,TRAIN,SOLVED_TRIVIAL_le300k
6474,SOLVED,TRAIN,SOLVED_TRIVIAL_le100k
6475,SOLVED,TEST,SOLVED_EASY_le10k
6476,SOLVED,TRAIN,SOLVED_TRIVIAL_le100k
6477,SOLVED,TRAIN,SOLVED_HARD_le10k
6478,SOLVED,TRAIN,SOLVED_NONE_le100k
6479,SOLVED,TRAIN,SOLVED_TRIVIAL_le100k
6480,UNKNOWN,VALIDATION,UNKNOWN_NONE_gt300k
6481,UNKNOWN,TRAIN,UNKNOWN_NONE_gt300k
6482,SOLVED,TRAIN,SOLVED_TRIVIAL_gt300k
6483,SOLVED,TRAIN,SOLVED_TRIVIAL_le10k
6484,SOLVED,TEST,SOLVED_TRIVIAL_le100k
6485,SOLVED,VALIDATION,SOLVED_NONE_le100k
6486,SOLVED,TRAIN,SOLVED_TRIVIAL_le100k
6487,SOLVED,TRAIN,SOLVED_HARD_le10k
6488,SOLVED,TRAIN,SOLVED_TRIVIAL_gt300k
6489,UNKNOWN,TEST,UNKNOWN_NONE_gt300k
6490,SOLVED,VALIDATION,SOLVED_HARD_le10k
6491,SOLVED,TRAIN,SOLVED_TRIVIAL_gt300k
6492,UNKNOWN,TRAIN,UNKNOWN_NONE_gt300k
6493,UNKNOWN,TRAIN,UNKNOWN_NONE_gt300k
6494,SOLVED,TEST,SOLVED_HARD_le100k
6495,SOLVED,TRAIN,SOLVED_TRIVIAL_le100k
6496,SOLVED,TRAIN,SOLVED_TRIVIAL_gt300k
6497,SOLVED,TRAIN,SOLVED_HARD_le100k
6498,SOLVED,TRAIN,SOLVED_NONE_gt300k
6499,SOLVED,TEST,SOLVED_NONE_le10k
6500,UNKNOWN,TRAIN,UNKNOWN_NONE_gt300k
6501,SOLVED,TRAIN,SOLVED_TRIVIAL_le300k
6502,SOLVED,TRAIN,SOLVED_TRIVIAL_gt300k
6503,SOLVED,TRAIN,SOLVED_TRIVIAL_le10k
6504,UNKNOWN,VALIDATION,UNKNOWN_NONE_gt300k
6505,SOLVED,TRAIN,SOLVED_TRIVIAL_le10k
6506,SOLVED,TRAIN,SOLVED_NONE_le10k
6507,UNKNOWN,TRAIN,UNKNOWN_NONE_gt300k
6508,SOLVED,TEST,SOLVED_TRIVIAL_gt300k
6509,PROVEN_LOST,VALIDATION,PROVEN_LOST_NONE_gt300k
6510,SOLVED,TRAIN,SOLVED_TRIVIAL_le100k
6511,SOLVED,TRAIN,SOLVED_TRIVIAL_le300k
6512,UNKNOWN,TRAIN,UNKNOWN_NONE_gt300k
6513,SOLVED,TEST,SOLVED_TRIVIAL_le10k
6514,SOLVED,VALIDATION,SOLVED_TRIVIAL_le10k
6515,SOLVED,TRAIN,SOLVED_TRIVIAL_le100k
6516,UNKNOWN,TRAIN,UNKNOWN_NONE_gt300k
6517,SOLVED,TRAIN,SOLVED_TRIVIAL_le100k
6518,SOLVED,TEST,SOLVED_HARD_le100k
6519,SOLVED,TRAIN,SOLVED_NONE_le100k
6520,SOLVED,TRAIN,SOLVED_TRIVIAL_le300k
6521,SOLVED,TRAIN,SOLVED_TRIVIAL_le10k
6522,SOLVED,TRAIN,SOLVED_TRIVIAL_le100k
6523,SOLVED,TEST,SOLVED_TRIVIAL_le100k
6524,SOLVED,TRAIN,SOLVED_TRIVIAL_le100k
6525,SOLVED,TRAIN,SOLVED_NONE_le300k
6526,SOLVED,TRAIN,SOLVED_NONE_le100k
6527,PROVEN_LOST,TRAIN,PROVEN_LOST_NONE_gt300k
6528,SOLVED,VALIDATION,SOLVED_TRIVIAL_gt300k
6529,SOLVED,TRAIN,SOLVED_TRIVIAL_le100k
6530,SOLVED,TRAIN,SOLVED_TRIVIAL_le300k
6531,UNKNOWN,TRAIN,UNKNOWN_NONE_gt300k
6532,UNKNOWN,TEST,UNKNOWN_NONE_gt300k
6533,SOLVED,VALIDATION,SOLVED_TRIVIAL_le100k
6534,PROVEN_LOST,TRAIN,PROVEN_LOST_NONE_le100k
6535,PROVEN_LOST,TRAIN,PROVEN_LOST_NONE_gt300k
6536,SOLVED,TRAIN,SOLVED_TRIVIAL_le100k
6537,SOLVED,TEST,SOLVED_NONE_le100k
6538,SOLVED,VALIDATION,SOLVED_NONE_le300k
6539,SOLVED,TRAIN,SOLVED_HARD_le300k
6540,SOLVED,TRAIN,SOLVED_NONE_le10k
6541,UNKNOWN,TRAIN,UNKNOWN_NONE_gt300k
6542,SOLVED,TEST,SOLVED_TRIVIAL_gt300k
6543,SOLVED,VALIDATION,SOLVED_TRIVIAL_le10k
6544,UNKNOWN,TRAIN,UNKNOWN_NONE_gt300k
6545,SOLVED,TRAIN,SOLVED_TRIVIAL_gt300k
6546,UNKNOWN,TRAIN,UNKNOWN_NONE_gt300k
6547,SOLVED,TEST,SOLVED_TRIVIAL_le100k
6548,SOLVED,TRAIN,SOLVED_TRIVIAL_le100k
6549,SOLVED,TRAIN,SOLVED_TRIVIAL_gt300k
6550,UNKNOWN,TRAIN,UNKNOWN_NONE_gt300k
6551,SOLVED,TRAIN,SOLVED_HARD_le100k
6552,UNKNOWN,VALIDATION,UNKNOWN_NONE_gt300k
6553,PROVEN_LOST,TRAIN,PROVEN_LOST_NONE_gt300k
6554,SOLVED,TRAIN,SOLVED_NONE_le100k
6555,SOLVED,TRAIN,SOLVED_HARD_le100k
6556,SOLVED,TEST,SOLVED_TRIVIAL_le100k
6557,SOLVED,VALIDATION,SOLVED_TRIVIAL_le300k
6558,SOLVED,TRAIN,SOLVED_NONE_gt300k
6559,UNKNOWN,TRAIN,UNKNOWN_NONE_gt300k
6560,UNKNOWN,TRAIN,UNKNOWN_NONE_gt300k
6561,UNKNOWN,TEST,UNKNOWN_NONE_gt300k
6562,SOLVED,VALIDATION,SOLVED_TRIVIAL_gt300k
6563,SOLVED,TRAIN,SOLVED_HARD_le100k
6564,SOLVED,TRAIN,SOLVED_NONE_le100k
6565,UNKNOWN,TRAIN,UNKNOWN_NONE_gt300k
6566,SOLVED,TEST,SOLVED_TRIVIAL_le300k
6567,SOLVED,VALIDATION,SOLVED_TRIVIAL_le100k
6568,SOLVED,TRAIN,SOLVED_NONE_le10k
6569,SOLVED,TRAIN,SOLVED_TRIVIAL_le100k
6570,SOLVED,TRAIN,SOLVED_NONE_le300k
6571,SOLVED,TEST,SOLVED_NONE_le100k
6572,UNKNOWN,TRAIN,UNKNOWN_NONE_gt300k
6573,SOLVED,TRAIN,SOLVED_TRIVIAL_gt300k
6574,UNKNOWN,TRAIN,UNKNOWN_NONE_gt300k
6575,SOLVED,TRAIN,SOLVED_TRIVIAL_le300k
6576,SOLVED,VALIDATION,SOLVED_TRIVIAL_le300k
6577,UNKNOWN,TRAIN,UNKNOWN_NONE_gt300k
6578,SOLVED,TRAIN,SOLVED_NONE_le100k
6579,UNKNOWN,TRAIN,UNKNOWN_NONE_gt300k
6580,SOLVED,TRAIN,SOLVED_NONE_le100k
6581,SOLVED,VALIDATION,SOLVED_NONE_le100k
6582,PROVEN_LOST,TRAIN,PROVEN_LOST_NONE_le300k
6583,SOLVED,TRAIN,SOLVED_HARD_le100k
6584,SOLVED,TRAIN,SOLVED_TRIVIAL_le100k
6585,SOLVED,TEST,SOLVED_TRIVIAL_le100k
6586,SOLVED,VALIDATION,SOLVED_HARD_le100k
6587,SOLVED,TRAIN,SOLVED_NONE_le100k
6588,UNKNOWN,TRAIN,UNKNOWN_NONE_gt300k
6589,SOLVED,TRAIN,SOLVED_TRIVIAL_le100k
6590,PROVEN_LOST,TEST,PROVEN_LOST_NONE_gt300k
6591,SOLVED,VALIDATION,SOLVED_TRIVIAL_gt300k
6592,SOLVED,TRAIN,SOLVED_TRIVIAL_gt300k
6593,SOLVED,TRAIN,SOLVED_TRIVIAL_le100k
6594,SOLVED,TRAIN,SOLVED_TRIVIAL_gt300k
6595,UNKNOWN,TEST,UNKNOWN_NONE_gt300k
6596,SOLVED,TRAIN,SOLVED_HARD_gt300k
6597,SOLVED,TRAIN,SOLVED_TRIVIAL_le100k
6598,SOLVED,TRAIN,SOLVED_NONE_le100k
6599,SOLVED,TRAIN,SOLVED_TRIVIAL_le300k
6600,UNKNOWN,VALIDATION,UNKNOWN_NONE_gt300k
6601,SOLVED,TRAIN,SOLVED_TRIVIAL_le100k
6602,SOLVED,TRAIN,SOLVED_EXPERT_le300k
6603,SOLVED,TRAIN,SOLVED_TRIVIAL_le300k
6604,SOLVED,TRAIN,SOLVED_TRIVIAL_le100k
6605,SOLVED,VALIDATION,SOLVED_TRIVIAL_le100k
6606,SOLVED,TRAIN,SOLVED_TRIVIAL_gt300k
6607,SOLVED,TRAIN,SOLVED_TRIVIAL_le100k
6608,SOLVED,TRAIN,SOLVED_NONE_le300k
6609,SOLVED,TEST,SOLVED_TRIVIAL_gt300k
6610,SOLVED,VALIDATION,SOLVED_NONE_le100k
6611,SOLVED,TRAIN,SOLVED_TRIVIAL_le300k
6612,SOLVED,TRAIN,SOLVED_TRIVIAL_le100k
6613,SOLVED,TRAIN,SOLVED_TRIVIAL_le100k
6614,SOLVED,TEST,SOLVED_HARD_le100k
6615,SOLVED,VALIDATION,SOLVED_NONE_le100k
6616,UNKNOWN,TRAIN,UNKNOWN_NONE_gt300k
6617,SOLVED,TRAIN,SOLVED_TRIVIAL_le100k
6618,SOLVED,TRAIN,SOLVED_TRIVIAL_le100k
6619,SOLVED,TEST,SOLVED_TRIVIAL_le300k
6620,SOLVED,TRAIN,SOLVED_TRIVIAL_gt300k
6621,SOLVED,TRAIN,SOLVED_TRIVIAL_le100k
6622,SOLVED,TRAIN,SOLVED_HARD_le100k
6623,SOLVED,TRAIN,SOLVED_TRIVIAL_le10k
6624,SOLVED,VALIDATION,SOLVED_TRIVIAL_le100k
6625,SOLVED,TRAIN,SOLVED_NONE_le10k
6626,SOLVED,TRAIN,SOLVED_NONE_le300k
6627,SOLVED,TRAIN,SOLVED_TRIVIAL_le100k
6628,SOLVED,TRAIN,SOLVED_NONE_gt300k
6629,SOLVED,VALIDATION,SOLVED_TRIVIAL_le100k
6630,SOLVED,TRAIN,SOLVED_EASY_gt300k
6631,UNKNOWN,TRAIN,UNKNOWN_NONE_gt300k
6632,SOLVED,TRAIN,SOLVED_TRIVIAL_le10k
6633,SOLVED,TEST,SOLVED_EXPERT_gt300k
6634,SOLVED,VALIDATION,SOLVED_HARD_le100k
6635,SOLVED,TRAIN,SOLVED_NONE_le10k
6636,SOLVED,TRAIN,SOLVED_TRIVIAL_gt300k
6637,SOLVED,TRAIN,SOLVED_HARD_le100k
6638,UNKNOWN,TEST,UNKNOWN_NONE_gt300k
6639,SOLVED,VALIDATION,SOLVED_TRIVIAL_le10k
6640,SOLVED,TRAIN,SOLVED_TRIVIAL_le300k
6641,SOLVED,TRAIN,SOLVED_TRIVIAL_gt300k
6642,SOLVED,TRAIN,SOLVED_TRIVIAL_gt300k
6643,UNKNOWN,TEST,UNKNOWN_NONE_gt300k
6644,SOLVED,TRAIN,SOLVED_NONE_le100k
6645,UNKNOWN,TRAIN,UNKNOWN_NONE_gt300k
6646,SOLVED,TRAIN,SOLVED_TRIVIAL_le100k
6647,UNKNOWN,TRAIN,UNKNOWN_NONE_gt300k
6648,SOLVED,VALIDATION,SOLVED_TRIVIAL_le100k
6649,UNKNOWN,TRAIN,UNKNOWN_NONE_gt300k
6650,SOLVED,TRAIN,SOLVED_TRIVIAL_le300k
6651,SOLVED,TRAIN,SOLVED_HARD_le100k
6652,SOLVED,TRAIN,SOLVED_NONE_le100k
6653,SOLVED,VALIDATION,SOLVED_TRIVIAL_le10k
6654,SOLVED,TRAIN,SOLVED_TRIVIAL_le100k
6655,UNKNOWN,TRAIN,UNKNOWN_NONE_gt300k
6656,SOLVED,TRAIN,SOLVED_HARD_gt300k
6657,UNKNOWN,TEST,UNKNOWN_NONE_gt300k
6658,SOLVED,VALIDATION,SOLVED_EASY_le100k
6659,SOLVED,TRAIN,SOLVED_TRIVIAL_le10k
6660,SOLVED,TRAIN,SOLVED_HARD_le10k
6661,SOLVED,TRAIN,SOLVED_TRIVIAL_le300k
6662,UNKNOWN,TEST,UNKNOWN_NONE_gt300k
6663,SOLVED,VALIDATION,SOLVED_EASY_le100k
6664,SOLVED,TRAIN,SOLVED_TRIVIAL_le100k
6665,SOLVED,TRAIN,SOLVED_TRIVIAL_le100k
6666,SOLVED,TRAIN,SOLVED_TRIVIAL_le100k
6667,SOLVED,TEST,SOLVED_NONE_le100k
6668,SOLVED,TRAIN,SOLVED_TRIVIAL_le300k
6669,SOLVED,TRAIN,SOLVED_TRIVIAL_le100k
6670,SOLVED,TRAIN,SOLVED_TRIVIAL_le100k
6671,UNKNOWN,TRAIN,UNKNOWN_NONE_gt300k
6672,SOLVED,TEST,SOLVED_TRIVIAL_le100k
6673,SOLVED,TRAIN,SOLVED_TRIVIAL_le100k
6674,SOLVED,TRAIN,SOLVED_HARD_le100k
6675,SOLVED,TRAIN,SOLVED_HARD_gt300k
6676,SOLVED,TRAIN,SOLVED_EXPERT_gt300k
6677,SOLVED,VALIDATION,SOLVED_TRIVIAL_le100k
6678,UNKNOWN,TRAIN,UNKNOWN_NONE_gt300k
6679,SOLVED,TRAIN,SOLVED_TRIVIAL_le10k
6680,SOLVED,TRAIN,SOLVED_NONE_le100k
6681,UNKNOWN,TEST,UNKNOWN_NONE_gt300k
6682,UNKNOWN,VALIDATION,UNKNOWN_NONE_gt300k
6683,SOLVED,TRAIN,SOLVED_HARD_le100k
6684,SOLVED,TRAIN,SOLVED_EASY_gt300k
6685,SOLVED,TRAIN,SOLVED_TRIVIAL_le100k
6686,SOLVED,TEST,SOLVED_TRIVIAL_le300k
6687,SOLVED,VALIDATION,SOLVED_TRIVIAL_le100k
6688,SOLVED,TRAIN,SOLVED_TRIVIAL_le100k
6689,UNKNOWN,TRAIN,UNKNOWN_NONE_gt300k
6690,SOLVED,TRAIN,SOLVED_TRIVIAL_le100k
6691,SOLVED,TEST,SOLVED_TRIVIAL_le10k
6692,SOLVED,TRAIN,SOLVED_EASY_gt300k
6693,SOLVED,TRAIN,SOLVED_HARD_le300k
6694,SOLVED,TRAIN,SOLVED_NONE_le10k
6695,SOLVED,TRAIN,SOLVED_TRIVIAL_le100k
6696,SOLVED,TEST,SOLVED_TRIVIAL_gt300k
6697,SOLVED,TRAIN,SOLVED_TRIVIAL_le100k
6698,SOLVED,TRAIN,SOLVED_NONE_gt300k
6699,UNKNOWN,TRAIN,UNKNOWN_NONE_gt300k
6700,UNKNOWN,TRAIN,UNKNOWN_NONE_gt300k
6701,SOLVED,VALIDATION,SOLVED_TRIVIAL_le100k
6702,UNKNOWN,TRAIN,UNKNOWN_NONE_gt300k
6703,UNKNOWN,TRAIN,UNKNOWN_NONE_gt300k
6704,SOLVED,TRAIN,SOLVED_TRIVIAL_gt300k
6705,SOLVED,TEST,SOLVED_EASY_gt300k
6706,SOLVED,VALIDATION,SOLVED_NONE_gt300k
6707,SOLVED,TRAIN,SOLVED_TRIVIAL_le300k
6708,SOLVED,TRAIN,SOLVED_TRIVIAL_le100k
6709,SOLVED,TRAIN,SOLVED_HARD_le100k
6710,SOLVED,TEST,SOLVED_HARD_le100k
6711,SOLVED,VALIDATION,SOLVED_TRIVIAL_le100k
6712,SOLVED,TRAIN,SOLVED_EASY_gt300k
6713,SOLVED,TRAIN,SOLVED_TRIVIAL_le100k
6714,SOLVED,TRAIN,SOLVED_HARD_le100k
6715,SOLVED,TEST,SOLVED_NONE_le100k
6716,SOLVED,TRAIN,SOLVED_EASY_le100k
6717,SOLVED,TRAIN,SOLVED_TRIVIAL_le300k
6718,SOLVED,TRAIN,SOLVED_HARD_le300k
6719,SOLVED,TRAIN,SOLVED_TRIVIAL_gt300k
6720,SOLVED,TEST,SOLVED_TRIVIAL_le300k
6721,SOLVED,TRAIN,SOLVED_TRIVIAL_le100k
6722,SOLVED,TRAIN,SOLVED_TRIVIAL_le100k
6723,SOLVED,TRAIN,SOLVED_TRIVIAL_le100k
6724,SOLVED,TRAIN,SOLVED_HARD_le300k
6725,PROVEN_LOST,VALIDATION,PROVEN_LOST_NONE_le100k
6726,UNKNOWN,TRAIN,UNKNOWN_NONE_gt300k
6727,SOLVED,TRAIN,SOLVED_NONE_le100k
6728,SOLVED,TRAIN,SOLVED_TRIVIAL_le300k
6729,SOLVED,TEST,SOLVED_HARD_le100k
6730,SOLVED,VALIDATION,SOLVED_TRIVIAL_le300k
6731,SOLVED,TRAIN,SOLVED_TRIVIAL_le100k
6732,SOLVED,TRAIN,SOLVED_TRIVIAL_le10k
6733,SOLVED,TRAIN,SOLVED_EASY_le100k
6734,PROVEN_LOST,TEST,PROVEN_LOST_NONE_gt300k
6735,SOLVED,VALIDATION,SOLVED_HARD_le300k
6736,SOLVED,TRAIN,SOLVED_NONE_gt300k
6737,SOLVED,TRAIN,SOLVED_NONE_le300k
6738,SOLVED,TRAIN,SOLVED_TRIVIAL_gt300k
6739,SOLVED,TEST,SOLVED_TRIVIAL_le100k
6740,SOLVED,VALIDATION,SOLVED_NONE_gt300k
6741,SOLVED,TRAIN,SOLVED_TRIVIAL_gt300k
6742,SOLVED,TRAIN,SOLVED_TRIVIAL_gt300k
6743,UNKNOWN,TRAIN,UNKNOWN_NONE_gt300k
6744,SOLVED,TEST,SOLVED_NONE_gt300k
6745,SOLVED,TRAIN,SOLVED_NONE_le300k
6746,SOLVED,TRAIN,SOLVED_TRIVIAL_le10k
6747,SOLVED,TRAIN,SOLVED_TRIVIAL_le100k
6748,SOLVED,TRAIN,SOLVED_EXPERT_le300k
6749,SOLVED,VALIDATION,SOLVED_TRIVIAL_le100k
6750,SOLVED,TRAIN,SOLVED_TRIVIAL_le100k
6751,SOLVED,TRAIN,SOLVED_NONE_le10k
6752,SOLVED,TRAIN,SOLVED_TRIVIAL_le100k
6753,SOLVED,TEST,SOLVED_EASY_le10k
6754,SOLVED,VALIDATION,SOLVED_EASY_le10k
6755,PROVEN_LOST,TRAIN,PROVEN_LOST_NONE_le300k
6756,UNKNOWN,TRAIN,UNKNOWN_NONE_gt300k
6757,PROVEN_LOST,TRAIN,PROVEN_LOST_NONE_gt300k
6758,SOLVED,TEST,SOLVED_NONE_le100k
6759,SOLVED,VALIDATION,SOLVED_TRIVIAL_le100k
6760,SOLVED,TRAIN,SOLVED_TRIVIAL_le100k
6761,SOLVED,TRAIN,SOLVED_EASY_le10k
6762,SOLVED,TRAIN,SOLVED_HARD_le100k
6763,SOLVED,TEST,SOLVED_HARD_gt300k
6764,SOLVED,VALIDATION,SOLVED_TRIVIAL_le100k
6765,SOLVED,TRAIN,SOLVED_NONE_le100k
6766,SOLVED,TRAIN,SOLVED_EASY_le10k
6767,SOLVED,TRAIN,SOLVED_TRIVIAL_le10k
6768,SOLVED,TEST,SOLVED_HARD_le10k
6769,UNKNOWN,TRAIN,UNKNOWN_NONE_gt300k
6770,SOLVED,TRAIN,SOLVED_TRIVIAL_le100k
6771,SOLVED,TRAIN,SOLVED_TRIVIAL_le10k
6772,SOLVED,TRAIN,SOLVED_HARD_le300k
6773,SOLVED,VALIDATION,SOLVED_EASY_gt300k
6774,SOLVED,TRAIN,SOLVED_TRIVIAL_le100k
6775,SOLVED,TRAIN,SOLVED_HARD_le300k
6776,SOLVED,TRAIN,SOLVED_TRIVIAL_le100k
6777,SOLVED,TRAIN,SOLVED_TRIVIAL_le100k
6778,SOLVED,VALIDATION,SOLVED_NONE_le300k
6779,SOLVED,TRAIN,SOLVED_TRIVIAL_gt300k
6780,SOLVED,TRAIN,SOLVED_NONE_gt300k
6781,SOLVED,TRAIN,SOLVED_TRIVIAL_le100k
6782,SOLVED,TEST,SOLVED_EASY_le100k
6783,SOLVED,VALIDATION,SOLVED_HARD_le10k
6784,SOLVED,TRAIN,SOLVED_HARD_le100k
6785,SOLVED,TRAIN,SOLVED_TRIVIAL_gt300k
6786,SOLVED,TRAIN,SOLVED_TRIVIAL_le10k
6787,UNKNOWN,TEST,UNKNOWN_NONE_gt300k
6788,SOLVED,VALIDATION,SOLVED_EXPERT_gt300k
6789,SOLVED,TRAIN,SOLVED_TRIVIAL_gt300k
6790,SOLVED,TRAIN,SOLVED_TRIVIAL_le100k
6791,SOLVED,TRAIN,SOLVED_TRIVIAL_le100k
6792,SOLVED,TEST,SOLVED_TRIVIAL_le100k
6793,SOLVED,TRAIN,SOLVED_TRIVIAL_le100k
6794,SOLVED,TRAIN,SOLVED_TRIVIAL_le10k
6795,SOLVED,TRAIN,SOLVED_TRIVIAL_le300k
6796,UNKNOWN,TRAIN,UNKNOWN_NONE_gt300k
6797,SOLVED,VALIDATION,SOLVED_TRIVIAL_gt300k
6798,SOLVED,TRAIN,SOLVED_TRIVIAL_le300k
6799,SOLVED,TRAIN,SOLVED_TRIVIAL_le100k
6800,SOLVED,TRAIN,SOLVED_TRIVIAL_le100k
6801,SOLVED,TRAIN,SOLVED_TRIVIAL_le100k
6802,SOLVED,VALIDATION,SOLVED_TRIVIAL_le300k
6803,SOLVED,TRAIN,SOLVED_TRIVIAL_le100k
6804,SOLVED,TRAIN,SOLVED_NONE_le10k
6805,SOLVED,TRAIN,SOLVED_TRIVIAL_le100k
6806,SOLVED,TEST,SOLVED_TRIVIAL_le10k
6807,UNKNOWN,VALIDATION,UNKNOWN_NONE_gt300k
6808,UNKNOWN,TRAIN,UNKNOWN_NONE_gt300k
6809,SOLVED,TRAIN,SOLVED_TRIVIAL_le100k
6810,SOLVED,TRAIN,SOLVED_TRIVIAL_gt300k
6811,SOLVED,TEST,SOLVED_TRIVIAL_le300k
6812,SOLVED,VALIDATION,SOLVED_HARD_le100k
6813,UNKNOWN,TRAIN,UNKNOWN_NONE_gt300k
6814,SOLVED,TRAIN,SOLVED_NONE_gt300k
6815,SOLVED,TRAIN,SOLVED_TRIVIAL_gt300k
6816,UNKNOWN,TEST,UNKNOWN_NONE_gt300k
6817,SOLVED,TRAIN,SOLVED_EASY_le100k
6818,SOLVED,TRAIN,SOLVED_TRIVIAL_le10k
6819,SOLVED,TRAIN,SOLVED_TRIVIAL_le100k
6820,SOLVED,TRAIN,SOLVED_TRIVIAL_le10k
6821,SOLVED,VALIDATION,SOLVED_TRIVIAL_le100k
6822,SOLVED,TRAIN,SOLVED_HARD_gt300k
6823,UNKNOWN,TRAIN,UNKNOWN_NONE_gt300k
6824,SOLVED,TRAIN,SOLVED_TRIVIAL_gt300k
6825,SOLVED,TRAIN,SOLVED_TRIVIAL_le100k
6826,SOLVED,VALIDATION,SOLVED_HARD_le100k
6827,SOLVED,TRAIN,SOLVED_HARD_le10k
6828,SOLVED,TRAIN,SOLVED_NONE_le100k
6829,UNKNOWN,TRAIN,UNKNOWN_NONE_gt300k
6830,UNKNOWN,TEST,UNKNOWN_NONE_gt300k
6831,SOLVED,VALIDATION,SOLVED_NONE_gt300k
6832,SOLVED,TRAIN,SOLVED_TRIVIAL_le100k
6833,SOLVED,TRAIN,SOLVED_TRIVIAL_le100k
6834,SOLVED,TRAIN,SOLVED_TRIVIAL_le100k
6835,UNKNOWN,TEST,UNKNOWN_NONE_gt300k
6836,SOLVED,VALIDATION,SOLVED_EASY_le300k
6837,SOLVED,TRAIN,SOLVED_TRIVIAL_le100k
6838,SOLVED,TRAIN,SOLVED_TRIVIAL_le100k
6839,SOLVED,TRAIN,SOLVED_TRIVIAL_le10k
6840,UNKNOWN,TEST,UNKNOWN_NONE_gt300k
6841,UNKNOWN,TRAIN,UNKNOWN_NONE_gt300k
6842,SOLVED,TRAIN,SOLVED_HARD_gt300k
6843,UNKNOWN,TRAIN,UNKNOWN_NONE_gt300k
6844,SOLVED,TRAIN,SOLVED_HARD_le100k
6845,SOLVED,TEST,SOLVED_TRIVIAL_gt300k
6846,SOLVED,TRAIN,SOLVED_TRIVIAL_le100k
6847,SOLVED,TRAIN,SOLVED_TRIVIAL_le300k
6848,SOLVED,TRAIN,SOLVED_NONE_gt300k
6849,PROVEN_LOST,TRAIN,PROVEN_LOST_NONE_gt300k
6850,SOLVED,VALIDATION,SOLVED_EASY_le10k
6851,UNKNOWN,TRAIN,UNKNOWN_NONE_gt300k
6852,SOLVED,TRAIN,SOLVED_HARD_le100k
6853,SOLVED,TRAIN,SOLVED_TRIVIAL_gt300k
6854,SOLVED,TEST,SOLVED_NONE_le300k
6855,SOLVED,VALIDATION,SOLVED_NONE_le100k
6856,SOLVED,TRAIN,SOLVED_TRIVIAL_le10k
6857,SOLVED,TRAIN,SOLVED_TRIVIAL_le10k
6858,UNKNOWN,TRAIN,UNKNOWN_NONE_gt300k
6859,SOLVED,TEST,SOLVED_NONE_le100k
6860,SOLVED,VALIDATION,SOLVED_TRIVIAL_le100k
6861,SOLVED,TRAIN,SOLVED_TRIVIAL_le100k
6862,SOLVED,TRAIN,SOLVED_NONE_le100k
6863,SOLVED,TRAIN,SOLVED_HARD_le300k
6864,SOLVED,TEST,SOLVED_HARD_le10k
6865,SOLVED,TRAIN,SOLVED_TRIVIAL_gt300k
6866,SOLVED,TRAIN,SOLVED_TRIVIAL_le100k
6867,SOLVED,TRAIN,SOLVED_NONE_le10k
6868,SOLVED,TRAIN,SOLVED_TRIVIAL_gt300k
6869,SOLVED,TEST,SOLVED_NONE_le100k
6870,SOLVED,TRAIN,SOLVED_EASY_le100k
6871,UNKNOWN,TRAIN,UNKNOWN_NONE_gt300k
6872,SOLVED,TRAIN,SOLVED_HARD_le10k
6873,SOLVED,TRAIN,SOLVED_TRIVIAL_le100k
6874,SOLVED,VALIDATION,SOLVED_TRIVIAL_le100k
6875,SOLVED,TRAIN,SOLVED_TRIVIAL_gt300k
6876,SOLVED,TRAIN,SOLVED_TRIVIAL_le100k
6877,UNKNOWN,TRAIN,UNKNOWN_NONE_gt300k
6878,SOLVED,TEST,SOLVED_HARD_le300k
6879,UNKNOWN,VALIDATION,UNKNOWN_NONE_gt300k
6880,SOLVED,TRAIN,SOLVED_TRIVIAL_le100k
6881,SOLVED,TRAIN,SOLVED_HARD_gt300k
6882,SOLVED,TRAIN,SOLVED_TRIVIAL_gt300k
6883,SOLVED,TEST,SOLVED_TRIVIAL_le100k
6884,SOLVED,VALIDATION,SOLVED_TRIVIAL_le10k
6885,UNKNOWN,TRAIN,UNKNOWN_NONE_gt300k
6886,SOLVED,TRAIN,SOLVED_TRIVIAL_le100k
6887,PROVEN_LOST,TRAIN,PROVEN_LOST_NONE_gt300k
6888,SOLVED,TEST,SOLVED_EXPERT_le10k
6889,SOLVED,TRAIN,SOLVED_TRIVIAL_gt300k
6890,PROVEN_LOST,TRAIN,PROVEN_LOST_NONE_gt300k
6891,SOLVED,TRAIN,SOLVED_TRIVIAL_gt300k
6892,SOLVED,TRAIN,SOLVED_TRIVIAL_le300k
6893,SOLVED,TEST,SOLVED_HARD_gt300k
6894,SOLVED,TRAIN,SOLVED_TRIVIAL_gt300k
6895,SOLVED,TRAIN,SOLVED_TRIVIAL_le100k
6896,SOLVED,TRAIN,SOLVED_HARD_le100k
6897,SOLVED,TRAIN,SOLVED_TRIVIAL_le100k
6898,SOLVED,VALIDATION,SOLVED_TRIVIAL_le300k
6899,SOLVED,TRAIN,SOLVED_TRIVIAL_le100k
6900,SOLVED,TRAIN,SOLVED_EXPERT_le300k
6901,SOLVED,TRAIN,SOLVED_NONE_le100k
6902,UNKNOWN,TEST,UNKNOWN_NONE_gt300k
6903,SOLVED,VALIDATION,SOLVED_TRIVIAL_le100k
6904,SOLVED,TRAIN,SOLVED_TRIVIAL_le10k
6905,SOLVED,TRAIN,SOLVED_NONE_le300k
6906,SOLVED,TRAIN,SOLVED_EASY_le10k
6907,SOLVED,TEST,SOLVED_EXPERT_le100k
6908,UNKNOWN,VALIDATION,UNKNOWN_NONE_gt300k
6909,SOLVED,TRAIN,SOLVED_TRIVIAL_le300k
6910,SOLVED,TRAIN,SOLVED_TRIVIAL_le10k
6911,SOLVED,TRAIN,SOLVED_TRIVIAL_le100k
6912,SOLVED,TEST,SOLVED_NONE_le100k
6913,SOLVED,VALIDATION,SOLVED_TRIVIAL_le100k
6914,SOLVED,TRAIN,SOLVED_TRIVIAL_le300k
6915,SOLVED,TRAIN,SOLVED_HARD_le300k
6916,SOLVED,TRAIN,SOLVED_TRIVIAL_le100k
6917,SOLVED,TEST,SOLVED_TRIVIAL_le100k
6918,PROVEN_LOST,TRAIN,PROVEN_LOST_NONE_gt300k
6919,SOLVED,TRAIN,SOLVED_NONE_le300k
6920,SOLVED,TRAIN,SOLVED_NONE_le100k
6921,SOLVED,TRAIN,SOLVED_NONE_le100k
6922,PROVEN_LOST,VALIDATION,PROVEN_LOST_NONE_le10k
6923,UNKNOWN,TRAIN,UNKNOWN_NONE_gt300k
6924,SOLVED,TRAIN,SOLVED_TRIVIAL_le100k
6925,SOLVED,TRAIN,SOLVED_EASY_le10k
6926,SOLVED,TEST,SOLVED_TRIVIAL_le100k
6927,SOLVED,VALIDATION,SOLVED_NONE_le100k
6928,SOLVED,TRAIN,SOLVED_HARD_le100k
6929,SOLVED,TRAIN,SOLVED_TRIVIAL_le300k
6930,SOLVED,TRAIN,SOLVED_TRIVIAL_le100k
6931,SOLVED,TEST,SOLVED_HARD_le100k
6932,SOLVED,VALIDATION,SOLVED_TRIVIAL_gt300k
6933,UNKNOWN,TRAIN,UNKNOWN_NONE_gt300k
6934,SOLVED,TRAIN,SOLVED_NONE_le300k
6935,SOLVED,TRAIN,SOLVED_TRIVIAL_gt300k
6936,SOLVED,TEST,SOLVED_TRIVIAL_le10k
6937,UNKNOWN,VALIDATION,UNKNOWN_NONE_gt300k
6938,PROVEN_LOST,TRAIN,PROVEN_LOST_NONE_le300k
6939,SOLVED,TRAIN,SOLVED_TRIVIAL_le100k
6940,SOLVED,TRAIN,SOLVED_TRIVIAL_le300k
6941,UNKNOWN,TEST,UNKNOWN_NONE_gt300k
6942,SOLVED,TRAIN,SOLVED_TRIVIAL_le10k
6943,SOLVED,TRAIN,SOLVED_TRIVIAL_le100k
6944,SOLVED,TRAIN,SOLVED_TRIVIAL_le10k
6945,SOLVED,TRAIN,SOLVED_NONE_le100k
6946,SOLVED,VALIDATION,SOLVED_TRIVIAL_le100k
6947,SOLVED,TRAIN,SOLVED_TRIVIAL_le100k
6948,SOLVED,TRAIN,SOLVED_TRIVIAL_le100k
6949,SOLVED,TRAIN,SOLVED_TRIVIAL_le100k
6950,SOLVED,TRAIN,SOLVED_NONE_le100k
6951,SOLVED,VALIDATION,SOLVED_TRIVIAL_le100k
6952,SOLVED,TRAIN,SOLVED_TRIVIAL_gt300k
6953,SOLVED,TRAIN,SOLVED_EASY_le100k
6954,SOLVED,TRAIN,SOLVED_HARD_le100k
6955,SOLVED,TEST,SOLVED_TRIVIAL_le10k
6956,SOLVED,VALIDATION,SOLVED_TRIVIAL_le10k
6957,SOLVED,TRAIN,SOLVED_HARD_le10k
6958,SOLVED,TRAIN,SOLVED_TRIVIAL_le10k
6959,SOLVED,TRAIN,SOLVED_TRIVIAL_le100k
6960,SOLVED,TEST,SOLVED_TRIVIAL_le100k
6961,SOLVED,VALIDATION,SOLVED_TRIVIAL_le100k
6962,UNKNOWN,TRAIN,UNKNOWN_NONE_gt300k
6963,SOLVED,TRAIN,SOLVED_EASY_le10k
6964,SOLVED,TRAIN,SOLVED_HARD_le100k
6965,SOLVED,TEST,SOLVED_TRIVIAL_le100k
6966,UNKNOWN,TRAIN,UNKNOWN_NONE_gt300k
6967,SOLVED,TRAIN,SOLVED_TRIVIAL_gt300k
6968,SOLVED,TRAIN,SOLVED_NONE_le100k
6969,SOLVED,TRAIN,SOLVED_TRIVIAL_le100k
6970,SOLVED,VALIDATION,SOLVED_TRIVIAL_le100k
6971,UNKNOWN,TRAIN,UNKNOWN_NONE_gt300k
6972,SOLVED,TRAIN,SOLVED_TRIVIAL_le300k
6973,SOLVED,TRAIN,SOLVED_EASY_le100k
6974,SOLVED,TRAIN,SOLVED_TRIVIAL_le100k
6975,SOLVED,VALIDATION,SOLVED_TRIVIAL_le100k
6976,SOLVED,TRAIN,SOLVED_TRIVIAL_gt300k
6977,UNKNOWN,TRAIN,UNKNOWN_NONE_gt300k
6978,SOLVED,TRAIN,SOLVED_EASY_le100k
6979,UNKNOWN,TEST,UNKNOWN_NONE_gt300k
6980,SOLVED,VALIDATION,SOLVED_TRIVIAL_le10k
6981,SOLVED,TRAIN,SOLVED_NONE_gt300k
6982,SOLVED,TRAIN,SOLVED_TRIVIAL_le100k
6983,SOLVED,TRAIN,SOLVED_TRIVIAL_le100k
6984,SOLVED,TEST,SOLVED_HARD_le100k
6985,SOLVED,VALIDATION,SOLVED_TRIVIAL_le100k
6986,SOLVED,TRAIN,SOLVED_HARD_le300k
6987,UNKNOWN,TRAIN,UNKNOWN_NONE_gt300k
6988,SOLVED,TRAIN,SOLVED_TRIVIAL_le300k
6989,PROVEN_LOST,TEST,PROVEN_LOST_NONE_gt300k
6990,PROVEN_LOST,TRAIN,PROVEN_LOST_NONE_gt300k
6991,SOLVED,TRAIN,SOLVED_TRIVIAL_le100k
6992,SOLVED,TRAIN,SOLVED_NONE_le100k
6993,SOLVED,TRAIN,SOLVED_TRIVIAL_le100k
6994,SOLVED,VALIDATION,SOLVED_TRIVIAL_le300k
6995,SOLVED,TRAIN,SOLVED_TRIVIAL_gt300k
6996,SOLVED,TRAIN,SOLVED_TRIVIAL_le100k
6997,UNKNOWN,TRAIN,UNKNOWN_NONE_gt300k
6998,SOLVED,TRAIN,SOLVED_TRIVIAL_le100k
6999,SOLVED,VALIDATION,SOLVED_TRIVIAL_le100k
7000,SOLVED,TRAIN,SOLVED_TRIVIAL_le10k
7001,SOLVED,TRAIN,SOLVED_EXPERT_gt300k
7002,SOLVED,TRAIN,SOLVED_TRIVIAL_le100k
7003,SOLVED,TEST,SOLVED_TRIVIAL_le300k
7004,UNKNOWN,VALIDATION,UNKNOWN_NONE_gt300k
7005,SOLVED,TRAIN,SOLVED_TRIVIAL_le100k
7006,SOLVED,TRAIN,SOLVED_TRIVIAL_le100k
7007,SOLVED,TRAIN,SOLVED_HARD_gt300k
7008,SOLVED,TEST,SOLVED_NONE_le300k
7009,SOLVED,VALIDATION,SOLVED_TRIVIAL_le300k
7010,SOLVED,TRAIN,SOLVED_EASY_le100k
7011,UNKNOWN,TRAIN,UNKNOWN_NONE_gt300k
7012,UNKNOWN,TRAIN,UNKNOWN_NONE_gt300k
7013,SOLVED,TEST,SOLVED_NONE_le100k
7014,SOLVED,TRAIN,SOLVED_TRIVIAL_le100k
7015,SOLVED,TRAIN,SOLVED_TRIVIAL_gt300k
7016,UNKNOWN,TRAIN,UNKNOWN_NONE_gt300k
7017,UNKNOWN,TRAIN,UNKNOWN_NONE_gt300k
7018,SOLVED,TEST,SOLVED_TRIVIAL_gt300k
7019,SOLVED,TRAIN,SOLVED_TRIVIAL_le100k
7020,SOLVED,TRAIN,SOLVED_NONE_le10k
7021,SOLVED,TRAIN,SOLVED_TRIVIAL_le300k
7022,SOLVED,TRAIN,SOLVED_NONE_le300k
7023,SOLVED,VALIDATION,SOLVED_TRIVIAL_le100k
7024,SOLVED,TRAIN,SOLVED_TRIVIAL_gt300k
7025,SOLVED,TRAIN,SOLVED_TRIVIAL_le10k
7026,UNKNOWN,TRAIN,UNKNOWN_NONE_gt300k
7027,SOLVED,TEST,SOLVED_TRIVIAL_le10k
7028,UNKNOWN,VALIDATION,UNKNOWN_NONE_gt300k
7029,SOLVED,TRAIN,SOLVED_TRIVIAL_le10k
7030,SOLVED,TRAIN,SOLVED_TRIVIAL_le10k
7031,SOLVED,TRAIN,SOLVED_TRIVIAL_le100k
7032,SOLVED,TEST,SOLVED_TRIVIAL_le10k
7033,SOLVED,VALIDATION,SOLVED_TRIVIAL_le300k
7034,SOLVED,TRAIN,SOLVED_TRIVIAL_le100k
7035,SOLVED,TRAIN,SOLVED_NONE_gt300k
7036,SOLVED,TRAIN,SOLVED_NONE_le100k
7037,UNKNOWN,TEST,UNKNOWN_NONE_gt300k
7038,SOLVED,TRAIN,SOLVED_EXPERT_le100k
7039,SOLVED,TRAIN,SOLVED_TRIVIAL_gt300k
7040,UNKNOWN,TRAIN,UNKNOWN_NONE_gt300k
7041,UNKNOWN,TRAIN,UNKNOWN_NONE_gt300k
7042,SOLVED,TEST,SOLVED_HARD_le100k
7043,SOLVED,TRAIN,SOLVED_TRIVIAL_le100k
7044,SOLVED,TRAIN,SOLVED_HARD_le100k
7045,SOLVED,TRAIN,SOLVED_EXPERT_le100k
7046,SOLVED,TRAIN,SOLVED_HARD_le300k
7047,UNKNOWN,VALIDATION,UNKNOWN_NONE_gt300k
7048,SOLVED,TRAIN,SOLVED_NONE_le100k
7049,UNKNOWN,TRAIN,UNKNOWN_NONE_gt300k
7050,SOLVED,TRAIN,SOLVED_EASY_le100k
7051,UNKNOWN,TEST,UNKNOWN_NONE_gt300k
7052,PROVEN_LOST,VALIDATION,PROVEN_LOST_NONE_gt300k
7053,SOLVED,TRAIN,SOLVED_TRIVIAL_le300k
7054,SOLVED,TRAIN,SOLVED_TRIVIAL_le100k
7055,SOLVED,TRAIN,SOLVED_NONE_le100k
7056,SOLVED,TEST,SOLVED_EASY_le100k
7057,SOLVED,VALIDATION,SOLVED_TRIVIAL_le100k
7058,UNKNOWN,TRAIN,UNKNOWN_NONE_gt300k
7059,SOLVED,TRAIN,SOLVED_TRIVIAL_le100k
7060,SOLVED,TRAIN,SOLVED_NONE_le300k
7061,SOLVED,TEST,SOLVED_TRIVIAL_le100k
7062,SOLVED,TRAIN,SOLVED_TRIVIAL_le100k
7063,SOLVED,TRAIN,SOLVED_TRIVIAL_le100k
7064,SOLVED,TRAIN,SOLVED_TRIVIAL_le100k
7065,SOLVED,TRAIN,SOLVED_NONE_le100k
7066,UNKNOWN,TEST,UNKNOWN_NONE_gt300k
7067,SOLVED,TRAIN,SOLVED_TRIVIAL_gt300k
7068,SOLVED,TRAIN,SOLVED_TRIVIAL_le300k
7069,UNKNOWN,TRAIN,UNKNOWN_NONE_gt300k
7070,SOLVED,TRAIN,SOLVED_EASY_le100k
7071,SOLVED,VALIDATION,SOLVED_HARD_le100k
7072,SOLVED,TRAIN,SOLVED_NONE_gt300k
7073,SOLVED,TRAIN,SOLVED_TRIVIAL_le100k
7074,SOLVED,TRAIN,SOLVED_NONE_le100k
7075,SOLVED,TEST,SOLVED_HARD_gt300k
7076,SOLVED,VALIDATION,SOLVED_HARD_le100k
7077,SOLVED,TRAIN,SOLVED_TRIVIAL_le100k
7078,UNKNOWN,TRAIN,UNKNOWN_NONE_gt300k
7079,SOLVED,TRAIN,SOLVED_TRIVIAL_le100k
7080,SOLVED,TEST,SOLVED_TRIVIAL_le100k
7081,SOLVED,VALIDATION,SOLVED_EXPERT_le300k
7082,UNKNOWN,TRAIN,UNKNOWN_NONE_gt300k
7083,SOLVED,TRAIN,SOLVED_TRIVIAL_gt300k
7084,SOLVED,TRAIN,SOLVED_EASY_le100k
7085,SOLVED,TEST,SOLVED_NONE_le100k
7086,SOLVED,VALIDATION,SOLVED_TRIVIAL_le100k
7087,SOLVED,TRAIN,SOLVED_NONE_le10k
7088,SOLVED,TRAIN,SOLVED_EASY_le10k
7089,SOLVED,TRAIN,SOLVED_TRIVIAL_le100k
7090,SOLVED,TEST,SOLVED_TRIVIAL_gt300k
7091,SOLVED,TRAIN,SOLVED_TRIVIAL_le100k
7092,SOLVED,TRAIN,SOLVED_TRIVIAL_le10k
7093,SOLVED,TRAIN,SOLVED_NONE_gt300k
7094,UNKNOWN,TRAIN,UNKNOWN_NONE_gt300k
7095,SOLVED,VALIDATION,SOLVED_EASY_le100k
7096,SOLVED,TRAIN,SOLVED_TRIVIAL_le100k
7097,SOLVED,TRAIN,SOLVED_TRIVIAL_le100k
7098,UNKNOWN,TRAIN,UNKNOWN_NONE_gt300k
7099,SOLVED,TEST,SOLVED_NONE_le100k
7100,SOLVED,VALIDATION,SOLVED_HARD_le100k
7101,SOLVED,TRAIN,SOLVED_TRIVIAL_le100k
7102,SOLVED,TRAIN,SOLVED_TRIVIAL_le100k
7103,SOLVED,TRAIN,SOLVED_NONE_le100k
7104,UNKNOWN,TEST,UNKNOWN_NONE_gt300k
7105,SOLVED,VALIDATION,SOLVED_TRIVIAL_gt300k
7106,SOLVED,TRAIN,SOLVED_TRIVIAL_le100k
7107,SOLVED,TRAIN,SOLVED_TRIVIAL_le100k
7108,SOLVED,TRAIN,SOLVED_TRIVIAL_le10k
7109,SOLVED,TEST,SOLVED_TRIVIAL_le100k
7110,SOLVED,VALIDATION,SOLVED_TRIVIAL_gt300k
7111,SOLVED,TRAIN,SOLVED_TRIVIAL_gt300k
7112,SOLVED,TRAIN,SOLVED_HARD_le100k
7113,SOLVED,TRAIN,SOLVED_NONE_le300k
7114,SOLVED,TEST,SOLVED_TRIVIAL_gt300k
7115,SOLVED,TRAIN,SOLVED_TRIVIAL_gt300k
7116,SOLVED,TRAIN,SOLVED_NONE_gt300k
7117,SOLVED,TRAIN,SOLVED_HARD_le100k
7118,SOLVED,TRAIN,SOLVED_TRIVIAL_le10k
7119,SOLVED,VALIDATION,SOLVED_HARD_le100k
7120,SOLVED,TRAIN,SOLVED_HARD_gt300k
7121,SOLVED,TRAIN,SOLVED_TRIVIAL_le100k
7122,SOLVED,TRAIN,SOLVED_NONE_le10k
7123,UNKNOWN,TRAIN,UNKNOWN_NONE_gt300k
7124,SOLVED,VALIDATION,SOLVED_TRIVIAL_le100k
7125,SOLVED,TRAIN,SOLVED_TRIVIAL_le10k
7126,SOLVED,TRAIN,SOLVED_TRIVIAL_le100k
7127,UNKNOWN,TRAIN,UNKNOWN_NONE_gt300k
7128,SOLVED,TEST,SOLVED_NONE_le10k
7129,SOLVED,VALIDATION,SOLVED_EXPERT_le100k
7130,UNKNOWN,TRAIN,UNKNOWN_NONE_gt300k
7131,SOLVED,TRAIN,SOLVED_HARD_le10k
7132,SOLVED,TRAIN,SOLVED_TRIVIAL_le300k
7133,SOLVED,TEST,SOLVED_TRIVIAL_le100k
7134,SOLVED,VALIDATION,SOLVED_NONE_gt300k
7135,SOLVED,TRAIN,SOLVED_TRIVIAL_le100k
7136,SOLVED,TRAIN,SOLVED_TRIVIAL_gt300k
7137,SOLVED,TRAIN,SOLVED_EASY_le100k
7138,UNKNOWN,TEST,UNKNOWN_NONE_gt300k
7139,SOLVED,TRAIN,SOLVED_TRIVIAL_gt300k
7140,SOLVED,TRAIN,SOLVED_EASY_le10k
7141,SOLVED,TRAIN,SOLVED_NONE_le300k
7142,SOLVED,TRAIN,SOLVED_TRIVIAL_gt300k
7143,UNKNOWN,VALIDATION,UNKNOWN_NONE_gt300k
7144,SOLVED,TRAIN,SOLVED_HARD_le10k
7145,UNKNOWN,TRAIN,UNKNOWN_NONE_gt300k
7146,UNKNOWN,TRAIN,UNKNOWN_NONE_gt300k
7147,UNKNOWN,TRAIN,UNKNOWN_NONE_gt300k
7148,SOLVED,VALIDATION,SOLVED_TRIVIAL_gt300k
7149,SOLVED,TRAIN,SOLVED_TRIVIAL_le100k
7150,SOLVED,TRAIN,SOLVED_HARD_le100k
7151,SOLVED,TRAIN,SOLVED_NONE_gt300k
7152,SOLVED,TEST,SOLVED_TRIVIAL_gt300k
7153,SOLVED,VALIDATION,SOLVED_TRIVIAL_le10k
7154,SOLVED,TRAIN,SOLVED_TRIVIAL_le100k
7155,SOLVED,TRAIN,SOLVED_TRIVIAL_le100k
7156,UNKNOWN,TRAIN,UNKNOWN_NONE_gt300k
7157,SOLVED,TEST,SOLVED_TRIVIAL_le300k
7158,SOLVED,VALIDATION,SOLVED_TRIVIAL_le10k
7159,SOLVED,TRAIN,SOLVED_TRIVIAL_gt300k
7160,SOLVED,TRAIN,SOLVED_TRIVIAL_le300k
7161,SOLVED,TRAIN,SOLVED_TRIVIAL_le100k
7162,SOLVED,TEST,SOLVED_NONE_gt300k
7163,SOLVED,TRAIN,SOLVED_NONE_gt300k
7164,SOLVED,TRAIN,SOLVED_EASY_le300k
7165,PROVEN_LOST,TRAIN,PROVEN_LOST_NONE_gt300k
7166,SOLVED,TRAIN,SOLVED_EASY_le100k
7167,SOLVED,VALIDATION,SOLVED_TRIVIAL_le100k
7168,SOLVED,TRAIN,SOLVED_NONE_gt300k
7169,SOLVED,TRAIN,SOLVED_TRIVIAL_le100k
7170,SOLVED,TRAIN,SOLVED_TRIVIAL_le300k
7171,SOLVED,TRAIN,SOLVED_TRIVIAL_le100k
7172,SOLVED,VALIDATION,SOLVED_TRIVIAL_le10k
7173,SOLVED,TRAIN,SOLVED_TRIVIAL_le100k
7174,UNKNOWN,TRAIN,UNKNOWN_NONE_gt300k
7175,SOLVED,TRAIN,SOLVED_NONE_le10k
7176,SOLVED,TEST,SOLVED_TRIVIAL_le100k
7177,SOLVED,VALIDATION,SOLVED_TRIVIAL_le100k
7178,SOLVED,TRAIN,SOLVED_TRIVIAL_gt300k
7179,UNKNOWN,TRAIN,UNKNOWN_NONE_gt300k
7180,SOLVED,TRAIN,SOLVED_TRIVIAL_le100k
7181,UNKNOWN,TEST,UNKNOWN_NONE_gt300k
7182,SOLVED,VALIDATION,SOLVED_TRIVIAL_le100k
7183,UNKNOWN,TRAIN,UNKNOWN_NONE_gt300k
7184,SOLVED,TRAIN,SOLVED_TRIVIAL_le100k
7185,SOLVED,TRAIN,SOLVED_TRIVIAL_le10k
7186,SOLVED,TEST,SOLVED_TRIVIAL_gt300k
7187,SOLVED,TRAIN,SOLVED_HARD_le100k
7188,SOLVED,TRAIN,SOLVED_TRIVIAL_gt300k
7189,SOLVED,TRAIN,SOLVED_HARD_le10k
7190,SOLVED,TRAIN,SOLVED_TRIVIAL_le10k
7191,SOLVED,TEST,SOLVED_EXPERT_gt300k
7192,UNKNOWN,TRAIN,UNKNOWN_NONE_gt300k
7193,SOLVED,TRAIN,SOLVED_TRIVIAL_gt300k
7194,SOLVED,TRAIN,SOLVED_TRIVIAL_le10k
7195,SOLVED,TRAIN,SOLVED_HARD_le100k
7196,SOLVED,VALIDATION,SOLVED_TRIVIAL_gt300k
7197,SOLVED,TRAIN,SOLVED_NONE_le100k
7198,SOLVED,TRAIN,SOLVED_TRIVIAL_le100k
7199,SOLVED,TRAIN,SOLVED_HARD_le300k
7200,SOLVED,TEST,SOLVED_TRIVIAL_gt300k
7201,SOLVED,VALIDATION,SOLVED_TRIVIAL_le300k
7202,UNKNOWN,TRAIN,UNKNOWN_NONE_gt300k
7203,UNKNOWN,TRAIN,UNKNOWN_NONE_gt300k
7204,SOLVED,TRAIN,SOLVED_TRIVIAL_le100k
7205,SOLVED,TEST,SOLVED_NONE_le100k
7206,SOLVED,VALIDATION,SOLVED_EXPERT_gt300k
7207,SOLVED,TRAIN,SOLVED_TRIVIAL_le300k
7208,SOLVED,TRAIN,SOLVED_HARD_le100k
7209,SOLVED,TRAIN,SOLVED_TRIVIAL_le10k
7210,SOLVED,TEST,SOLVED_NONE_gt300k
7211,SOLVED,TRAIN,SOLVED_TRIVIAL_gt300k
7212,SOLVED,TRAIN,SOLVED_NONE_le100k
7213,UNKNOWN,TRAIN,UNKNOWN_NONE_gt300k
7214,SOLVED,TRAIN,SOLVED_TRIVIAL_le100k
7215,SOLVED,TEST,SOLVED_NONE_le100k
7216,SOLVED,TRAIN,SOLVED_TRIVIAL_le10k
7217,SOLVED,TRAIN,SOLVED_HARD_le100k
7218,SOLVED,TRAIN,SOLVED_TRIVIAL_le10k
7219,SOLVED,TRAIN,SOLVED_TRIVIAL_le300k
7220,SOLVED,VALIDATION,SOLVED_TRIVIAL_le10k
7221,SOLVED,TRAIN,SOLVED_TRIVIAL_le300k
7222,SOLVED,TRAIN,SOLVED_HARD_le10k
7223,SOLVED,TRAIN,SOLVED_TRIVIAL_gt300k
7224,SOLVED,TEST,SOLVED_NONE_le100k
7225,UNKNOWN,VALIDATION,UNKNOWN_NONE_gt300k
7226,SOLVED,TRAIN,SOLVED_TRIVIAL_le100k
7227,SOLVED,TRAIN,SOLVED_TRIVIAL_le10k
7228,SOLVED,TRAIN,SOLVED_TRIVIAL_le100k
7229,UNKNOWN,TEST,UNKNOWN_NONE_gt300k
7230,SOLVED,VALIDATION,SOLVED_TRIVIAL_le10k
7231,SOLVED,TRAIN,SOLVED_TRIVIAL_le10k
7232,UNKNOWN,TRAIN,UNKNOWN_NONE_gt300k
7233,UNKNOWN,TRAIN,UNKNOWN_NONE_gt300k
7234,SOLVED,TEST,SOLVED_TRIVIAL_le10k
7235,SOLVED,TRAIN,SOLVED_EASY_le100k
7236,SOLVED,TRAIN,SOLVED_TRIVIAL_le100k
7237,SOLVED,TRAIN,SOLVED_HARD_le100k
7238,SOLVED,TRAIN,SOLVED_EASY_le300k
7239,SOLVED,TEST,SOLVED_TRIVIAL_gt300k
7240,SOLVED,TRAIN,SOLVED_HARD_gt300k
7241,SOLVED,TRAIN,SOLVED_TRIVIAL_le100k
7242,SOLVED,TRAIN,SOLVED_TRIVIAL_le100k
7243,SOLVED,TRAIN,SOLVED_NONE_le300k
7244,SOLVED,VALIDATION,SOLVED_HARD_le100k
7245,SOLVED,TRAIN,SOLVED_TRIVIAL_le100k
7246,PROVEN_LOST,TRAIN,PROVEN_LOST_NONE_gt300k
7247,SOLVED,TRAIN,SOLVED_TRIVIAL_le10k
7248,SOLVED,TEST,SOLVED_TRIVIAL_le100k
7249,UNKNOWN,VALIDATION,UNKNOWN_NONE_gt300k
7250,SOLVED,TRAIN,SOLVED_TRIVIAL_le100k
7251,UNKNOWN,TRAIN,UNKNOWN_NONE_gt300k
7252,UNKNOWN,TRAIN,UNKNOWN_NONE_gt300k
7253,SOLVED,TEST,SOLVED_TRIVIAL_le300k
7254,SOLVED,VALIDATION,SOLVED_TRIVIAL_le100k
7255,SOLVED,TRAIN,SOLVED_TRIVIAL_le100k
7256,SOLVED,TRAIN,SOLVED_TRIVIAL_le300k
7257,SOLVED,TRAIN,SOLVED_EASY_le10k
7258,SOLVED,TEST,SOLVED_NONE_gt300k
7259,SOLVED,VALIDATION,SOLVED_TRIVIAL_le100k
7260,SOLVED,TRAIN,SOLVED_NONE_le10k
7261,SOLVED,TRAIN,SOLVED_NONE_le100k
7262,SOLVED,TRAIN,SOLVED_TRIVIAL_le10k
7263,SOLVED,TEST,SOLVED_TRIVIAL_le10k
7264,SOLVED,TRAIN,SOLVED_TRIVIAL_le100k
7265,UNKNOWN,TRAIN,UNKNOWN_NONE_gt300k
7266,SOLVED,TRAIN,SOLVED_HARD_le100k
7267,SOLVED,TRAIN,SOLVED_TRIVIAL_le10k
7268,SOLVED,VALIDATION,SOLVED_TRIVIAL_gt300k
7269,UNKNOWN,TRAIN,UNKNOWN_NONE_gt300k
7270,SOLVED,TRAIN,SOLVED_TRIVIAL_le300k
7271,SOLVED,TRAIN,SOLVED_TRIVIAL_le100k
7272,SOLVED,TEST,SOLVED_TRIVIAL_gt300k
7273,SOLVED,VALIDATION,SOLVED_TRIVIAL_le300k
7274,SOLVED,TRAIN,SOLVED_TRIVIAL_gt300k
7275,SOLVED,TRAIN,SOLVED_TRIVIAL_le100k
7276,SOLVED,TRAIN,SOLVED_TRIVIAL_le100k
7277,SOLVED,TEST,SOLVED_NONE_le300k
7278,SOLVED,VALIDATION,SOLVED_TRIVIAL_le10k
7279,SOLVED,TRAIN,SOLVED_TRIVIAL_le300k
7280,SOLVED,TRAIN,SOLVED_NONE_gt300k
7281,SOLVED,TRAIN,SOLVED_TRIVIAL_gt300k
7282,SOLVED,TEST,SOLVED_TRIVIAL_le300k
7283,UNKNOWN,VALIDATION,UNKNOWN_NONE_gt300k
7284,SOLVED,TRAIN,SOLVED_TRIVIAL_gt300k
7285,UNKNOWN,TRAIN,UNKNOWN_NONE_gt300k
7286,SOLVED,TRAIN,SOLVED_TRIVIAL_le100k
7287,SOLVED,TEST,SOLVED_TRIVIAL_le300k
7288,SOLVED,TRAIN,SOLVED_HARD_le100k
7289,SOLVED,TRAIN,SOLVED_TRIVIAL_gt300k
7290,SOLVED,TRAIN,SOLVED_EASY_le10k
7291,SOLVED,TRAIN,SOLVED_TRIVIAL_le100k
7292,SOLVED,VALIDATION,SOLVED_NONE_le100k
7293,SOLVED,TRAIN,SOLVED_TRIVIAL_le300k
7294,SOLVED,TRAIN,SOLVED_TRIVIAL_le300k
7295,SOLVED,TRAIN,SOLVED_TRIVIAL_le300k
7296,SOLVED,TRAIN,SOLVED_NONE_le100k
7297,SOLVED,VALIDATION,SOLVED_NONE_le100k
7298,SOLVED,TRAIN,SOLVED_HARD_le100k
7299,SOLVED,TRAIN,SOLVED_TRIVIAL_le100k
7300,UNKNOWN,TRAIN,UNKNOWN_NONE_gt300k
7301,PROVEN_LOST,TEST,PROVEN_LOST_NONE_gt300k
7302,UNKNOWN,VALIDATION,UNKNOWN_NONE_gt300k
7303,SOLVED,TRAIN,SOLVED_NONE_gt300k
7304,SOLVED,TRAIN,SOLVED_TRIVIAL_le100k
7305,UNKNOWN,TRAIN,UNKNOWN_NONE_gt300k
7306,SOLVED,TEST,SOLVED_TRIVIAL_le10k
7307,SOLVED,VALIDATION,SOLVED_TRIVIAL_gt300k
7308,SOLVED,TRAIN,SOLVED_TRIVIAL_gt300k
7309,SOLVED,TRAIN,SOLVED_NONE_le100k
7310,SOLVED,TRAIN,SOLVED_TRIVIAL_le10k
7311,UNKNOWN,TEST,UNKNOWN_NONE_gt300k
7312,SOLVED,TRAIN,SOLVED_TRIVIAL_gt300k
7313,SOLVED,TRAIN,SOLVED_NONE_le100k
7314,SOLVED,TRAIN,SOLVED_TRIVIAL_le100k
7315,SOLVED,TRAIN,SOLVED_TRIVIAL_le100k
7316,SOLVED,VALIDATION,SOLVED_TRIVIAL_le100k
7317,SOLVED,TRAIN,SOLVED_TRIVIAL_le100k
7318,SOLVED,TRAIN,SOLVED_TRIVIAL_le300k
7319,SOLVED,TRAIN,SOLVED_NONE_le100k
7320,PROVEN_LOST,TRAIN,PROVEN_LOST_NONE_le10k
7321,SOLVED,VALIDATION,SOLVED_TRIVIAL_le10k
7322,SOLVED,TRAIN,SOLVED_EASY_gt300k
7323,SOLVED,TRAIN,SOLVED_EASY_gt300k
7324,SOLVED,TRAIN,SOLVED_TRIVIAL_le100k
7325,PROVEN_LOST,TEST,PROVEN_LOST_NONE_gt300k
7326,SOLVED,VALIDATION,SOLVED_TRIVIAL_le100k
7327,SOLVED,TRAIN,SOLVED_TRIVIAL_le10k
7328,UNKNOWN,TRAIN,UNKNOWN_NONE_gt300k
7329,SOLVED,TRAIN,SOLVED_EASY_gt300k
7330,SOLVED,TEST,SOLVED_TRIVIAL_le100k
7331,SOLVED,VALIDATION,SOLVED_NONE_le100k
7332,SOLVED,TRAIN,SOLVED_TRIVIAL_le300k
7333,SOLVED,TRAIN,SOLVED_NONE_le10k
7334,SOLVED,TRAIN,SOLVED_TRIVIAL_le10k
7335,SOLVED,TEST,SOLVED_TRIVIAL_le100k
7336,SOLVED,TRAIN,SOLVED_HARD_le100k
7337,PROVEN_LOST,TRAIN,PROVEN_LOST_NONE_le10k
7338,SOLVED,TRAIN,SOLVED_TRIVIAL_le10k
7339,SOLVED,TRAIN,SOLVED_NONE_gt300k
7340,SOLVED,VALIDATION,SOLVED_NONE_le10k
7341,SOLVED,TRAIN,SOLVED_TRIVIAL_le100k
7342,SOLVED,TRAIN,SOLVED_TRIVIAL_le100k
7343,UNKNOWN,TRAIN,UNKNOWN_NONE_gt300k
7344,SOLVED,TRAIN,SOLVED_NONE_le100k
7345,SOLVED,VALIDATION,SOLVED_TRIVIAL_gt300k
7346,UNKNOWN,TRAIN,UNKNOWN_NONE_gt300k
7347,UNKNOWN,TRAIN,UNKNOWN_NONE_gt300k
7348,SOLVED,TRAIN,SOLVED_NONE_le100k
7349,SOLVED,TEST,SOLVED_TRIVIAL_le100k
7350,SOLVED,VALIDATION,SOLVED_NONE_le100k
7351,SOLVED,TRAIN,SOLVED_TRIVIAL_le300k
7352,SOLVED,TRAIN,SOLVED_TRIVIAL_le100k
7353,UNKNOWN,TRAIN,UNKNOWN_NONE_gt300k
7354,SOLVED,TEST,SOLVED_TRIVIAL_gt300k
7355,SOLVED,VALIDATION,SOLVED_TRIVIAL_le10k
7356,UNKNOWN,TRAIN,UNKNOWN_NONE_gt300k
7357,SOLVED,TRAIN,SOLVED_TRIVIAL_gt300k
7358,SOLVED,TRAIN,SOLVED_TRIVIAL_le300k
7359,SOLVED,TEST,SOLVED_HARD_le100k
7360,SOLVED,TRAIN,SOLVED_HARD_le10k
7361,SOLVED,TRAIN,SOLVED_TRIVIAL_le300k
7362,SOLVED,TRAIN,SOLVED_TRIVIAL_gt300k
7363,SOLVED,TRAIN,SOLVED_TRIVIAL_le10k
7364,UNKNOWN,TEST,UNKNOWN_NONE_gt300k
7365,SOLVED,TRAIN,SOLVED_MEDIUM_le100k
7366,PROVEN_LOST,TRAIN,PROVEN_LOST_NONE_gt300k
7367,SOLVED,TRAIN,SOLVED_TRIVIAL_le100k
7368,SOLVED,TRAIN,SOLVED_NONE_gt300k
7369,SOLVED,VALIDATION,SOLVED_TRIVIAL_le100k
7370,SOLVED,TRAIN,SOLVED_TRIVIAL_le100k
7371,SOLVED,TRAIN,SOLVED_TRIVIAL_le100k
7372,SOLVED,TRAIN,SOLVED_TRIVIAL_le100k
7373,SOLVED,TEST,SOLVED_TRIVIAL_le100k
7374,SOLVED,VALIDATION,SOLVED_HARD_gt300k
7375,UNKNOWN,TRAIN,UNKNOWN_NONE_gt300k
7376,SOLVED,TRAIN,SOLVED_EASY_le300k
7377,UNKNOWN,TRAIN,UNKNOWN_NONE_gt300k
7378,SOLVED,TEST,SOLVED_TRIVIAL_le10k
7379,UNKNOWN,VALIDATION,UNKNOWN_NONE_gt300k
7380,SOLVED,TRAIN,SOLVED_HARD_le100k
7381,SOLVED,TRAIN,SOLVED_TRIVIAL_gt300k
7382,SOLVED,TRAIN,SOLVED_TRIVIAL_le100k
7383,SOLVED,TEST,SOLVED_NONE_le10k
7384,UNKNOWN,TRAIN,UNKNOWN_NONE_gt300k
7385,SOLVED,TRAIN,SOLVED_NONE_le300k
7386,PROVEN_LOST,TRAIN,PROVEN_LOST_NONE_le300k
7387,SOLVED,TRAIN,SOLVED_TRIVIAL_gt300k
7388,SOLVED,TEST,SOLVED_EASY_gt300k
7389,SOLVED,TRAIN,SOLVED_TRIVIAL_gt300k
7390,UNKNOWN,TRAIN,UNKNOWN_NONE_gt300k
7391,SOLVED,TRAIN,SOLVED_EXPERT_le300k
7392,SOLVED,TRAIN,SOLVED_EASY_le100k
7393,SOLVED,VALIDATION,SOLVED_TRIVIAL_le300k
7394,SOLVED,TRAIN,SOLVED_TRIVIAL_le100k
7395,SOLVED,TRAIN,SOLVED_HARD_gt300k
7396,SOLVED,TRAIN,SOLVED_TRIVIAL_gt300k
7397,SOLVED,TEST,SOLVED_TRIVIAL_le100k
7398,SOLVED,VALIDATION,SOLVED_TRIVIAL_gt300k
7399,SOLVED,TRAIN,SOLVED_TRIVIAL_le100k
7400,SOLVED,TRAIN,SOLVED_TRIVIAL_gt300k
7401,SOLVED,TRAIN,SOLVED_NONE_le10k
7402,SOLVED,TEST,SOLVED_TRIVIAL_gt300k
7403,SOLVED,VALIDATION,SOLVED_TRIVIAL_le100k
7404,SOLVED,TRAIN,SOLVED_TRIVIAL_le100k
7405,SOLVED,TRAIN,SOLVED_TRIVIAL_le100k
7406,SOLVED,TRAIN,SOLVED_EXPERT_le100k
7407,SOLVED,TEST,SOLVED_TRIVIAL_le300k
7408,SOLVED,TRAIN,SOLVED_TRIVIAL_le100k
7409,UNKNOWN,TRAIN,UNKNOWN_NONE_gt300k
7410,SOLVED,TRAIN,SOLVED_TRIVIAL_gt300k
7411,SOLVED,TRAIN,SOLVED_HARD_gt300k
7412,UNKNOWN,TEST,UNKNOWN_NONE_gt300k
7413,UNKNOWN,TRAIN,UNKNOWN_NONE_gt300k
7414,SOLVED,TRAIN,SOLVED_TRIVIAL_le300k
7415,SOLVED,TRAIN,SOLVED_NONE_gt300k
7416,UNKNOWN,TRAIN,UNKNOWN_NONE_gt300k
7417,SOLVED,VALIDATION,SOLVED_HARD_le100k
7418,UNKNOWN,TRAIN,UNKNOWN_NONE_gt300k
7419,SOLVED,TRAIN,SOLVED_TRIVIAL_le100k
7420,SOLVED,TRAIN,SOLVED_NONE_le100k
7421,SOLVED,TEST,SOLVED_TRIVIAL_le10k
7422,SOLVED,VALIDATION,SOLVED_HARD_le300k
7423,SOLVED,TRAIN,SOLVED_TRIVIAL_le10k
7424,UNKNOWN,TRAIN,UNKNOWN_NONE_gt300k
7425,SOLVED,TRAIN,SOLVED_EASY_le100k
7426,SOLVED,TEST,SOLVED_HARD_gt300k
7427,SOLVED,VALIDATION,SOLVED_TRIVIAL_le300k
7428,UNKNOWN,TRAIN,UNKNOWN_NONE_gt300k
7429,SOLVED,TRAIN,SOLVED_HARD_le300k
7430,SOLVED,TRAIN,SOLVED_TRIVIAL_gt300k
7431,UNKNOWN,TEST,UNKNOWN_NONE_gt300k
7432,SOLVED,TRAIN,SOLVED_HARD_le10k
7433,UNKNOWN,TRAIN,UNKNOWN_NONE_gt300k
7434,SOLVED,TRAIN,SOLVED_TRIVIAL_gt300k
7435,SOLVED,TRAIN,SOLVED_TRIVIAL_le100k
7436,SOLVED,TEST,SOLVED_HARD_le100k
7437,SOLVED,TRAIN,SOLVED_HARD_le10k
7438,SOLVED,TRAIN,SOLVED_TRIVIAL_gt300k
7439,SOLVED,TRAIN,SOLVED_TRIVIAL_le10k
7440,PROVEN_LOST,TRAIN,PROVEN_LOST_NONE_gt300k
7441,SOLVED,VALIDATION,SOLVED_TRIVIAL_le300k
7442,SOLVED,TRAIN,SOLVED_TRIVIAL_le100k
7443,SOLVED,TRAIN,SOLVED_HARD_le100k
7444,SOLVED,TRAIN,SOLVED_HARD_le100k
7445,SOLVED,TEST,SOLVED_TRIVIAL_le100k
7446,UNKNOWN,VALIDATION,UNKNOWN_NONE_gt300k
7447,SOLVED,TRAIN,SOLVED_HARD_le100k
7448,SOLVED,TRAIN,SOLVED_TRIVIAL_le300k
7449,SOLVED,TRAIN,SOLVED_TRIVIAL_le300k
7450,SOLVED,TEST,SOLVED_TRIVIAL_gt300k
7451,SOLVED,VALIDATION,SOLVED_NONE_le100k
7452,SOLVED,TRAIN,SOLVED_TRIVIAL_le100k
7453,UNKNOWN,TRAIN,UNKNOWN_NONE_gt300k
7454,SOLVED,TRAIN,SOLVED_TRIVIAL_le10k
7455,UNKNOWN,TEST,UNKNOWN_NONE_gt300k
7456,SOLVED,VALIDATION,SOLVED_HARD_le100k
7457,SOLVED,TRAIN,SOLVED_HARD_le100k
7458,UNKNOWN,TRAIN,UNKNOWN_NONE_gt300k
7459,UNKNOWN,TRAIN,UNKNOWN_NONE_gt300k
7460,SOLVED,TEST,SOLVED_NONE_gt300k
7461,SOLVED,TRAIN,SOLVED_TRIVIAL_le100k
7462,SOLVED,TRAIN,SOLVED_TRIVIAL_gt300k
7463,SOLVED,TRAIN,SOLVED_TRIVIAL_gt300k
7464,SOLVED,TRAIN,SOLVED_TRIVIAL_gt300k
7465,SOLVED,VALIDATION,SOLVED_EASY_le300k
7466,SOLVED,TRAIN,SOLVED_TRIVIAL_le100k
7467,SOLVED,TRAIN,SOLVED_NONE_le100k
7468,SOLVED,TRAIN,SOLVED_NONE_le100k
7469,SOLVED,TEST,SOLVED_HARD_le10k
7470,SOLVED,VALIDATION,SOLVED_TRIVIAL_le10k
7471,SOLVED,TRAIN,SOLVED_TRIVIAL_le10k
7472,SOLVED,TRAIN,SOLVED_TRIVIAL_le100k
7473,SOLVED,TRAIN,SOLVED_TRIVIAL_le100k
7474,UNKNOWN,TEST,UNKNOWN_NONE_gt300k
7475,SOLVED,VALIDATION,SOLVED_NONE_le100k
7476,SOLVED,TRAIN,SOLVED_TRIVIAL_le100k
7477,SOLVED,TRAIN,SOLVED_MEDIUM_le100k
7478,SOLVED,TRAIN,SOLVED_TRIVIAL_le100k
7479,SOLVED,TEST,SOLVED_HARD_le300k
7480,SOLVED,VALIDATION,SOLVED_NONE_le300k
7481,SOLVED,TRAIN,SOLVED_NONE_gt300k
7482,SOLVED,TRAIN,SOLVED_HARD_le100k
7483,SOLVED,TRAIN,SOLVED_TRIVIAL_le300k
7484,SOLVED,TEST,SOLVED_TRIVIAL_le300k
7485,UNKNOWN,TRAIN,UNKNOWN_NONE_gt300k
7486,SOLVED,TRAIN,SOLVED_TRIVIAL_le100k
7487,SOLVED,TRAIN,SOLVED_TRIVIAL_le300k
7488,UNKNOWN,TRAIN,UNKNOWN_NONE_gt300k
7489,SOLVED,VALIDATION,SOLVED_TRIVIAL_le100k
7490,SOLVED,TRAIN,SOLVED_TRIVIAL_le300k
7491,SOLVED,TRAIN,SOLVED_TRIVIAL_le300k
7492,SOLVED,TRAIN,SOLVED_TRIVIAL_le100k
7493,PROVEN_LOST,TRAIN,PROVEN_LOST_NONE_gt300k
7494,SOLVED,VALIDATION,SOLVED_TRIVIAL_le10k
7495,SOLVED,TRAIN,SOLVED_HARD_le100k
7496,UNKNOWN,TRAIN,UNKNOWN_NONE_gt300k
7497,SOLVED,TRAIN,SOLVED_TRIVIAL_le10k
7498,SOLVED,TEST,SOLVED_NONE_le100k
7499,SOLVED,VALIDATION,SOLVED_TRIVIAL_le100k
7500,SOLVED,TRAIN,SOLVED_TRIVIAL_le100k
7501,SOLVED,TRAIN,SOLVED_TRIVIAL_le300k
7502,SOLVED,TRAIN,SOLVED_EASY_le100k
7503,PROVEN_LOST,TEST,PROVEN_LOST_NONE_gt300k
7504,SOLVED,VALIDATION,SOLVED_TRIVIAL_le100k
7505,SOLVED,TRAIN,SOLVED_TRIVIAL_gt300k
7506,UNKNOWN,TRAIN,UNKNOWN_NONE_gt300k
7507,SOLVED,TRAIN,SOLVED_TRIVIAL_le10k
7508,SOLVED,TEST,SOLVED_TRIVIAL_le10k
7509,UNKNOWN,TRAIN,UNKNOWN_NONE_gt300k
7510,SOLVED,TRAIN,SOLVED_TRIVIAL_le100k
7511,SOLVED,TRAIN,SOLVED_HARD_le100k
7512,SOLVED,TRAIN,SOLVED_HARD_le300k
7513,SOLVED,VALIDATION,SOLVED_TRIVIAL_le100k
7514,SOLVED,TRAIN,SOLVED_TRIVIAL_le100k
7515,SOLVED,TRAIN,SOLVED_TRIVIAL_le100k
7516,SOLVED,TRAIN,SOLVED_TRIVIAL_le100k
7517,SOLVED,TRAIN,SOLVED_TRIVIAL_le300k
7518,SOLVED,VALIDATION,SOLVED_TRIVIAL_le100k
7519,SOLVED,TRAIN,SOLVED_NONE_le100k
7520,SOLVED,TRAIN,SOLVED_TRIVIAL_gt300k
7521,SOLVED,TRAIN,SOLVED_TRIVIAL_le300k
7522,UNKNOWN,TEST,UNKNOWN_NONE_gt300k
7523,SOLVED,VALIDATION,SOLVED_HARD_gt300k
7524,SOLVED,TRAIN,SOLVED_TRIVIAL_gt300k
7525,UNKNOWN,TRAIN,UNKNOWN_NONE_gt300k
7526,SOLVED,TRAIN,SOLVED_HARD_le100k
7527,SOLVED,TEST,SOLVED_TRIVIAL_le10k
7528,SOLVED,VALIDATION,SOLVED_TRIVIAL_le10k
7529,UNKNOWN,TRAIN,UNKNOWN_NONE_gt300k
7530,SOLVED,TRAIN,SOLVED_TRIVIAL_le10k
7531,SOLVED,TRAIN,SOLVED_TRIVIAL_le100k
7532,SOLVED,TEST,SOLVED_TRIVIAL_le100k
7533,SOLVED,TRAIN,SOLVED_TRIVIAL_gt300k
7534,SOLVED,TRAIN,SOLVED_TRIVIAL_le300k
7535,SOLVED,TRAIN,SOLVED_EASY_le100k
7536,SOLVED,TRAIN,SOLVED_NONE_gt300k
7537,SOLVED,VALIDATION,SOLVED_NONE_le100k
7538,UNKNOWN,TRAIN,UNKNOWN_NONE_gt300k
7539,SOLVED,TRAIN,SOLVED_TRIVIAL_gt300k
7540,SOLVED,TRAIN,SOLVED_NONE_le100k
7541,SOLVED,TRAIN,SOLVED_NONE_gt300k
7542,SOLVED,VALIDATION,SOLVED_NONE_gt300k
7543,SOLVED,TRAIN,SOLVED_TRIVIAL_le300k
7544,SOLVED,TRAIN,SOLVED_EASY_le100k
7545,SOLVED,TRAIN,SOLVED_TRIVIAL_le300k
7546,SOLVED,TEST,SOLVED_TRIVIAL_le100k
7547,SOLVED,VALIDATION,SOLVED_TRIVIAL_le100k
7548,SOLVED,TRAIN,SOLVED_TRIVIAL_le100k
7549,SOLVED,TRAIN,SOLVED_HARD_le300k
7550,SOLVED,TRAIN,SOLVED_TRIVIAL_le300k
7551,SOLVED,TEST,SOLVED_TRIVIAL_le300k
7552,UNKNOWN,VALIDATION,UNKNOWN_NONE_gt300k
7553,UNKNOWN,TRAIN,UNKNOWN_NONE_gt300k
7554,SOLVED,TRAIN,SOLVED_TRIVIAL_le100k
7555,SOLVED,TRAIN,SOLVED_TRIVIAL_le100k
7556,SOLVED,TEST,SOLVED_TRIVIAL_le100k
7557,SOLVED,TRAIN,SOLVED_NONE_le100k
7558,UNKNOWN,TRAIN,UNKNOWN_NONE_gt300k
7559,SOLVED,TRAIN,SOLVED_NONE_gt300k
7560,SOLVED,TRAIN,SOLVED_TRIVIAL_le100k
7561,SOLVED,TEST,SOLVED_TRIVIAL_le100k
7562,SOLVED,TRAIN,SOLVED_NONE_le100k
7563,SOLVED,TRAIN,SOLVED_TRIVIAL_le10k
7564,SOLVED,TRAIN,SOLVED_NONE_le100k
7565,SOLVED,TRAIN,SOLVED_TRIVIAL_le300k
7566,SOLVED,VALIDATION,SOLVED_TRIVIAL_le10k
7567,SOLVED,TRAIN,SOLVED_TRIVIAL_gt300k
7568,SOLVED,TRAIN,SOLVED_HARD_gt300k
7569,SOLVED,TRAIN,SOLVED_TRIVIAL_le100k
7570,SOLVED,TEST,SOLVED_TRIVIAL_le10k
7571,SOLVED,VALIDATION,SOLVED_TRIVIAL_le100k
7572,SOLVED,TRAIN,SOLVED_TRIVIAL_le10k
7573,SOLVED,TRAIN,SOLVED_TRIVIAL_le100k
7574,SOLVED,TRAIN,SOLVED_HARD_gt300k
7575,SOLVED,TEST,SOLVED_NONE_le100k
7576,SOLVED,VALIDATION,SOLVED_TRIVIAL_gt300k
7577,SOLVED,TRAIN,SOLVED_NONE_le100k
7578,SOLVED,TRAIN,SOLVED_TRIVIAL_le100k
7579,SOLVED,TRAIN,SOLVED_TRIVIAL_le100k
7580,SOLVED,TEST,SOLVED_TRIVIAL_gt300k
7581,SOLVED,TRAIN,SOLVED_TRIVIAL_le10k
7582,UNKNOWN,TRAIN,UNKNOWN_NONE_gt300k
7583,SOLVED,TRAIN,SOLVED_TRIVIAL_gt300k
7584,UNKNOWN,TRAIN,UNKNOWN_NONE_gt300k
7585,SOLVED,TEST,SOLVED_TRIVIAL_le100k
7586,SOLVED,TRAIN,SOLVED_TRIVIAL_le100k
7587,SOLVED,TRAIN,SOLVED_NONE_le100k
7588,SOLVED,TRAIN,SOLVED_HARD_le100k
7589,SOLVED,TRAIN,SOLVED_NONE_le300k
7590,UNKNOWN,VALIDATION,UNKNOWN_NONE_gt300k
7591,SOLVED,TRAIN,SOLVED_TRIVIAL_le100k
7592,SOLVED,TRAIN,SOLVED_TRIVIAL_le100k
7593,SOLVED,TRAIN,SOLVED_EASY_le10k
7594,UNKNOWN,TEST,UNKNOWN_NONE_gt300k
7595,SOLVED,VALIDATION,SOLVED_HARD_le100k
7596,UNKNOWN,TRAIN,UNKNOWN_NONE_gt300k
7597,UNKNOWN,TRAIN,UNKNOWN_NONE_gt300k
7598,SOLVED,TRAIN,SOLVED_NONE_gt300k
7599,UNKNOWN,TEST,UNKNOWN_NONE_gt300k
7600,SOLVED,VALIDATION,SOLVED_NONE_le100k
7601,SOLVED,TRAIN,SOLVED_TRIVIAL_gt300k
7602,SOLVED,TRAIN,SOLVED_TRIVIAL_le300k
7603,UNKNOWN,TRAIN,UNKNOWN_NONE_gt300k
7604,SOLVED,TEST,SOLVED_EASY_le100k
7605,SOLVED,TRAIN,SOLVED_TRIVIAL_le100k
7606,SOLVED,TRAIN,SOLVED_HARD_le10k
7607,SOLVED,TRAIN,SOLVED_TRIVIAL_le100k
7608,SOLVED,TRAIN,SOLVED_TRIVIAL_gt300k
7609,SOLVED,TEST,SOLVED_TRIVIAL_le100k
7610,UNKNOWN,TRAIN,UNKNOWN_NONE_gt300k
7611,UNKNOWN,TRAIN,UNKNOWN_NONE_gt300k
7612,SOLVED,TRAIN,SOLVED_TRIVIAL_le10k
7613,UNKNOWN,TRAIN,UNKNOWN_NONE_gt300k
7614,PROVEN_LOST,VALIDATION,PROVEN_LOST_NONE_le10k
7615,PROVEN_LOST,TRAIN,PROVEN_LOST_NONE_gt300k
7616,SOLVED,TRAIN,SOLVED_TRIVIAL_le300k
7617,SOLVED,TRAIN,SOLVED_NONE_le10k
7618,SOLVED,TEST,SOLVED_TRIVIAL_le10k
7619,SOLVED,VALIDATION,SOLVED_TRIVIAL_le100k
7620,SOLVED,TRAIN,SOLVED_NONE_gt300k
7621,SOLVED,TRAIN,SOLVED_TRIVIAL_le10k
7622,SOLVED,TRAIN,SOLVED_TRIVIAL_gt300k
7623,SOLVED,TEST,SOLVED_HARD_le100k
7624,SOLVED,VALIDATION,SOLVED_EASY_le10k
7625,SOLVED,TRAIN,SOLVED_TRIVIAL_le100k
7626,SOLVED,TRAIN,SOLVED_TRIVIAL_le100k
7627,SOLVED,TRAIN,SOLVED_TRIVIAL_le100k
7628,SOLVED,TEST,SOLVED_TRIVIAL_le100k
7629,SOLVED,VALIDATION,SOLVED_HARD_le300k
7630,SOLVED,TRAIN,SOLVED_TRIVIAL_le100k
7631,SOLVED,TRAIN,SOLVED_TRIVIAL_le100k
7632,SOLVED,TRAIN,SOLVED_TRIVIAL_le100k
7633,SOLVED,TEST,SOLVED_TRIVIAL_le300k
7634,SOLVED,TRAIN,SOLVED_EXPERT_le100k
7635,SOLVED,TRAIN,SOLVED_TRIVIAL_le10k
7636,SOLVED,TRAIN,SOLVED_TRIVIAL_le100k
7637,PROVEN_LOST,TRAIN,PROVEN_LOST_NONE_gt300k
7638,SOLVED,VALIDATION,SOLVED_EASY_le300k
7639,SOLVED,TRAIN,SOLVED_TRIVIAL_le10k
7640,UNKNOWN,TRAIN,UNKNOWN_NONE_gt300k
7641,SOLVED,TRAIN,SOLVED_TRIVIAL_le10k
7642,PROVEN_LOST,TEST,PROVEN_LOST_NONE_gt300k
7643,SOLVED,VALIDATION,SOLVED_HARD_le10k
7644,SOLVED,TRAIN,SOLVED_NONE_le10k
7645,SOLVED,TRAIN,SOLVED_HARD_le100k
7646,SOLVED,TRAIN,SOLVED_TRIVIAL_le10k
7647,SOLVED,TEST,SOLVED_NONE_le100k
7648,SOLVED,VALIDATION,SOLVED_TRIVIAL_le100k
7649,UNKNOWN,TRAIN,UNKNOWN_NONE_gt300k
7650,SOLVED,TRAIN,SOLVED_TRIVIAL_le100k
7651,SOLVED,TRAIN,SOLVED_TRIVIAL_le100k
7652,SOLVED,TEST,SOLVED_NONE_le100k
7653,SOLVED,VALIDATION,SOLVED_TRIVIAL_le10k
7654,SOLVED,TRAIN,SOLVED_EASY_le100k
7655,SOLVED,TRAIN,SOLVED_HARD_le300k
7656,SOLVED,TRAIN,SOLVED_TRIVIAL_le100k
7657,SOLVED,TEST,SOLVED_TRIVIAL_le100k
7658,SOLVED,TRAIN,SOLVED_TRIVIAL_le100k
7659,SOLVED,TRAIN,SOLVED_TRIVIAL_le100k
7660,SOLVED,TRAIN,SOLVED_TRIVIAL_le300k
7661,SOLVED,TRAIN,SOLVED_TRIVIAL_le100k
7662,SOLVED,VALIDATION,SOLVED_TRIVIAL_le100k
7663,SOLVED,TRAIN,SOLVED_NONE_le100k
7664,SOLVED,TRAIN,SOLVED_TRIVIAL_le10k
7665,SOLVED,TRAIN,SOLVED_EXPERT_le300k
7666,SOLVED,TRAIN,SOLVED_TRIVIAL_le100k
7667,SOLVED,VALIDATION,SOLVED_TRIVIAL_le300k
7668,SOLVED,TRAIN,SOLVED_NONE_gt300k
7669,SOLVED,TRAIN,SOLVED_TRIVIAL_le10k
7670,SOLVED,TRAIN,SOLVED_TRIVIAL_le100k
7671,UNKNOWN,TEST,UNKNOWN_NONE_gt300k
7672,SOLVED,VALIDATION,SOLVED_TRIVIAL_le10k
7673,UNKNOWN,TRAIN,UNKNOWN_NONE_gt300k
7674,SOLVED,TRAIN,SOLVED_TRIVIAL_gt300k
7675,SOLVED,TRAIN,SOLVED_NONE_le100k
7676,SOLVED,TEST,SOLVED_TRIVIAL_le100k
7677,SOLVED,VALIDATION,SOLVED_EASY_le300k
7678,SOLVED,TRAIN,SOLVED_HARD_le100k
7679,SOLVED,TRAIN,SOLVED_NONE_gt300k
7680,SOLVED,TRAIN,SOLVED_TRIVIAL_le100k
7681,UNKNOWN,TEST,UNKNOWN_NONE_gt300k
7682,SOLVED,TRAIN,SOLVED_TRIVIAL_le100k
7683,SOLVED,TRAIN,SOLVED_HARD_le100k
7684,SOLVED,TRAIN,SOLVED_TRIVIAL_le10k
7685,SOLVED,TRAIN,SOLVED_TRIVIAL_le100k
7686,SOLVED,VALIDATION,SOLVED_EASY_le300k
7687,SOLVED,TRAIN,SOLVED_TRIVIAL_gt300k
7688,UNKNOWN,TRAIN,UNKNOWN_NONE_gt300k
7689,UNKNOWN,TRAIN,UNKNOWN_NONE_gt300k
7690,SOLVED,TRAIN,SOLVED_NONE_le300k
7691,SOLVED,VALIDATION,SOLVED_TRIVIAL_le300k
7692,SOLVED,TRAIN,SOLVED_TRIVIAL_le100k
7693,SOLVED,TRAIN,SOLVED_TRIVIAL_le100k
7694,UNKNOWN,TRAIN,UNKNOWN_NONE_gt300k
7695,UNKNOWN,TEST,UNKNOWN_NONE_gt300k
7696,SOLVED,VALIDATION,SOLVED_HARD_gt300k
7697,SOLVED,TRAIN,SOLVED_TRIVIAL_le100k
7698,UNKNOWN,TRAIN,UNKNOWN_NONE_gt300k
7699,UNKNOWN,TRAIN,UNKNOWN_NONE_gt300k
7700,SOLVED,TEST,SOLVED_HARD_le100k
7701,PROVEN_LOST,VALIDATION,PROVEN_LOST_NONE_gt300k
7702,SOLVED,TRAIN,SOLVED_EASY_gt300k
7703,SOLVED,TRAIN,SOLVED_EASY_le10k
7704,SOLVED,TRAIN,SOLVED_TRIVIAL_gt300k
7705,SOLVED,TEST,SOLVED_TRIVIAL_le10k
7706,SOLVED,TRAIN,SOLVED_TRIVIAL_le300k
7707,SOLVED,TRAIN,SOLVED_TRIVIAL_le300k
7708,SOLVED,TRAIN,SOLVED_TRIVIAL_le100k
7709,SOLVED,TRAIN,SOLVED_TRIVIAL_le300k
7710,UNKNOWN,VALIDATION,UNKNOWN_NONE_gt300k
7711,SOLVED,TRAIN,SOLVED_EASY_le10k
7712,SOLVED,TRAIN,SOLVED_TRIVIAL_le300k
7713,SOLVED,TRAIN,SOLVED_TRIVIAL_le300k
7714,SOLVED,TRAIN,SOLVED_TRIVIAL_le300k
7715,UNKNOWN,VALIDATION,UNKNOWN_NONE_gt300k
7716,UNKNOWN,TRAIN,UNKNOWN_NONE_gt300k
7717,SOLVED,TRAIN,SOLVED_TRIVIAL_le100k
7718,SOLVED,TRAIN,SOLVED_TRIVIAL_le100k
7719,SOLVED,TEST,SOLVED_TRIVIAL_le100k
7720,SOLVED,VALIDATION,SOLVED_TRIVIAL_le10k
7721,SOLVED,TRAIN,SOLVED_TRIVIAL_gt300k
7722,SOLVED,TRAIN,SOLVED_NONE_le100k
7723,SOLVED,TRAIN,SOLVED_TRIVIAL_le100k
7724,UNKNOWN,TEST,UNKNOWN_NONE_gt300k
7725,SOLVED,VALIDATION,SOLVED_EXPERT_le100k
7726,UNKNOWN,TRAIN,UNKNOWN_NONE_gt300k
7727,SOLVED,TRAIN,SOLVED_TRIVIAL_le100k
7728,SOLVED,TRAIN,SOLVED_NONE_le10k
7729,SOLVED,TEST,SOLVED_TRIVIAL_le10k
7730,SOLVED,TRAIN,SOLVED_HARD_le100k
7731,SOLVED,TRAIN,SOLVED_HARD_gt300k
7732,SOLVED,TRAIN,SOLVED_TRIVIAL_le100k
7733,SOLVED,TRAIN,SOLVED_NONE_gt300k
7734,SOLVED,TEST,SOLVED_EASY_le10k
7735,SOLVED,TRAIN,SOLVED_NONE_le300k
7736,UNKNOWN,TRAIN,UNKNOWN_NONE_gt300k
7737,UNKNOWN,TRAIN,UNKNOWN_NONE_gt300k
7738,SOLVED,TRAIN,SOLVED_TRIVIAL_le100k
7739,SOLVED,VALIDATION,SOLVED_TRIVIAL_gt300k
7740,SOLVED,TRAIN,SOLVED_TRIVIAL_gt300k
7741,SOLVED,TRAIN,SOLVED_HARD_le100k
7742,SOLVED,TRAIN,SOLVED_TRIVIAL_le100k
7743,SOLVED,TEST,SOLVED_NONE_le100k
7744,UNKNOWN,VALIDATION,UNKNOWN_NONE_gt300k
7745,SOLVED,TRAIN,SOLVED_TRIVIAL_le100k
7746,SOLVED,TRAIN,SOLVED_TRIVIAL_le100k
7747,SOLVED,TRAIN,SOLVED_TRIVIAL_gt300k
7748,SOLVED,TEST,SOLVED_TRIVIAL_gt300k
7749,SOLVED,VALIDATION,SOLVED_HARD_le100k
7750,UNKNOWN,TRAIN,UNKNOWN_NONE_gt300k
7751,SOLVED,TRAIN,SOLVED_TRIVIAL_le100k
7752,SOLVED,TRAIN,SOLVED_NONE_gt300k
7753,SOLVED,TEST,SOLVED_TRIVIAL_gt300k
7754,SOLVED,TRAIN,SOLVED_TRIVIAL_gt300k
7755,SOLVED,TRAIN,SOLVED_HARD_le300k
7756,SOLVED,TRAIN,SOLVED_TRIVIAL_gt300k
7757,SOLVED,TRAIN,SOLVED_HARD_le100k
7758,UNKNOWN,TEST,UNKNOWN_NONE_gt300k
7759,PROVEN_LOST,TRAIN,PROVEN_LOST_NONE_gt300k
7760,SOLVED,TRAIN,SOLVED_TRIVIAL_gt300k
7761,SOLVED,TRAIN,SOLVED_NONE_le10k
7762,SOLVED,TRAIN,SOLVED_NONE_le100k
7763,SOLVED,VALIDATION,SOLVED_TRIVIAL_le100k
7764,SOLVED,TRAIN,SOLVED_TRIVIAL_le100k
7765,SOLVED,TRAIN,SOLVED_TRIVIAL_le100k
7766,UNKNOWN,TRAIN,UNKNOWN_NONE_gt300k
7767,SOLVED,TEST,SOLVED_TRIVIAL_le100k
7768,SOLVED,VALIDATION,SOLVED_TRIVIAL_le300k
7769,SOLVED,TRAIN,SOLVED_NONE_le10k
7770,SOLVED,TRAIN,SOLVED_NONE_le300k
7771,SOLVED,TRAIN,SOLVED_NONE_gt300k
7772,SOLVED,TEST,SOLVED_TRIVIAL_le100k
7773,PROVEN_LOST,VALIDATION,PROVEN_LOST_NONE_gt300k
7774,SOLVED,TRAIN,SOLVED_HARD_le100k
7775,SOLVED,TRAIN,SOLVED_TRIVIAL_gt300k
7776,UNKNOWN,TRAIN,UNKNOWN_NONE_gt300k
7777,SOLVED,TEST,SOLVED_TRIVIAL_le100k
7778,SOLVED,TRAIN,SOLVED_TRIVIAL_le100k
7779,SOLVED,TRAIN,SOLVED_TRIVIAL_le10k
7780,SOLVED,TRAIN,SOLVED_TRIVIAL_le100k
7781,SOLVED,TRAIN,SOLVED_TRIVIAL_le100k
7782,SOLVED,TEST,SOLVED_TRIVIAL_le10k
7783,SOLVED,TRAIN,SOLVED_NONE_le300k
7784,SOLVED,TRAIN,SOLVED_HARD_gt300k
7785,SOLVED,TRAIN,SOLVED_TRIVIAL_le100k
7786,SOLVED,TRAIN,SOLVED_TRIVIAL_le300k
7787,SOLVED,VALIDATION,SOLVED_EXPERT_gt300k
7788,SOLVED,TRAIN,SOLVED_TRIVIAL_le100k
7789,SOLVED,TRAIN,SOLVED_HARD_gt300k
7790,SOLVED,TRAIN,SOLVED_TRIVIAL_le100k
7791,SOLVED,TEST,SOLVED_HARD_le100k
7792,SOLVED,VALIDATION,SOLVED_TRIVIAL_le10k
7793,UNKNOWN,TRAIN,UNKNOWN_NONE_gt300k
7794,SOLVED,TRAIN,SOLVED_TRIVIAL_le300k
7795,PROVEN_LOST,TRAIN,PROVEN_LOST_NONE_gt300k
7796,SOLVED,TEST,SOLVED_TRIVIAL_le10k
7797,SOLVED,VALIDATION,SOLVED_TRIVIAL_le10k
7798,SOLVED,TRAIN,SOLVED_NONE_le100k
7799,SOLVED,TRAIN,SOLVED_TRIVIAL_gt300k
7800,SOLVED,TRAIN,SOLVED_TRIVIAL_gt300k
7801,SOLVED,TEST,SOLVED_TRIVIAL_le10k
7802,SOLVED,VALIDATION,SOLVED_TRIVIAL_le100k
7803,SOLVED,TRAIN,SOLVED_NONE_le10k
7804,SOLVED,TRAIN,SOLVED_TRIVIAL_le100k
7805,SOLVED,TRAIN,SOLVED_TRIVIAL_le100k
7806,PROVEN_LOST,TEST,PROVEN_LOST_NONE_gt300k
7807,SOLVED,TRAIN,SOLVED_TRIVIAL_le300k
7808,SOLVED,TRAIN,SOLVED_TRIVIAL_le100k
7809,SOLVED,TRAIN,SOLVED_TRIVIAL_le100k
7810,SOLVED,TRAIN,SOLVED_TRIVIAL_gt300k
7811,SOLVED,VALIDATION,SOLVED_NONE_le100k
7812,UNKNOWN,TRAIN,UNKNOWN_NONE_gt300k
7813,SOLVED,TRAIN,SOLVED_NONE_le300k
7814,SOLVED,TRAIN,SOLVED_NONE_gt300k
7815,SOLVED,TEST,SOLVED_TRIVIAL_le100k
7816,SOLVED,VALIDATION,SOLVED_HARD_le10k
7817,SOLVED,TRAIN,SOLVED_NONE_le100k
7818,SOLVED,TRAIN,SOLVED_NONE_le100k
7819,SOLVED,TRAIN,SOLVED_NONE_gt300k
7820,SOLVED,TEST,SOLVED_NONE_le100k
7821,SOLVED,VALIDATION,SOLVED_HARD_le300k
7822,SOLVED,TRAIN,SOLVED_EXPERT_le10k
7823,SOLVED,TRAIN,SOLVED_TRIVIAL_le10k
7824,SOLVED,TRAIN,SOLVED_NONE_gt300k
7825,SOLVED,TEST,SOLVED_TRIVIAL_gt300k
7826,UNKNOWN,VALIDATION,UNKNOWN_NONE_gt300k
7827,SOLVED,TRAIN,SOLVED_TRIVIAL_gt300k
7828,SOLVED,TRAIN,SOLVED_TRIVIAL_le100k
7829,SOLVED,TRAIN,SOLVED_TRIVIAL_le10k
7830,SOLVED,TEST,SOLVED_HARD_le10k
7831,SOLVED,TRAIN,SOLVED_TRIVIAL_le300k
7832,UNKNOWN,TRAIN,UNKNOWN_NONE_gt300k
7833,SOLVED,TRAIN,SOLVED_NONE_le100k
7834,SOLVED,TRAIN,SOLVED_TRIVIAL_le100k
7835,UNKNOWN,VALIDATION,UNKNOWN_NONE_gt300k
7836,SOLVED,TRAIN,SOLVED_NONE_le10k
7837,SOLVED,TRAIN,SOLVED_TRIVIAL_le10k
7838,SOLVED,TRAIN,SOLVED_TRIVIAL_le300k
7839,SOLVED,TRAIN,SOLVED_TRIVIAL_le100k
7840,SOLVED,VALIDATION,SOLVED_TRIVIAL_le10k
7841,SOLVED,TRAIN,SOLVED_EASY_le100k
7842,SOLVED,TRAIN,SOLVED_EXPERT_le300k
7843,UNKNOWN,TRAIN,UNKNOWN_NONE_gt300k
7844,SOLVED,TEST,SOLVED_TRIVIAL_le300k
7845,UNKNOWN,VALIDATION,UNKNOWN_NONE_gt300k
7846,SOLVED,TRAIN,SOLVED_TRIVIAL_le300k
7847,SOLVED,TRAIN,SOLVED_TRIVIAL_le100k
7848,SOLVED,TRAIN,SOLVED_TRIVIAL_le300k
7849,SOLVED,TEST,SOLVED_TRIVIAL_le10k
7850,SOLVED,VALIDATION,SOLVED_TRIVIAL_le100k
7851,SOLVED,TRAIN,SOLVED_HARD_le100k
7852,UNKNOWN,TRAIN,UNKNOWN_NONE_gt300k
7853,SOLVED,TRAIN,SOLVED_NONE_gt300k
7854,UNKNOWN,TEST,UNKNOWN_NONE_gt300k
7855,SOLVED,TRAIN,SOLVED_NONE_le300k
7856,SOLVED,TRAIN,SOLVED_TRIVIAL_le10k
7857,SOLVED,TRAIN,SOLVED_EASY_le300k
7858,UNKNOWN,TRAIN,UNKNOWN_NONE_gt300k
7859,PROVEN_LOST,VALIDATION,PROVEN_LOST_NONE_le300k
7860,SOLVED,TRAIN,SOLVED_TRIVIAL_le100k
7861,SOLVED,TRAIN,SOLVED_TRIVIAL_le100k
7862,SOLVED,TRAIN,SOLVED_TRIVIAL_le100k
7863,SOLVED,TRAIN,SOLVED_HARD_le100k
7864,SOLVED,VALIDATION,SOLVED_TRIVIAL_le100k
7865,SOLVED,TRAIN,SOLVED_TRIVIAL_le100k
7866,SOLVED,TRAIN,SOLVED_NONE_le300k
7867,UNKNOWN,TRAIN,UNKNOWN_NONE_gt300k
7868,UNKNOWN,TEST,UNKNOWN_NONE_gt300k
7869,SOLVED,VALIDATION,SOLVED_TRIVIAL_gt300k
7870,SOLVED,TRAIN,SOLVED_HARD_le100k
7871,UNKNOWN,TRAIN,UNKNOWN_NONE_gt300k
7872,SOLVED,TRAIN,SOLVED_TRIVIAL_gt300k
7873,SOLVED,TEST,SOLVED_HARD_le100k
7874,SOLVED,VALIDATION,SOLVED_TRIVIAL_gt300k
7875,UNKNOWN,TRAIN,UNKNOWN_NONE_gt300k
7876,SOLVED,TRAIN,SOLVED_NONE_gt300k
7877,SOLVED,TRAIN,SOLVED_TRIVIAL_gt300k
7878,SOLVED,TEST,SOLVED_TRIVIAL_le100k
7879,UNKNOWN,TRAIN,UNKNOWN_NONE_gt300k
7880,UNKNOWN,TRAIN,UNKNOWN_NONE_gt300k
7881,SOLVED,TRAIN,SOLVED_TRIVIAL_le100k
7882,SOLVED,TRAIN,SOLVED_HARD_le100k
7883,SOLVED,VALIDATION,SOLVED_TRIVIAL_le100k
7884,UNKNOWN,TRAIN,UNKNOWN_NONE_gt300k
7885,SOLVED,TRAIN,SOLVED_TRIVIAL_le100k
7886,SOLVED,TRAIN,SOLVED_TRIVIAL_le10k
7887,SOLVED,TRAIN,SOLVED_NONE_le300k
7888,SOLVED,VALIDATION,SOLVED_TRIVIAL_le100k
7889,SOLVED,TRAIN,SOLVED_NONE_le300k
7890,SOLVED,TRAIN,SOLVED_TRIVIAL_gt300k
7891,SOLVED,TRAIN,SOLVED_NONE_le10k
7892,SOLVED,TEST,SOLVED_TRIVIAL_le10k
7893,SOLVED,VALIDATION,SOLVED_TRIVIAL_le100k
7894,UNKNOWN,TRAIN,UNKNOWN_NONE_gt300k
7895,SOLVED,TRAIN,SOLVED_TRIVIAL_le100k
7896,SOLVED,TRAIN,SOLVED_TRIVIAL_le10k
7897,SOLVED,TEST,SOLVED_NONE_le10k
7898,SOLVED,VALIDATION,SOLVED_NONE_gt300k
7899,UNKNOWN,TRAIN,UNKNOWN_NONE_gt300k
7900,SOLVED,TRAIN,SOLVED_TRIVIAL_le100k
7901,SOLVED,TRAIN,SOLVED_TRIVIAL_le10k
7902,SOLVED,TEST,SOLVED_TRIVIAL_gt300k
7903,SOLVED,TRAIN,SOLVED_TRIVIAL_le100k
7904,UNKNOWN,TRAIN,UNKNOWN_NONE_gt300k
7905,SOLVED,TRAIN,SOLVED_TRIVIAL_le100k
7906,UNKNOWN,TRAIN,UNKNOWN_NONE_gt300k
7907,SOLVED,TEST,SOLVED_NONE_le100k
7908,PROVEN_LOST,TRAIN,PROVEN_LOST_NONE_le300k
7909,SOLVED,TRAIN,SOLVED_HARD_le100k
7910,SOLVED,TRAIN,SOLVED_NONE_le10k
7911,SOLVED,TRAIN,SOLVED_TRIVIAL_le10k
7912,SOLVED,VALIDATION,SOLVED_HARD_le100k
7913,SOLVED,TRAIN,SOLVED_HARD_le100k
7914,SOLVED,TRAIN,SOLVED_EXPERT_le100k
7915,SOLVED,TRAIN,SOLVED_TRIVIAL_le100k
7916,SOLVED,TEST,SOLVED_TRIVIAL_le100k
7917,SOLVED,VALIDATION,SOLVED_HARD_le300k
7918,UNKNOWN,TRAIN,UNKNOWN_NONE_gt300k
7919,UNKNOWN,TRAIN,UNKNOWN_NONE_gt300k
7920,SOLVED,TRAIN,SOLVED_TRIVIAL_gt300k
7921,SOLVED,TEST,SOLVED_TRIVIAL_le100k
7922,UNKNOWN,VALIDATION,UNKNOWN_NONE_gt300k
7923,SOLVED,TRAIN,SOLVED_HARD_le300k
7924,SOLVED,TRAIN,SOLVED_NONE_le100k
7925,SOLVED,TRAIN,SOLVED_NONE_le100k
7926,UNKNOWN,TEST,UNKNOWN_NONE_gt300k
7927,SOLVED,TRAIN,SOLVED_TRIVIAL_le300k
7928,SOLVED,TRAIN,SOLVED_TRIVIAL_le10k
7929,SOLVED,TRAIN,SOLVED_TRIVIAL_le10k
7930,SOLVED,TRAIN,SOLVED_TRIVIAL_le300k
7931,SOLVED,TEST,SOLVED_TRIVIAL_le100k
7932,SOLVED,TRAIN,SOLVED_TRIVIAL_le100k
7933,SOLVED,TRAIN,SOLVED_TRIVIAL_le100k
7934,SOLVED,TRAIN,SOLVED_NONE_le10k
7935,SOLVED,TRAIN,SOLVED_HARD_le100k
7936,SOLVED,VALIDATION,SOLVED_TRIVIAL_gt300k
7937,SOLVED,TRAIN,SOLVED_EXPERT_gt300k
7938,SOLVED,TRAIN,SOLVED_TRIVIAL_le100k
7939,SOLVED,TRAIN,SOLVED_TRIVIAL_le100k
7940,UNKNOWN,TEST,UNKNOWN_NONE_gt300k
7941,UNKNOWN,VALIDATION,UNKNOWN_NONE_gt300k
7942,UNKNOWN,TRAIN,UNKNOWN_NONE_gt300k
7943,SOLVED,TRAIN,SOLVED_MEDIUM_le100k
7944,SOLVED,TRAIN,SOLVED_TRIVIAL_gt300k
7945,SOLVED,TEST,SOLVED_MEDIUM_gt300k
7946,UNKNOWN,VALIDATION,UNKNOWN_NONE_gt300k
7947,SOLVED,TRAIN,SOLVED_TRIVIAL_le100k
7948,PROVEN_LOST,TRAIN,PROVEN_LOST_NONE_gt300k
7949,SOLVED,TRAIN,SOLVED_TRIVIAL_gt300k
7950,SOLVED,TEST,SOLVED_TRIVIAL_le100k
7951,SOLVED,TRAIN,SOLVED_NONE_le100k
7952,UNKNOWN,TRAIN,UNKNOWN_NONE_gt300k
7953,SOLVED,TRAIN,SOLVED_TRIVIAL_le100k
7954,SOLVED,TRAIN,SOLVED_TRIVIAL_le100k
7955,UNKNOWN,TEST,UNKNOWN_NONE_gt300k
7956,SOLVED,TRAIN,SOLVED_NONE_gt300k
7957,SOLVED,TRAIN,SOLVED_TRIVIAL_le300k
7958,SOLVED,TRAIN,SOLVED_TRIVIAL_le100k
7959,SOLVED,TRAIN,SOLVED_TRIVIAL_le300k
7960,SOLVED,VALIDATION,SOLVED_NONE_gt300k
7961,UNKNOWN,TRAIN,UNKNOWN_NONE_gt300k
7962,SOLVED,TRAIN,SOLVED_TRIVIAL_le100k
7963,UNKNOWN,TRAIN,UNKNOWN_NONE_gt300k
7964,SOLVED,TEST,SOLVED_TRIVIAL_le100k
7965,SOLVED,VALIDATION,SOLVED_TRIVIAL_le100k
7966,UNKNOWN,TRAIN,UNKNOWN_NONE_gt300k
7967,SOLVED,TRAIN,SOLVED_TRIVIAL_gt300k
7968,SOLVED,TRAIN,SOLVED_TRIVIAL_gt300k
7969,UNKNOWN,TEST,UNKNOWN_NONE_gt300k
7970,SOLVED,VALIDATION,SOLVED_TRIVIAL_le100k
7971,SOLVED,TRAIN,SOLVED_TRIVIAL_le100k
7972,SOLVED,TRAIN,SOLVED_HARD_gt300k
7973,SOLVED,TRAIN,SOLVED_NONE_le100k
7974,SOLVED,TEST,SOLVED_TRIVIAL_le100k
7975,SOLVED,VALIDATION,SOLVED_TRIVIAL_gt300k
7976,SOLVED,TRAIN,SOLVED_NONE_le100k
7977,SOLVED,TRAIN,SOLVED_TRIVIAL_le10k
7978,SOLVED,TRAIN,SOLVED_TRIVIAL_le100k
7979,UNKNOWN,TEST,UNKNOWN_NONE_gt300k
7980,SOLVED,TRAIN,SOLVED_EXPERT_le100k
7981,SOLVED,TRAIN,SOLVED_TRIVIAL_le10k
7982,PROVEN_LOST,TRAIN,PROVEN_LOST_NONE_gt300k
7983,UNKNOWN,TRAIN,UNKNOWN_NONE_gt300k
7984,SOLVED,VALIDATION,SOLVED_TRIVIAL_le300k
7985,SOLVED,TRAIN,SOLVED_TRIVIAL_le100k
7986,SOLVED,TRAIN,SOLVED_TRIVIAL_gt300k
7987,UNKNOWN,TRAIN,UNKNOWN_NONE_gt300k
7988,SOLVED,TEST,SOLVED_TRIVIAL_le100k
7989,SOLVED,VALIDATION,SOLVED_TRIVIAL_le300k
7990,SOLVED,TRAIN,SOLVED_TRIVIAL_le10k
7991,SOLVED,TRAIN,SOLVED_TRIVIAL_gt300k
7992,SOLVED,TRAIN,SOLVED_TRIVIAL_le100k
7993,SOLVED,TEST,SOLVED_TRIVIAL_gt300k
7994,SOLVED,VALIDATION,SOLVED_TRIVIAL_le100k
7995,SOLVED,TRAIN,SOLVED_TRIVIAL_le100k
7996,SOLVED,TRAIN,SOLVED_TRIVIAL_le300k
7997,SOLVED,TRAIN,SOLVED_TRIVIAL_gt300k
7998,SOLVED,TEST,SOLVED_NONE_le10k
7999,SOLVED,VALIDATION,SOLVED_NONE_le10k
8000,SOLVED,TRAIN,SOLVED_NONE_le300k
8001,SOLVED,TRAIN,SOLVED_TRIVIAL_le100k
8002,SOLVED,TRAIN,SOLVED_TRIVIAL_le100k
8003,SOLVED,TEST,SOLVED_TRIVIAL_le10k
8004,SOLVED,TRAIN,SOLVED_NONE_le100k
8005,SOLVED,TRAIN,SOLVED_TRIVIAL_le100k
8006,SOLVED,TRAIN,SOLVED_TRIVIAL_le100k
8007,SOLVED,TRAIN,SOLVED_NONE_le100k
8008,SOLVED,VALIDATION,SOLVED_TRIVIAL_gt300k
8009,SOLVED,TRAIN,SOLVED_TRIVIAL_gt300k
8010,SOLVED,TRAIN,SOLVED_TRIVIAL_le300k
8011,SOLVED,TRAIN,SOLVED_NONE_le100k
8012,SOLVED,TRAIN,SOLVED_NONE_gt300k
8013,UNKNOWN,VALIDATION,UNKNOWN_NONE_gt300k
8014,SOLVED,TRAIN,SOLVED_TRIVIAL_le100k
8015,SOLVED,TRAIN,SOLVED_TRIVIAL_le100k
8016,UNKNOWN,TRAIN,UNKNOWN_NONE_gt300k
8017,SOLVED,TEST,SOLVED_TRIVIAL_le100k
8018,SOLVED,VALIDATION,SOLVED_HARD_le100k
8019,SOLVED,TRAIN,SOLVED_TRIVIAL_gt300k
8020,UNKNOWN,TRAIN,UNKNOWN_NONE_gt300k
8021,UNKNOWN,TRAIN,UNKNOWN_NONE_gt300k
8022,SOLVED,TEST,SOLVED_TRIVIAL_le300k
8023,SOLVED,VALIDATION,SOLVED_TRIVIAL_le100k
8024,UNKNOWN,TRAIN,UNKNOWN_NONE_gt300k
8025,SOLVED,TRAIN,SOLVED_TRIVIAL_le10k
8026,UNKNOWN,TRAIN,UNKNOWN_NONE_gt300k
8027,SOLVED,TEST,SOLVED_TRIVIAL_gt300k
8028,SOLVED,TRAIN,SOLVED_NONE_le100k
8029,SOLVED,TRAIN,SOLVED_TRIVIAL_le100k
8030,SOLVED,TRAIN,SOLVED_TRIVIAL_le10k
8031,SOLVED,TRAIN,SOLVED_TRIVIAL_le100k
8032,SOLVED,VALIDATION,SOLVED_HARD_le100k
8033,UNKNOWN,TRAIN,UNKNOWN_NONE_gt300k
8034,SOLVED,TRAIN,SOLVED_TRIVIAL_le300k
8035,SOLVED,TRAIN,SOLVED_TRIVIAL_le300k
8036,SOLVED,TRAIN,SOLVED_NONE_le100k
8037,SOLVED,VALIDATION,SOLVED_NONE_le100k
8038,SOLVED,TRAIN,SOLVED_NONE_gt300k
8039,SOLVED,TRAIN,SOLVED_TRIVIAL_le100k
8040,SOLVED,TRAIN,SOLVED_TRIVIAL_le300k
8041,SOLVED,TEST,SOLVED_TRIVIAL_le300k
8042,SOLVED,VALIDATION,SOLVED_TRIVIAL_le10k
8043,SOLVED,TRAIN,SOLVED_TRIVIAL_le100k
8044,SOLVED,TRAIN,SOLVED_TRIVIAL_le300k
8045,SOLVED,TRAIN,SOLVED_TRIVIAL_gt300k
8046,SOLVED,TEST,SOLVED_EASY_le100k
8047,SOLVED,VALIDATION,SOLVED_TRIVIAL_le100k
8048,UNKNOWN,TRAIN,UNKNOWN_NONE_gt300k
8049,SOLVED,TRAIN,SOLVED_TRIVIAL_le10k
8050,SOLVED,TRAIN,SOLVED_TRIVIAL_le300k
8051,SOLVED,TEST,SOLVED_TRIVIAL_le100k
8052,UNKNOWN,TRAIN,UNKNOWN_NONE_gt300k
8053,SOLVED,TRAIN,SOLVED_EASY_le100k
8054,SOLVED,TRAIN,SOLVED_TRIVIAL_gt300k
8055,SOLVED,TRAIN,SOLVED_TRIVIAL_le100k
8056,SOLVED,VALIDATION,SOLVED_TRIVIAL_le100k
8057,SOLVED,TRAIN,SOLVED_TRIVIAL_le100k
8058,SOLVED,TRAIN,SOLVED_HARD_le100k
8059,SOLVED,TRAIN,SOLVED_NONE_gt300k
8060,SOLVED,TRAIN,SOLVED_HARD_le100k
8061,SOLVED,VALIDATION,SOLVED_HARD_gt300k
8062,UNKNOWN,TRAIN,UNKNOWN_NONE_gt300k
8063,SOLVED,TRAIN,SOLVED_NONE_le100k
8064,SOLVED,TRAIN,SOLVED_TRIVIAL_le100k
8065,SOLVED,TEST,SOLVED_TRIVIAL_le100k
8066,SOLVED,VALIDATION,SOLVED_TRIVIAL_gt300k
8067,SOLVED,TRAIN,SOLVED_TRIVIAL_gt300k
8068,SOLVED,TRAIN,SOLVED_TRIVIAL_le100k
8069,SOLVED,TRAIN,SOLVED_TRIVIAL_gt300k
8070,SOLVED,TEST,SOLVED_TRIVIAL_le100k
8071,SOLVED,VALIDATION,SOLVED_TRIVIAL_gt300k
8072,SOLVED,TRAIN,SOLVED_HARD_gt300k
8073,PROVEN_LOST,TRAIN,PROVEN_LOST_NONE_gt300k
8074,SOLVED,TRAIN,SOLVED_TRIVIAL_le100k
8075,SOLVED,TEST,SOLVED_TRIVIAL_le100k
8076,SOLVED,TRAIN,SOLVED_TRIVIAL_gt300k
8077,UNKNOWN,TRAIN,UNKNOWN_NONE_gt300k
8078,SOLVED,TRAIN,SOLVED_HARD_le300k
8079,SOLVED,TRAIN,SOLVED_TRIVIAL_le100k
8080,SOLVED,TEST,SOLVED_TRIVIAL_gt300k
8081,SOLVED,TRAIN,SOLVED_TRIVIAL_le100k
8082,SOLVED,TRAIN,SOLVED_TRIVIAL_le100k
8083,SOLVED,TRAIN,SOLVED_TRIVIAL_le100k
8084,SOLVED,TRAIN,SOLVED_TRIVIAL_le100k
8085,SOLVED,VALIDATION,SOLVED_TRIVIAL_le100k
8086,SOLVED,TRAIN,SOLVED_TRIVIAL_le10k
8087,UNKNOWN,TRAIN,UNKNOWN_NONE_gt300k
8088,SOLVED,TRAIN,SOLVED_EXPERT_le10k
8089,SOLVED,TEST,SOLVED_TRIVIAL_le100k
8090,SOLVED,VALIDATION,SOLVED_NONE_le100k
8091,SOLVED,TRAIN,SOLVED_TRIVIAL_le10k
8092,SOLVED,TRAIN,SOLVED_TRIVIAL_le300k
8093,SOLVED,TRAIN,SOLVED_TRIVIAL_le100k
8094,PROVEN_LOST,TEST,PROVEN_LOST_NONE_gt300k
8095,UNKNOWN,VALIDATION,UNKNOWN_NONE_gt300k
8096,SOLVED,TRAIN,SOLVED_EASY_le300k
8097,SOLVED,TRAIN,SOLVED_EXPERT_gt300k
8098,SOLVED,TRAIN,SOLVED_EASY_le100k
8099,SOLVED,TEST,SOLVED_TRIVIAL_gt300k
8100,SOLVED,TRAIN,SOLVED_NONE_le100k
8101,SOLVED,TRAIN,SOLVED_TRIVIAL_le100k
8102,SOLVED,TRAIN,SOLVED_NONE_le100k
8103,SOLVED,TRAIN,SOLVED_EASY_le100k
8104,SOLVED,TEST,SOLVED_HARD_le10k
8105,UNKNOWN,TRAIN,UNKNOWN_NONE_gt300k
8106,SOLVED,TRAIN,SOLVED_TRIVIAL_le100k
8107,SOLVED,TRAIN,SOLVED_NONE_le100k
8108,SOLVED,TRAIN,SOLVED_TRIVIAL_le100k
8109,SOLVED,VALIDATION,SOLVED_NONE_le100k
8110,SOLVED,TRAIN,SOLVED_TRIVIAL_le100k
8111,SOLVED,TRAIN,SOLVED_TRIVIAL_gt300k
8112,SOLVED,TRAIN,SOLVED_TRIVIAL_le100k
8113,SOLVED,TEST,SOLVED_TRIVIAL_le100k
8114,SOLVED,VALIDATION,SOLVED_TRIVIAL_le10k
8115,SOLVED,TRAIN,SOLVED_EXPERT_le100k
8116,SOLVED,TRAIN,SOLVED_TRIVIAL_le100k
8117,SOLVED,TRAIN,SOLVED_TRIVIAL_le100k
8118,SOLVED,TEST,SOLVED_TRIVIAL_le100k
8119,SOLVED,VALIDATION,SOLVED_HARD_gt300k
8120,SOLVED,TRAIN,SOLVED_TRIVIAL_le100k
8121,SOLVED,TRAIN,SOLVED_HARD_le300k
8122,SOLVED,TRAIN,SOLVED_TRIVIAL_gt300k
8123,SOLVED,TEST,SOLVED_TRIVIAL_le100k
8124,UNKNOWN,TRAIN,UNKNOWN_NONE_gt300k
8125,SOLVED,TRAIN,SOLVED_NONE_le10k
8126,UNKNOWN,TRAIN,UNKNOWN_NONE_gt300k
8127,SOLVED,TRAIN,SOLVED_TRIVIAL_le100k
8128,SOLVED,TEST,SOLVED_HARD_le100k
8129,SOLVED,TRAIN,SOLVED_NONE_le300k
8130,SOLVED,TRAIN,SOLVED_TRIVIAL_le10k
8131,PROVEN_LOST,TRAIN,PROVEN_LOST_NONE_gt300k
8132,SOLVED,TRAIN,SOLVED_TRIVIAL_gt300k
8133,UNKNOWN,VALIDATION,UNKNOWN_NONE_gt300k
8134,SOLVED,TRAIN,SOLVED_TRIVIAL_le10k
8135,SOLVED,TRAIN,SOLVED_TRIVIAL_le100k
8136,SOLVED,TRAIN,SOLVED_TRIVIAL_le100k
8137,SOLVED,TEST,SOLVED_HARD_gt300k
8138,UNKNOWN,VALIDATION,UNKNOWN_NONE_gt300k
8139,SOLVED,TRAIN,SOLVED_TRIVIAL_le10k
8140,SOLVED,TRAIN,SOLVED_TRIVIAL_gt300k
8141,SOLVED,TRAIN,SOLVED_TRIVIAL_le100k
8142,SOLVED,TEST,SOLVED_TRIVIAL_gt300k
8143,UNKNOWN,VALIDATION,UNKNOWN_NONE_gt300k
8144,SOLVED,TRAIN,SOLVED_TRIVIAL_le100k
8145,UNKNOWN,TRAIN,UNKNOWN_NONE_gt300k
8146,PROVEN_LOST,TRAIN,PROVEN_LOST_NONE_le100k
8147,SOLVED,TEST,SOLVED_TRIVIAL_le100k
8148,SOLVED,TRAIN,SOLVED_TRIVIAL_le100k
8149,SOLVED,TRAIN,SOLVED_TRIVIAL_le300k
8150,SOLVED,TRAIN,SOLVED_TRIVIAL_le100k
8151,SOLVED,TRAIN,SOLVED_TRIVIAL_le10k
8152,SOLVED,TEST,SOLVED_TRIVIAL_le100k
8153,SOLVED,TRAIN,SOLVED_TRIVIAL_gt300k
8154,SOLVED,TRAIN,SOLVED_TRIVIAL_gt300k
8155,SOLVED,TRAIN,SOLVED_TRIVIAL_le100k
8156,SOLVED,TRAIN,SOLVED_HARD_le10k
8157,SOLVED,VALIDATION,SOLVED_TRIVIAL_le100k
8158,SOLVED,TRAIN,SOLVED_TRIVIAL_le100k
8159,SOLVED,TRAIN,SOLVED_TRIVIAL_le100k
8160,SOLVED,TRAIN,SOLVED_TRIVIAL_le10k
8161,SOLVED,TEST,SOLVED_TRIVIAL_le100k
8162,SOLVED,VALIDATION,SOLVED_TRIVIAL_le300k
8163,PROVEN_LOST,TRAIN,PROVEN_LOST_NONE_gt300k
8164,SOLVED,TRAIN,SOLVED_TRIVIAL_le100k
8165,SOLVED,TRAIN,SOLVED_TRIVIAL_le100k
8166,UNKNOWN,TEST,UNKNOWN_NONE_gt300k
8167,SOLVED,VALIDATION,SOLVED_TRIVIAL_le100k
8168,SOLVED,TRAIN,SOLVED_EASY_le100k
8169,SOLVED,TRAIN,SOLVED_TRIVIAL_le300k
8170,SOLVED,TRAIN,SOLVED_NONE_le100k
8171,SOLVED,TEST,SOLVED_TRIVIAL_le10k
8172,SOLVED,VALIDATION,SOLVED_TRIVIAL_le10k
8173,SOLVED,TRAIN,SOLVED_TRIVIAL_le300k
8174,SOLVED,TRAIN,SOLVED_TRIVIAL_le300k
8175,PROVEN_LOST,TRAIN,PROVEN_LOST_NONE_gt300k
8176,SOLVED,TEST,SOLVED_TRIVIAL_le100k
8177,SOLVED,TRAIN,SOLVED_TRIVIAL_le100k
8178,SOLVED,TRAIN,SOLVED_TRIVIAL_le100k
8179,SOLVED,TRAIN,SOLVED_TRIVIAL_le100k
8180,PROVEN_LOST,TRAIN,PROVEN_LOST_NONE_le10k
8181,SOLVED,VALIDATION,SOLVED_TRIVIAL_gt300k
8182,SOLVED,TRAIN,SOLVED_TRIVIAL_le10k
8183,SOLVED,TRAIN,SOLVED_NONE_le100k
8184,SOLVED,TRAIN,SOLVED_TRIVIAL_le100k
8185,SOLVED,TEST,SOLVED_TRIVIAL_le10k
8186,SOLVED,VALIDATION,SOLVED_TRIVIAL_le300k
8187,SOLVED,TRAIN,SOLVED_HARD_le100k
8188,SOLVED,TRAIN,SOLVED_HARD_gt300k
8189,SOLVED,TRAIN,SOLVED_HARD_le100k
8190,SOLVED,TEST,SOLVED_TRIVIAL_le300k
8191,SOLVED,VALIDATION,SOLVED_EXPERT_le300k
8192,SOLVED,TRAIN,SOLVED_NONE_le100k
8193,SOLVED,TRAIN,SOLVED_TRIVIAL_le100k
8194,UNKNOWN,TRAIN,UNKNOWN_NONE_gt300k
8195,PROVEN_LOST,TEST,PROVEN_LOST_NONE_gt300k
8196,SOLVED,VALIDATION,SOLVED_TRIVIAL_le300k
8197,UNKNOWN,TRAIN,UNKNOWN_NONE_gt300k
8198,SOLVED,TRAIN,SOLVED_EXPERT_le100k
8199,SOLVED,TRAIN,SOLVED_TRIVIAL_le10k
8200,SOLVED,TEST,SOLVED_NONE_le100k
8201,SOLVED,TRAIN,SOLVED_TRIVIAL_le10k
8202,SOLVED,TRAIN,SOLVED_TRIVIAL_le100k
8203,SOLVED,TRAIN,SOLVED_TRIVIAL_le300k
8204,SOLVED,TRAIN,SOLVED_EASY_le100k
8205,SOLVED,VALIDATION,SOLVED_TRIVIAL_le300k
8206,SOLVED,TRAIN,SOLVED_HARD_le100k
8207,SOLVED,TRAIN,SOLVED_TRIVIAL_gt300k
8208,SOLVED,TRAIN,SOLVED_TRIVIAL_le100k
8209,PROVEN_LOST,TRAIN,PROVEN_LOST_NONE_gt300k
8210,SOLVED,VALIDATION,SOLVED_HARD_gt300k
8211,SOLVED,TRAIN,SOLVED_NONE_le100k
8212,SOLVED,TRAIN,SOLVED_HARD_le100k
8213,SOLVED,TRAIN,SOLVED_TRIVIAL_gt300k
8214,SOLVED,TEST,SOLVED_TRIVIAL_le100k
8215,SOLVED,VALIDATION,SOLVED_TRIVIAL_gt300k
8216,SOLVED,TRAIN,SOLVED_TRIVIAL_gt300k
8217,SOLVED,TRAIN,SOLVED_HARD_gt300k
8218,SOLVED,TRAIN,SOLVED_TRIVIAL_le10k
8219,SOLVED,TEST,SOLVED_TRIVIAL_le100k
8220,SOLVED,VALIDATION,SOLVED_HARD_le100k
8221,SOLVED,TRAIN,SOLVED_TRIVIAL_gt300k
8222,SOLVED,TRAIN,SOLVED_TRIVIAL_le10k
8223,SOLVED,TRAIN,SOLVED_NONE_le100k
8224,SOLVED,TEST,SOLVED_TRIVIAL_le300k
8225,SOLVED,TRAIN,SOLVED_TRIVIAL_le100k
8226,SOLVED,TRAIN,SOLVED_TRIVIAL_le100k
8227,UNKNOWN,TRAIN,UNKNOWN_NONE_gt300k
8228,UNKNOWN,TRAIN,UNKNOWN_NONE_gt300k
8229,SOLVED,VALIDATION,SOLVED_TRIVIAL_le100k
8230,SOLVED,TRAIN,SOLVED_TRIVIAL_le10k
8231,SOLVED,TRAIN,SOLVED_EASY_le300k
8232,SOLVED,TRAIN,SOLVED_TRIVIAL_le100k
8233,SOLVED,TRAIN,SOLVED_TRIVIAL_le100k
8234,SOLVED,VALIDATION,SOLVED_TRIVIAL_gt300k
8235,SOLVED,TRAIN,SOLVED_NONE_gt300k
8236,PROVEN_LOST,TRAIN,PROVEN_LOST_NONE_le100k
8237,UNKNOWN,TRAIN,UNKNOWN_NONE_gt300k
8238,SOLVED,TEST,SOLVED_HARD_le100k
8239,SOLVED,VALIDATION,SOLVED_HARD_le10k
8240,SOLVED,TRAIN,SOLVED_HARD_le100k
8241,SOLVED,TRAIN,SOLVED_TRIVIAL_le100k
8242,SOLVED,TRAIN,SOLVED_TRIVIAL_le100k
8243,SOLVED,TEST,SOLVED_EASY_le300k
8244,SOLVED,VALIDATION,SOLVED_TRIVIAL_le300k
8245,SOLVED,TRAIN,SOLVED_NONE_le10k
8246,SOLVED,TRAIN,SOLVED_TRIVIAL_le100k
8247,UNKNOWN,TRAIN,UNKNOWN_NONE_gt300k
8248,SOLVED,TEST,SOLVED_TRIVIAL_le10k
8249,SOLVED,TRAIN,SOLVED_NONE_le300k
8250,SOLVED,TRAIN,SOLVED_TRIVIAL_le100k
8251,SOLVED,TRAIN,SOLVED_TRIVIAL_le10k
8252,UNKNOWN,TRAIN,UNKNOWN_NONE_gt300k
8253,SOLVED,VALIDATION,SOLVED_TRIVIAL_le300k
8254,SOLVED,TRAIN,SOLVED_TRIVIAL_gt300k
8255,UNKNOWN,TRAIN,UNKNOWN_NONE_gt300k
8256,SOLVED,TRAIN,SOLVED_TRIVIAL_le100k
8257,SOLVED,TRAIN,SOLVED_TRIVIAL_le100k
8258,SOLVED,VALIDATION,SOLVED_HARD_le100k
8259,SOLVED,TRAIN,SOLVED_TRIVIAL_le100k
8260,SOLVED,TRAIN,SOLVED_TRIVIAL_gt300k
8261,SOLVED,TRAIN,SOLVED_TRIVIAL_gt300k
8262,UNKNOWN,TEST,UNKNOWN_NONE_gt300k
8263,SOLVED,VALIDATION,SOLVED_TRIVIAL_gt300k
8264,SOLVED,TRAIN,SOLVED_TRIVIAL_le10k
8265,SOLVED,TRAIN,SOLVED_TRIVIAL_le10k
8266,SOLVED,TRAIN,SOLVED_HARD_gt300k
8267,UNKNOWN,TEST,UNKNOWN_NONE_gt300k
8268,PROVEN_LOST,VALIDATION,PROVEN_LOST_NONE_gt300k
8269,SOLVED,TRAIN,SOLVED_TRIVIAL_le10k
8270,UNKNOWN,TRAIN,UNKNOWN_NONE_gt300k
8271,SOLVED,TRAIN,SOLVED_HARD_le100k
8272,UNKNOWN,TEST,UNKNOWN_NONE_gt300k
8273,SOLVED,TRAIN,SOLVED_TRIVIAL_le100k
8274,SOLVED,TRAIN,SOLVED_HARD_le100k
8275,SOLVED,TRAIN,SOLVED_TRIVIAL_le100k
8276,SOLVED,TRAIN,SOLVED_TRIVIAL_le100k
8277,SOLVED,TEST,SOLVED_TRIVIAL_gt300k
8278,UNKNOWN,TRAIN,UNKNOWN_NONE_gt300k
8279,SOLVED,TRAIN,SOLVED_EXPERT_le100k
8280,SOLVED,TRAIN,SOLVED_TRIVIAL_le100k
8281,SOLVED,TRAIN,SOLVED_TRIVIAL_le300k
8282,SOLVED,VALIDATION,SOLVED_TRIVIAL_le10k
8283,UNKNOWN,TRAIN,UNKNOWN_NONE_gt300k
8284,SOLVED,TRAIN,SOLVED_TRIVIAL_le100k
8285,SOLVED,TRAIN,SOLVED_HARD_gt300k
8286,PROVEN_LOST,TEST,PROVEN_LOST_NONE_gt300k
8287,SOLVED,VALIDATION,SOLVED_TRIVIAL_le100k
8288,SOLVED,TRAIN,SOLVED_TRIVIAL_le100k
8289,SOLVED,TRAIN,SOLVED_TRIVIAL_le10k
8290,SOLVED,TRAIN,SOLVED_TRIVIAL_le300k
8291,SOLVED,TEST,SOLVED_TRIVIAL_le300k
8292,SOLVED,VALIDATION,SOLVED_TRIVIAL_le100k
8293,SOLVED,TRAIN,SOLVED_NONE_le100k
8294,UNKNOWN,TRAIN,UNKNOWN_NONE_gt300k
8295,SOLVED,TRAIN,SOLVED_NONE_le100k
8296,UNKNOWN,TEST,UNKNOWN_NONE_gt300k
8297,SOLVED,TRAIN,SOLVED_TRIVIAL_gt300k
8298,SOLVED,TRAIN,SOLVED_NONE_le100k
8299,UNKNOWN,TRAIN,UNKNOWN_NONE_gt300k
8300,SOLVED,TRAIN,SOLVED_TRIVIAL_le100k
8301,UNKNOWN,TEST,UNKNOWN_NONE_gt300k
8302,SOLVED,TRAIN,SOLVED_TRIVIAL_le100k
8303,SOLVED,TRAIN,SOLVED_TRIVIAL_le10k
8304,SOLVED,TRAIN,SOLVED_TRIVIAL_le100k
8305,SOLVED,TRAIN,SOLVED_TRIVIAL_le100k
8306,SOLVED,VALIDATION,SOLVED_TRIVIAL_gt300k
8307,UNKNOWN,TRAIN,UNKNOWN_NONE_gt300k
8308,PROVEN_LOST,TRAIN,PROVEN_LOST_NONE_gt300k
8309,PROVEN_LOST,TRAIN,PROVEN_LOST_NONE_gt300k
8310,SOLVED,TEST,SOLVED_HARD_le100k
8311,UNKNOWN,VALIDATION,UNKNOWN_NONE_gt300k
8312,PROVEN_LOST,TRAIN,PROVEN_LOST_NONE_gt300k
8313,SOLVED,TRAIN,SOLVED_TRIVIAL_le10k
8314,UNKNOWN,TRAIN,UNKNOWN_NONE_gt300k
8315,SOLVED,TEST,SOLVED_EASY_gt300k
8316,SOLVED,VALIDATION,SOLVED_HARD_le300k
8317,SOLVED,TRAIN,SOLVED_TRIVIAL_le100k
8318,SOLVED,TRAIN,SOLVED_TRIVIAL_le300k
8319,SOLVED,TRAIN,SOLVED_NONE_le300k
8320,SOLVED,TEST,SOLVED_TRIVIAL_le10k
8321,SOLVED,TRAIN,SOLVED_EASY_gt300k
8322,SOLVED,TRAIN,SOLVED_TRIVIAL_le10k
8323,SOLVED,TRAIN,SOLVED_TRIVIAL_le100k
8324,SOLVED,TRAIN,SOLVED_TRIVIAL_le100k
8325,SOLVED,TEST,SOLVED_TRIVIAL_le100k
8326,SOLVED,TRAIN,SOLVED_NONE_le100k
8327,SOLVED,TRAIN,SOLVED_TRIVIAL_gt300k
8328,SOLVED,TRAIN,SOLVED_TRIVIAL_le100k
8329,SOLVED,TRAIN,SOLVED_TRIVIAL_le10k
8330,SOLVED,VALIDATION,SOLVED_TRIVIAL_gt300k
8331,SOLVED,TRAIN,SOLVED_TRIVIAL_le300k
8332,SOLVED,TRAIN,SOLVED_TRIVIAL_le100k
8333,SOLVED,TRAIN,SOLVED_TRIVIAL_le100k
8334,UNKNOWN,TEST,UNKNOWN_NONE_gt300k
8335,SOLVED,VALIDATION,SOLVED_NONE_le100k
8336,SOLVED,TRAIN,SOLVED_TRIVIAL_gt300k
8337,UNKNOWN,TRAIN,UNKNOWN_NONE_gt300k
8338,PROVEN_LOST,TRAIN,PROVEN_LOST_NONE_le100k
8339,SOLVED,TEST,SOLVED_NONE_le10k
8340,SOLVED,VALIDATION,SOLVED_HARD_gt300k
8341,SOLVED,TRAIN,SOLVED_TRIVIAL_le100k
8342,SOLVED,TRAIN,SOLVED_HARD_le100k
8343,SOLVED,TRAIN,SOLVED_TRIVIAL_le100k
8344,SOLVED,TEST,SOLVED_TRIVIAL_le300k
8345,SOLVED,VALIDATION,SOLVED_TRIVIAL_le100k
8346,SOLVED,TRAIN,SOLVED_NONE_gt300k
8347,SOLVED,TRAIN,SOLVED_EASY_le100k
8348,SOLVED,TRAIN,SOLVED_TRIVIAL_le100k
8349,UNKNOWN,TEST,UNKNOWN_NONE_gt300k
8350,SOLVED,TRAIN,SOLVED_TRIVIAL_gt300k
8351,SOLVED,TRAIN,SOLVED_TRIVIAL_le300k
8352,SOLVED,TRAIN,SOLVED_TRIVIAL_gt300k
8353,SOLVED,TRAIN,SOLVED_TRIVIAL_le100k
8354,SOLVED,VALIDATION,SOLVED_NONE_gt300k
8355,SOLVED,TRAIN,SOLVED_HARD_le100k
8356,UNKNOWN,TRAIN,UNKNOWN_NONE_gt300k
8357,SOLVED,TRAIN,SOLVED_HARD_le300k
8358,SOLVED,TEST,SOLVED_NONE_gt300k
8359,UNKNOWN,VALIDATION,UNKNOWN_NONE_gt300k
8360,SOLVED,TRAIN,SOLVED_TRIVIAL_le100k
8361,SOLVED,TRAIN,SOLVED_TRIVIAL_le300k
8362,UNKNOWN,TRAIN,UNKNOWN_NONE_gt300k
8363,SOLVED,TEST,SOLVED_HARD_le300k
8364,SOLVED,VALIDATION,SOLVED_NONE_le100k
8365,SOLVED,TRAIN,SOLVED_EASY_le300k
8366,SOLVED,TRAIN,SOLVED_TRIVIAL_le100k
8367,SOLVED,TRAIN,SOLVED_TRIVIAL_le100k
8368,SOLVED,TEST,SOLVED_TRIVIAL_le10k
8369,SOLVED,VALIDATION,SOLVED_TRIVIAL_le300k
8370,SOLVED,TRAIN,SOLVED_HARD_le10k
8371,SOLVED,TRAIN,SOLVED_TRIVIAL_le100k
8372,SOLVED,TRAIN,SOLVED_TRIVIAL_le100k
8373,SOLVED,TEST,SOLVED_TRIVIAL_gt300k
8374,SOLVED,TRAIN,SOLVED_TRIVIAL_le100k
8375,UNKNOWN,TRAIN,UNKNOWN_NONE_gt300k
8376,SOLVED,TRAIN,SOLVED_HARD_le10k
8377,UNKNOWN,TRAIN,UNKNOWN_NONE_gt300k
8378,SOLVED,VALIDATION,SOLVED_TRIVIAL_le100k
8379,SOLVED,TRAIN,SOLVED_TRIVIAL_le100k
8380,SOLVED,TRAIN,SOLVED_EXPERT_le100k
8381,SOLVED,TRAIN,SOLVED_TRIVIAL_gt300k
8382,SOLVED,TRAIN,SOLVED_TRIVIAL_gt300k
8383,SOLVED,VALIDATION,SOLVED_HARD_le10k
8384,UNKNOWN,TRAIN,UNKNOWN_NONE_gt300k
8385,UNKNOWN,TRAIN,UNKNOWN_NONE_gt300k
8386,SOLVED,TRAIN,SOLVED_TRIVIAL_le100k
8387,SOLVED,TEST,SOLVED_NONE_le10k
8388,SOLVED,VALIDATION,SOLVED_TRIVIAL_le10k
8389,UNKNOWN,TRAIN,UNKNOWN_NONE_gt300k
8390,SOLVED,TRAIN,SOLVED_NONE_le10k
8391,SOLVED,TRAIN,SOLVED_TRIVIAL_le100k
8392,SOLVED,TEST,SOLVED_TRIVIAL_le100k
8393,SOLVED,VALIDATION,SOLVED_TRIVIAL_le100k
8394,SOLVED,TRAIN,SOLVED_TRIVIAL_le10k
8395,SOLVED,TRAIN,SOLVED_TRIVIAL_le100k
8396,UNKNOWN,TRAIN,UNKNOWN_NONE_gt300k
8397,UNKNOWN,TEST,UNKNOWN_NONE_gt300k
8398,SOLVED,TRAIN,SOLVED_HARD_le100k
8399,SOLVED,TRAIN,SOLVED_EASY_le100k
8400,SOLVED,TRAIN,SOLVED_TRIVIAL_le10k
8401,SOLVED,TRAIN,SOLVED_TRIVIAL_le100k
8402,PROVEN_LOST,VALIDATION,PROVEN_LOST_NONE_gt300k
8403,SOLVED,TRAIN,SOLVED_TRIVIAL_le300k
8404,SOLVED,TRAIN,SOLVED_NONE_gt300k
8405,SOLVED,TRAIN,SOLVED_NONE_le100k
8406,UNKNOWN,TRAIN,UNKNOWN_NONE_gt300k
8407,SOLVED,VALIDATION,SOLVED_TRIVIAL_le100k
8408,SOLVED,TRAIN,SOLVED_TRIVIAL_gt300k
8409,SOLVED,TRAIN,SOLVED_TRIVIAL_le100k
8410,SOLVED,TRAIN,SOLVED_TRIVIAL_le300k
8411,SOLVED,TEST,SOLVED_NONE_le300k
8412,SOLVED,VALIDATION,SOLVED_NONE_le300k
8413,SOLVED,TRAIN,SOLVED_TRIVIAL_le300k
8414,SOLVED,TRAIN,SOLVED_TRIVIAL_le300k
8415,SOLVED,TRAIN,SOLVED_NONE_gt300k
8416,SOLVED,TEST,SOLVED_TRIVIAL_le100k
8417,SOLVED,VALIDATION,SOLVED_EASY_le100k
8418,SOLVED,TRAIN,SOLVED_TRIVIAL_gt300k
8419,SOLVED,TRAIN,SOLVED_EASY_le100k
8420,SOLVED,TRAIN,SOLVED_NONE_le300k
8421,UNKNOWN,TEST,UNKNOWN_NONE_gt300k
8422,SOLVED,TRAIN,SOLVED_HARD_le10k
8423,SOLVED,TRAIN,SOLVED_NONE_le10k
8424,SOLVED,TRAIN,SOLVED_TRIVIAL_le100k
8425,SOLVED,TRAIN,SOLVED_TRIVIAL_le10k
8426,SOLVED,VALIDATION,SOLVED_TRIVIAL_gt300k
8427,SOLVED,TRAIN,SOLVED_NONE_le10k
8428,UNKNOWN,TRAIN,UNKNOWN_NONE_gt300k
8429,SOLVED,TRAIN,SOLVED_TRIVIAL_gt300k
8430,UNKNOWN,TRAIN,UNKNOWN_NONE_gt300k
8431,SOLVED,VALIDATION,SOLVED_TRIVIAL_le100k
8432,UNKNOWN,TRAIN,UNKNOWN_NONE_gt300k
8433,SOLVED,TRAIN,SOLVED_TRIVIAL_gt300k
8434,SOLVED,TRAIN,SOLVED_TRIVIAL_gt300k
8435,UNKNOWN,TEST,UNKNOWN_NONE_gt300k
8436,SOLVED,VALIDATION,SOLVED_TRIVIAL_le100k
8437,UNKNOWN,TRAIN,UNKNOWN_NONE_gt300k
8438,SOLVED,TRAIN,SOLVED_TRIVIAL_gt300k
8439,SOLVED,TRAIN,SOLVED_TRIVIAL_le100k
8440,SOLVED,TEST,SOLVED_NONE_le100k
8441,SOLVED,VALIDATION,SOLVED_NONE_le300k
8442,SOLVED,TRAIN,SOLVED_TRIVIAL_le100k
8443,SOLVED,TRAIN,SOLVED_TRIVIAL_le100k
8444,SOLVED,TRAIN,SOLVED_NONE_le100k
8445,SOLVED,TEST,SOLVED_TRIVIAL_le100k
8446,SOLVED,TRAIN,SOLVED_NONE_le10k
8447,SOLVED,TRAIN,SOLVED_TRIVIAL_gt300k
8448,SOLVED,TRAIN,SOLVED_TRIVIAL_le300k
8449,SOLVED,TRAIN,SOLVED_TRIVIAL_le100k
8450,UNKNOWN,TEST,UNKNOWN_NONE_gt300k
8451,SOLVED,TRAIN,SOLVED_HARD_gt300k
8452,SOLVED,TRAIN,SOLVED_TRIVIAL_le10k
8453,SOLVED,TRAIN,SOLVED_TRIVIAL_le100k
8454,SOLVED,TRAIN,SOLVED_TRIVIAL_le100k
8455,SOLVED,VALIDATION,SOLVED_EXPERT_le100k
8456,UNKNOWN,TRAIN,UNKNOWN_NONE_gt300k
8457,SOLVED,TRAIN,SOLVED_NONE_le100k
8458,SOLVED,TRAIN,SOLVED_TRIVIAL_gt300k
8459,SOLVED,TEST,SOLVED_TRIVIAL_le100k
8460,SOLVED,VALIDATION,SOLVED_TRIVIAL_le300k
8461,SOLVED,TRAIN,SOLVED_TRIVIAL_gt300k
8462,SOLVED,TRAIN,SOLVED_TRIVIAL_le100k
8463,SOLVED,TRAIN,SOLVED_TRIVIAL_le100k
8464,SOLVED,TEST,SOLVED_NONE_le100k
8465,SOLVED,VALIDATION,SOLVED_TRIVIAL_le100k
8466,SOLVED,TRAIN,SOLVED_TRIVIAL_le100k
8467,SOLVED,TRAIN,SOLVED_EXPERT_gt300k
8468,PROVEN_LOST,TRAIN,PROVEN_LOST_NONE_gt300k
8469,SOLVED,TEST,SOLVED_TRIVIAL_le10k
8470,SOLVED,TRAIN,SOLVED_TRIVIAL_le100k
8471,UNKNOWN,TRAIN,UNKNOWN_NONE_gt300k
8472,SOLVED,TRAIN,SOLVED_TRIVIAL_le10k
8473,SOLVED,TRAIN,SOLVED_TRIVIAL_le10k
8474,SOLVED,TEST,SOLVED_HARD_le100k
8475,UNKNOWN,TRAIN,UNKNOWN_NONE_gt300k
8476,SOLVED,TRAIN,SOLVED_TRIVIAL_le10k
8477,SOLVED,TRAIN,SOLVED_HARD_gt300k
8478,UNKNOWN,TRAIN,UNKNOWN_NONE_gt300k
8479,SOLVED,VALIDATION,SOLVED_TRIVIAL_gt300k
8480,SOLVED,TRAIN,SOLVED_TRIVIAL_le10k
8481,SOLVED,TRAIN,SOLVED_EASY_le100k
8482,SOLVED,TRAIN,SOLVED_TRIVIAL_le100k
8483,SOLVED,TEST,SOLVED_TRIVIAL_le100k
8484,UNKNOWN,VALIDATION,UNKNOWN_NONE_gt300k
8485,SOLVED,TRAIN,SOLVED_NONE_le100k
8486,SOLVED,TRAIN,SOLVED_TRIVIAL_le100k
8487,SOLVED,TRAIN,SOLVED_TRIVIAL_le100k
8488,UNKNOWN,TEST,UNKNOWN_NONE_gt300k
8489,SOLVED,VALIDATION,SOLVED_TRIVIAL_le100k
8490,SOLVED,TRAIN,SOLVED_NONE_gt300k
8491,UNKNOWN,TRAIN,UNKNOWN_NONE_gt300k
8492,SOLVED,TRAIN,SOLVED_TRIVIAL_le300k
8493,SOLVED,TEST,SOLVED_TRIVIAL_le100k
8494,SOLVED,TRAIN,SOLVED_EXPERT_gt300k
8495,SOLVED,TRAIN,SOLVED_TRIVIAL_le100k
8496,SOLVED,TRAIN,SOLVED_EASY_le100k
8497,SOLVED,TRAIN,SOLVED_TRIVIAL_le10k
8498,PROVEN_LOST,TEST,PROVEN_LOST_NONE_gt300k
8499,UNKNOWN,TRAIN,UNKNOWN_NONE_gt300k
8500,SOLVED,TRAIN,SOLVED_TRIVIAL_le100k
8501,SOLVED,TRAIN,SOLVED_TRIVIAL_gt300k
8502,SOLVED,TRAIN,SOLVED_NONE_le100k
8503,SOLVED,VALIDATION,SOLVED_TRIVIAL_gt300k
8504,UNKNOWN,TRAIN,UNKNOWN_NONE_gt300k
8505,UNKNOWN,TRAIN,UNKNOWN_NONE_gt300k
8506,SOLVED,TRAIN,SOLVED_TRIVIAL_le100k
8507,SOLVED,TEST,SOLVED_TRIVIAL_le100k
8508,SOLVED,VALIDATION,SOLVED_HARD_le300k
8509,SOLVED,TRAIN,SOLVED_HARD_le100k
8510,UNKNOWN,TRAIN,UNKNOWN_NONE_gt300k
8511,UNKNOWN,TRAIN,UNKNOWN_NONE_gt300k
8512,SOLVED,TEST,SOLVED_TRIVIAL_le10k
8513,SOLVED,VALIDATION,SOLVED_NONE_le100k
8514,SOLVED,TRAIN,SOLVED_TRIVIAL_le100k
8515,SOLVED,TRAIN,SOLVED_TRIVIAL_gt300k
8516,SOLVED,TRAIN,SOLVED_TRIVIAL_le100k
8517,PROVEN_LOST,TEST,PROVEN_LOST_NONE_gt300k
8518,SOLVED,VALIDATION,SOLVED_TRIVIAL_le100k
8519,SOLVED,TRAIN,SOLVED_TRIVIAL_le100k
8520,UNKNOWN,TRAIN,UNKNOWN_NONE_gt300k
8521,SOLVED,TRAIN,SOLVED_TRIVIAL_le100k
8522,SOLVED,TEST,SOLVED_TRIVIAL_le300k
8523,UNKNOWN,TRAIN,UNKNOWN_NONE_gt300k
8524,SOLVED,TRAIN,SOLVED_HARD_le100k
8525,UNKNOWN,TRAIN,UNKNOWN_NONE_gt300k
8526,SOLVED,TRAIN,SOLVED_TRIVIAL_le100k
8527,SOLVED,VALIDATION,SOLVED_TRIVIAL_le10k
8528,SOLVED,TRAIN,SOLVED_NONE_le100k
8529,SOLVED,TRAIN,SOLVED_TRIVIAL_le10k
8530,SOLVED,TRAIN,SOLVED_TRIVIAL_le10k
8531,SOLVED,TEST,SOLVED_TRIVIAL_le100k
8532,SOLVED,VALIDATION,SOLVED_NONE_gt300k
8533,SOLVED,TRAIN,SOLVED_EXPERT_le100k
8534,SOLVED,TRAIN,SOLVED_TRIVIAL_le100k
8535,SOLVED,TRAIN,SOLVED_TRIVIAL_le300k
8536,SOLVED,TEST,SOLVED_TRIVIAL_le100k
8537,SOLVED,VALIDATION,SOLVED_TRIVIAL_le100k
8538,SOLVED,TRAIN,SOLVED_TRIVIAL_le100k
8539,SOLVED,TRAIN,SOLVED_TRIVIAL_le100k
8540,SOLVED,TRAIN,SOLVED_TRIVIAL_le100k
8541,SOLVED,TEST,SOLVED_TRIVIAL_le100k
8542,SOLVED,VALIDATION,SOLVED_TRIVIAL_gt300k
8543,SOLVED,TRAIN,SOLVED_HARD_gt300k
8544,SOLVED,TRAIN,SOLVED_TRIVIAL_le10k
8545,SOLVED,TRAIN,SOLVED_TRIVIAL_gt300k
8546,SOLVED,TEST,SOLVED_NONE_le300k
8547,SOLVED,TRAIN,SOLVED_TRIVIAL_le100k
8548,SOLVED,TRAIN,SOLVED_TRIVIAL_le100k
8549,PROVEN_LOST,TRAIN,PROVEN_LOST_NONE_le100k
8550,SOLVED,TRAIN,SOLVED_TRIVIAL_gt300k
8551,SOLVED,VALIDATION,SOLVED_TRIVIAL_le100k
8552,SOLVED,TRAIN,SOLVED_TRIVIAL_le100k
8553,SOLVED,TRAIN,SOLVED_TRIVIAL_le10k
8554,SOLVED,TRAIN,SOLVED_TRIVIAL_le10k
8555,SOLVED,TRAIN,SOLVED_NONE_le10k
8556,UNKNOWN,VALIDATION,UNKNOWN_NONE_gt300k
8557,PROVEN_LOST,TRAIN,PROVEN_LOST_NONE_le300k
8558,SOLVED,TRAIN,SOLVED_TRIVIAL_gt300k
8559,UNKNOWN,TRAIN,UNKNOWN_NONE_gt300k
8560,SOLVED,TEST,SOLVED_HARD_le100k
8561,UNKNOWN,VALIDATION,UNKNOWN_NONE_gt300k
8562,SOLVED,TRAIN,SOLVED_HARD_le100k
8563,SOLVED,TRAIN,SOLVED_TRIVIAL_le10k
8564,SOLVED,TRAIN,SOLVED_TRIVIAL_le100k
8565,SOLVED,TEST,SOLVED_TRIVIAL_gt300k
8566,SOLVED,VALIDATION,SOLVED_TRIVIAL_gt300k
8567,UNKNOWN,TRAIN,UNKNOWN_NONE_gt300k
8568,SOLVED,TRAIN,SOLVED_EASY_le100k
8569,SOLVED,TRAIN,SOLVED_TRIVIAL_le100k
8570,SOLVED,TEST,SOLVED_TRIVIAL_le100k
8571,SOLVED,TRAIN,SOLVED_TRIVIAL_le10k
8572,SOLVED,TRAIN,SOLVED_NONE_gt300k
8573,SOLVED,TRAIN,SOLVED_TRIVIAL_le10k
8574,SOLVED,TRAIN,SOLVED_NONE_le300k
8575,SOLVED,VALIDATION,SOLVED_TRIVIAL_le10k
8576,SOLVED,TRAIN,SOLVED_TRIVIAL_le10k
8577,SOLVED,TRAIN,SOLVED_TRIVIAL_le10k
8578,SOLVED,TRAIN,SOLVED_TRIVIAL_le10k
8579,SOLVED,TRAIN,SOLVED_TRIVIAL_le100k
8580,SOLVED,VALIDATION,SOLVED_TRIVIAL_le100k
8581,SOLVED,TRAIN,SOLVED_NONE_gt300k
8582,SOLVED,TRAIN,SOLVED_TRIVIAL_le10k
8583,SOLVED,TRAIN,SOLVED_HARD_le100k
8584,SOLVED,TEST,SOLVED_NONE_le10k
8585,UNKNOWN,VALIDATION,UNKNOWN_NONE_gt300k
8586,SOLVED,TRAIN,SOLVED_TRIVIAL_le10k
8587,SOLVED,TRAIN,SOLVED_EASY_le10k
8588,SOLVED,TRAIN,SOLVED_TRIVIAL_gt300k
8589,SOLVED,TEST,SOLVED_HARD_gt300k
8590,UNKNOWN,VALIDATION,UNKNOWN_NONE_gt300k
8591,SOLVED,TRAIN,SOLVED_TRIVIAL_le100k
8592,SOLVED,TRAIN,SOLVED_TRIVIAL_le100k
8593,UNKNOWN,TRAIN,UNKNOWN_NONE_gt300k
8594,SOLVED,TEST,SOLVED_TRIVIAL_le100k
8595,SOLVED,TRAIN,SOLVED_TRIVIAL_gt300k
8596,SOLVED,TRAIN,SOLVED_TRIVIAL_gt300k
8597,SOLVED,TRAIN,SOLVED_HARD_le10k
8598,UNKNOWN,TRAIN,UNKNOWN_NONE_gt300k
8599,SOLVED,VALIDATION,SOLVED_NONE_le100k
8600,SOLVED,TRAIN,SOLVED_TRIVIAL_le10k
8601,SOLVED,TRAIN,SOLVED_TRIVIAL_le100k
8602,UNKNOWN,TRAIN,UNKNOWN_NONE_gt300k
8603,SOLVED,TRAIN,SOLVED_TRIVIAL_le10k
8604,SOLVED,VALIDATION,SOLVED_TRIVIAL_le100k
8605,SOLVED,TRAIN,SOLVED_EXPERT_gt300k
8606,UNKNOWN,TRAIN,UNKNOWN_NONE_gt300k
8607,SOLVED,TRAIN,SOLVED_HARD_gt300k
8608,SOLVED,TEST,SOLVED_TRIVIAL_le300k
8609,UNKNOWN,VALIDATION,UNKNOWN_NONE_gt300k
8610,SOLVED,TRAIN,SOLVED_HARD_le300k
8611,SOLVED,TRAIN,SOLVED_HARD_le300k
8612,SOLVED,TRAIN,SOLVED_TRIVIAL_le100k
8613,PROVEN_LOST,TEST,PROVEN_LOST_NONE_gt300k
8614,SOLVED,VALIDATION,SOLVED_HARD_le100k
8615,SOLVED,TRAIN,SOLVED_TRIVIAL_le100k
8616,SOLVED,TRAIN,SOLVED_NONE_le100k
8617,SOLVED,TRAIN,SOLVED_HARD_le100k
8618,SOLVED,TEST,SOLVED_TRIVIAL_le10k
8619,SOLVED,TRAIN,SOLVED_TRIVIAL_le100k
8620,SOLVED,TRAIN,SOLVED_HARD_le100k
8621,SOLVED,TRAIN,SOLVED_TRIVIAL_le100k
8622,UNKNOWN,TRAIN,UNKNOWN_NONE_gt300k
8623,SOLVED,TEST,SOLVED_TRIVIAL_le10k
8624,SOLVED,TRAIN,SOLVED_HARD_le100k
8625,SOLVED,TRAIN,SOLVED_TRIVIAL_le300k
8626,SOLVED,TRAIN,SOLVED_TRIVIAL_le100k
8627,UNKNOWN,TRAIN,UNKNOWN_NONE_gt300k
8628,SOLVED,VALIDATION,SOLVED_TRIVIAL_le10k
8629,SOLVED,TRAIN,SOLVED_TRIVIAL_gt300k
8630,UNKNOWN,TRAIN,UNKNOWN_NONE_gt300k
8631,SOLVED,TRAIN,SOLVED_NONE_le300k
8632,SOLVED,TEST,SOLVED_TRIVIAL_gt300k
8633,SOLVED,VALIDATION,SOLVED_TRIVIAL_le300k
8634,SOLVED,TRAIN,SOLVED_TRIVIAL_le100k
8635,SOLVED,TRAIN,SOLVED_TRIVIAL_le100k
8636,SOLVED,TRAIN,SOLVED_TRIVIAL_gt300k
8637,SOLVED,TEST,SOLVED_TRIVIAL_le100k
8638,UNKNOWN,VALIDATION,UNKNOWN_NONE_gt300k
8639,SOLVED,TRAIN,SOLVED_EXPERT_gt300k
8640,SOLVED,TRAIN,SOLVED_NONE_le100k
8641,SOLVED,TRAIN,SOLVED_HARD_le10k
8642,SOLVED,TEST,SOLVED_EASY_le100k
8643,SOLVED,TRAIN,SOLVED_NONE_le100k
8644,SOLVED,TRAIN,SOLVED_HARD_gt300k
8645,SOLVED,TRAIN,SOLVED_HARD_le100k
8646,SOLVED,TRAIN,SOLVED_TRIVIAL_le100k
8647,SOLVED,TEST,SOLVED_TRIVIAL_le100k
8648,SOLVED,TRAIN,SOLVED_TRIVIAL_le300k
8649,SOLVED,TRAIN,SOLVED_NONE_le100k
8650,SOLVED,TRAIN,SOLVED_TRIVIAL_le100k
8651,SOLVED,TRAIN,SOLVED_TRIVIAL_gt300k
8652,SOLVED,VALIDATION,SOLVED_TRIVIAL_le10k
8653,SOLVED,TRAIN,SOLVED_TRIVIAL_le100k
8654,SOLVED,TRAIN,SOLVED_TRIVIAL_le100k
8655,SOLVED,TRAIN,SOLVED_HARD_le100k
8656,UNKNOWN,TEST,UNKNOWN_NONE_gt300k
8657,UNKNOWN,VALIDATION,UNKNOWN_NONE_gt300k
8658,SOLVED,TRAIN,SOLVED_TRIVIAL_le10k
8659,SOLVED,TRAIN,SOLVED_TRIVIAL_le100k
8660,SOLVED,TRAIN,SOLVED_TRIVIAL_le300k
8661,UNKNOWN,TEST,UNKNOWN_NONE_gt300k
8662,SOLVED,VALIDATION,SOLVED_TRIVIAL_le100k
8663,SOLVED,TRAIN,SOLVED_HARD_le100k
8664,SOLVED,TRAIN,SOLVED_NONE_le100k
8665,UNKNOWN,TRAIN,UNKNOWN_NONE_gt300k
8666,SOLVED,TEST,SOLVED_TRIVIAL_le10k
8667,SOLVED,TRAIN,SOLVED_TRIVIAL_le10k
8668,SOLVED,TRAIN,SOLVED_HARD_gt300k
8669,SOLVED,TRAIN,SOLVED_TRIVIAL_le100k
8670,SOLVED,TRAIN,SOLVED_EXPERT_le100k
8671,SOLVED,TEST,SOLVED_HARD_le10k
8672,SOLVED,TRAIN,SOLVED_HARD_le100k
8673,SOLVED,TRAIN,SOLVED_TRIVIAL_le100k
8674,SOLVED,TRAIN,SOLVED_TRIVIAL_le100k
8675,UNKNOWN,TRAIN,UNKNOWN_NONE_gt300k
8676,SOLVED,VALIDATION,SOLVED_TRIVIAL_le100k
8677,SOLVED,TRAIN,SOLVED_TRIVIAL_le100k
8678,SOLVED,TRAIN,SOLVED_TRIVIAL_le10k
8679,SOLVED,TRAIN,SOLVED_NONE_le100k
8680,SOLVED,TEST,SOLVED_TRIVIAL_le100k
8681,SOLVED,VALIDATION,SOLVED_TRIVIAL_le10k
8682,UNKNOWN,TRAIN,UNKNOWN_NONE_gt300k
8683,SOLVED,TRAIN,SOLVED_TRIVIAL_le100k
8684,SOLVED,TRAIN,SOLVED_TRIVIAL_le100k
8685,UNKNOWN,TEST,UNKNOWN_NONE_gt300k
8686,SOLVED,VALIDATION,SOLVED_TRIVIAL_gt300k
8687,SOLVED,TRAIN,SOLVED_NONE_le100k
8688,SOLVED,TRAIN,SOLVED_NONE_le100k
8689,SOLVED,TRAIN,SOLVED_TRIVIAL_le300k
8690,SOLVED,TEST,SOLVED_EASY_le300k
8691,SOLVED,VALIDATION,SOLVED_TRIVIAL_gt300k
8692,SOLVED,TRAIN,SOLVED_TRIVIAL_le300k
8693,SOLVED,TRAIN,SOLVED_TRIVIAL_le100k
8694,SOLVED,TRAIN,SOLVED_EASY_le100k
8695,SOLVED,TEST,SOLVED_TRIVIAL_le10k
8696,SOLVED,TRAIN,SOLVED_TRIVIAL_gt300k
8697,SOLVED,TRAIN,SOLVED_TRIVIAL_le100k
8698,UNKNOWN,TRAIN,UNKNOWN_NONE_gt300k
8699,SOLVED,TRAIN,SOLVED_TRIVIAL_le10k
8700,UNKNOWN,VALIDATION,UNKNOWN_NONE_gt300k
8701,SOLVED,TRAIN,SOLVED_TRIVIAL_le100k
8702,SOLVED,TRAIN,SOLVED_TRIVIAL_le100k
8703,SOLVED,TRAIN,SOLVED_EASY_le100k
8704,SOLVED,TEST,SOLVED_TRIVIAL_gt300k
8705,PROVEN_LOST,VALIDATION,PROVEN_LOST_NONE_gt300k
8706,SOLVED,TRAIN,SOLVED_TRIVIAL_le100k
8707,SOLVED,TRAIN,SOLVED_TRIVIAL_le100k
8708,PROVEN_LOST,TRAIN,PROVEN_LOST_NONE_gt300k
8709,SOLVED,TEST,SOLVED_TRIVIAL_gt300k
8710,SOLVED,VALIDATION,SOLVED_NONE_le300k
8711,SOLVED,TRAIN,SOLVED_HARD_le100k
8712,SOLVED,TRAIN,SOLVED_TRIVIAL_le300k
8713,SOLVED,TRAIN,SOLVED_TRIVIAL_le100k
8714,SOLVED,TEST,SOLVED_NONE_le100k
8715,UNKNOWN,VALIDATION,UNKNOWN_NONE_gt300k
8716,UNKNOWN,TRAIN,UNKNOWN_NONE_gt300k
8717,SOLVED,TRAIN,SOLVED_NONE_gt300k
8718,SOLVED,TRAIN,SOLVED_TRIVIAL_le100k
8719,SOLVED,TEST,SOLVED_NONE_le10k
8720,SOLVED,TRAIN,SOLVED_NONE_le300k
8721,UNKNOWN,TRAIN,UNKNOWN_NONE_gt300k
8722,SOLVED,TRAIN,SOLVED_TRIVIAL_le10k
8723,SOLVED,TRAIN,SOLVED_TRIVIAL_gt300k
8724,SOLVED,VALIDATION,SOLVED_NONE_le100k
8725,SOLVED,TRAIN,SOLVED_TRIVIAL_le100k
8726,SOLVED,TRAIN,SOLVED_TRIVIAL_le100k
8727,UNKNOWN,TRAIN,UNKNOWN_NONE_gt300k
8728,SOLVED,TRAIN,SOLVED_TRIVIAL_le100k
8729,SOLVED,VALIDATION,SOLVED_TRIVIAL_le100k
8730,SOLVED,TRAIN,SOLVED_TRIVIAL_le100k
8731,SOLVED,TRAIN,SOLVED_NONE_le100k
8732,UNKNOWN,TRAIN,UNKNOWN_NONE_gt300k
8733,SOLVED,TEST,SOLVED_HARD_le100k
8734,SOLVED,VALIDATION,SOLVED_NONE_gt300k
8735,UNKNOWN,TRAIN,UNKNOWN_NONE_gt300k
8736,UNKNOWN,TRAIN,UNKNOWN_NONE_gt300k
8737,SOLVED,TRAIN,SOLVED_TRIVIAL_le100k
8738,UNKNOWN,TEST,UNKNOWN_NONE_gt300k
8739,PROVEN_LOST,VALIDATION,PROVEN_LOST_NONE_gt300k
8740,SOLVED,TRAIN,SOLVED_HARD_le100k
8741,SOLVED,TRAIN,SOLVED_TRIVIAL_le10k
8742,UNKNOWN,TRAIN,UNKNOWN_NONE_gt300k
8743,SOLVED,TEST,SOLVED_TRIVIAL_le100k
8744,SOLVED,TRAIN,SOLVED_NONE_le10k
8745,SOLVED,TRAIN,SOLVED_HARD_gt300k
8746,SOLVED,TRAIN,SOLVED_HARD_le100k
8747,UNKNOWN,TRAIN,UNKNOWN_NONE_gt300k
8748,SOLVED,VALIDATION,SOLVED_TRIVIAL_le100k
8749,UNKNOWN,TRAIN,UNKNOWN_NONE_gt300k
8750,SOLVED,TRAIN,SOLVED_HARD_le300k
8751,SOLVED,TRAIN,SOLVED_TRIVIAL_le300k
8752,SOLVED,TRAIN,SOLVED_NONE_le100k
8753,SOLVED,VALIDATION,SOLVED_TRIVIAL_le100k
8754,SOLVED,TRAIN,SOLVED_TRIVIAL_le300k
8755,SOLVED,TRAIN,SOLVED_HARD_le100k
8756,UNKNOWN,TRAIN,UNKNOWN_NONE_gt300k
8757,UNKNOWN,TEST,UNKNOWN_NONE_gt300k
8758,SOLVED,VALIDATION,SOLVED_TRIVIAL_le10k
8759,SOLVED,TRAIN,SOLVED_TRIVIAL_le10k
8760,SOLVED,TRAIN,SOLVED_HARD_le100k
8761,SOLVED,TRAIN,SOLVED_TRIVIAL_le100k
8762,SOLVED,TEST,SOLVED_TRIVIAL_gt300k
8763,SOLVED,VALIDATION,SOLVED_TRIVIAL_le100k
8764,UNKNOWN,TRAIN,UNKNOWN_NONE_gt300k
8765,SOLVED,TRAIN,SOLVED_HARD_le10k
8766,SOLVED,TRAIN,SOLVED_TRIVIAL_le300k
8767,SOLVED,TEST,SOLVED_NONE_le100k
8768,SOLVED,TRAIN,SOLVED_TRIVIAL_le100k
8769,SOLVED,TRAIN,SOLVED_TRIVIAL_gt300k
8770,SOLVED,TRAIN,SOLVED_TRIVIAL_le10k
8771,SOLVED,TRAIN,SOLVED_TRIVIAL_le100k
8772,SOLVED,VALIDATION,SOLVED_TRIVIAL_le10k
8773,SOLVED,TRAIN,SOLVED_TRIVIAL_le300k
8774,UNKNOWN,TRAIN,UNKNOWN_NONE_gt300k
8775,SOLVED,TRAIN,SOLVED_TRIVIAL_gt300k
8776,SOLVED,TRAIN,SOLVED_NONE_le300k
8777,UNKNOWN,VALIDATION,UNKNOWN_NONE_gt300k
8778,SOLVED,TRAIN,SOLVED_TRIVIAL_le10k
8779,SOLVED,TRAIN,SOLVED_TRIVIAL_gt300k
8780,SOLVED,TRAIN,SOLVED_TRIVIAL_le100k
8781,SOLVED,TEST,SOLVED_TRIVIAL_le100k
8782,SOLVED,VALIDATION,SOLVED_HARD_gt300k
8783,UNKNOWN,TRAIN,UNKNOWN_NONE_gt300k
8784,SOLVED,TRAIN,SOLVED_EXPERT_le100k
8785,UNKNOWN,TRAIN,UNKNOWN_NONE_gt300k
8786,SOLVED,TEST,SOLVED_EASY_gt300k
8787,SOLVED,VALIDATION,SOLVED_TRIVIAL_le100k
8788,SOLVED,TRAIN,SOLVED_EASY_le300k
8789,SOLVED,TRAIN,SOLVED_TRIVIAL_le300k
8790,SOLVED,TRAIN,SOLVED_TRIVIAL_le100k
8791,SOLVED,TEST,SOLVED_HARD_gt300k
8792,UNKNOWN,TRAIN,UNKNOWN_NONE_gt300k
8793,SOLVED,TRAIN,SOLVED_TRIVIAL_le300k
8794,SOLVED,TRAIN,SOLVED_EASY_gt300k
8795,PROVEN_LOST,TRAIN,PROVEN_LOST_NONE_gt300k
8796,UNKNOWN,TEST,UNKNOWN_NONE_gt300k
8797,SOLVED,TRAIN,SOLVED_TRIVIAL_le100k
8798,SOLVED,TRAIN,SOLVED_TRIVIAL_le100k
8799,SOLVED,TRAIN,SOLVED_TRIVIAL_le100k
8800,UNKNOWN,TRAIN,UNKNOWN_NONE_gt300k
8801,SOLVED,VALIDATION,SOLVED_TRIVIAL_le100k
8802,SOLVED,TRAIN,SOLVED_TRIVIAL_le10k
8803,SOLVED,TRAIN,SOLVED_TRIVIAL_le300k
8804,SOLVED,TRAIN,SOLVED_NONE_gt300k
8805,SOLVED,TEST,SOLVED_NONE_le300k
8806,SOLVED,VALIDATION,SOLVED_TRIVIAL_gt300k
8807,SOLVED,TRAIN,SOLVED_TRIVIAL_gt300k
8808,PROVEN_LOST,TRAIN,PROVEN_LOST_NONE_gt300k
8809,SOLVED,TRAIN,SOLVED_TRIVIAL_le100k
8810,SOLVED,TEST,SOLVED_NONE_le300k
8811,SOLVED,VALIDATION,SOLVED_TRIVIAL_le300k
8812,SOLVED,TRAIN,SOLVED_NONE_le300k
8813,SOLVED,TRAIN,SOLVED_HARD_gt300k
8814,SOLVED,TRAIN,SOLVED_TRIVIAL_le10k
8815,SOLVED,TEST,SOLVED_NONE_le10k
8816,SOLVED,TRAIN,SOLVED_TRIVIAL_le100k
8817,SOLVED,TRAIN,SOLVED_EASY_le10k
8818,SOLVED,TRAIN,SOLVED_TRIVIAL_le300k
8819,SOLVED,TRAIN,SOLVED_TRIVIAL_gt300k
8820,UNKNOWN,TEST,UNKNOWN_NONE_gt300k
8821,SOLVED,TRAIN,SOLVED_TRIVIAL_le100k
8822,SOLVED,TRAIN,SOLVED_TRIVIAL_le100k
8823,SOLVED,TRAIN,SOLVED_TRIVIAL_le300k
8824,SOLVED,TRAIN,SOLVED_TRIVIAL_le10k
8825,SOLVED,VALIDATION,SOLVED_NONE_le100k
8826,SOLVED,TRAIN,SOLVED_TRIVIAL_le100k
8827,SOLVED,TRAIN,SOLVED_NONE_le10k
8828,SOLVED,TRAIN,SOLVED_EASY_le10k
8829,SOLVED,TEST,SOLVED_HARD_gt300k
8830,SOLVED,VALIDATION,SOLVED_NONE_gt300k
8831,SOLVED,TRAIN,SOLVED_NONE_le100k
8832,SOLVED,TRAIN,SOLVED_TRIVIAL_gt300k
8833,SOLVED,TRAIN,SOLVED_HARD_le300k
8834,SOLVED,TEST,SOLVED_TRIVIAL_le100k
8835,SOLVED,VALIDATION,SOLVED_TRIVIAL_le100k
8836,SOLVED,TRAIN,SOLVED_TRIVIAL_le100k
8837,SOLVED,TRAIN,SOLVED_NONE_le10k
8838,SOLVED,TRAIN,SOLVED_TRIVIAL_le100k
8839,SOLVED,TEST,SOLVED_TRIVIAL_le10k
8840,SOLVED,TRAIN,SOLVED_EASY_le10k
8841,SOLVED,TRAIN,SOLVED_NONE_le100k
8842,UNKNOWN,TRAIN,UNKNOWN_NONE_gt300k
8843,SOLVED,TRAIN,SOLVED_HARD_le10k
8844,SOLVED,TEST,SOLVED_NONE_gt300k
8845,SOLVED,TRAIN,SOLVED_TRIVIAL_gt300k
8846,SOLVED,TRAIN,SOLVED_EASY_le100k
8847,SOLVED,TRAIN,SOLVED_NONE_le300k
8848,SOLVED,TRAIN,SOLVED_TRIVIAL_le100k
8849,SOLVED,VALIDATION,SOLVED_HARD_le300k
8850,SOLVED,TRAIN,SOLVED_TRIVIAL_gt300k
8851,UNKNOWN,TRAIN,UNKNOWN_NONE_gt300k
8852,SOLVED,TRAIN,SOLVED_TRIVIAL_gt300k
8853,SOLVED,TEST,SOLVED_TRIVIAL_le300k
8854,SOLVED,VALIDATION,SOLVED_NONE_le300k
8855,SOLVED,TRAIN,SOLVED_TRIVIAL_le100k
8856,SOLVED,TRAIN,SOLVED_TRIVIAL_le100k
8857,UNKNOWN,TRAIN,UNKNOWN_NONE_gt300k
8858,SOLVED,TEST,SOLVED_TRIVIAL_le300k
8859,SOLVED,VALIDATION,SOLVED_TRIVIAL_le100k
8860,UNKNOWN,TRAIN,UNKNOWN_NONE_gt300k
8861,SOLVED,TRAIN,SOLVED_TRIVIAL_gt300k
8862,SOLVED,TRAIN,SOLVED_HARD_le100k
8863,SOLVED,TEST,SOLVED_TRIVIAL_gt300k
8864,SOLVED,VALIDATION,SOLVED_TRIVIAL_le100k
8865,SOLVED,TRAIN,SOLVED_NONE_le10k
8866,SOLVED,TRAIN,SOLVED_NONE_le100k
8867,SOLVED,TRAIN,SOLVED_TRIVIAL_le100k
8868,SOLVED,TEST,SOLVED_TRIVIAL_le100k
8869,SOLVED,TRAIN,SOLVED_NONE_le10k
8870,SOLVED,TRAIN,SOLVED_TRIVIAL_le100k
8871,SOLVED,TRAIN,SOLVED_TRIVIAL_le100k
8872,SOLVED,TRAIN,SOLVED_TRIVIAL_le100k
8873,SOLVED,VALIDATION,SOLVED_TRIVIAL_le100k
8874,SOLVED,TRAIN,SOLVED_TRIVIAL_le10k
8875,SOLVED,TRAIN,SOLVED_TRIVIAL_le100k
8876,SOLVED,TRAIN,SOLVED_TRIVIAL_le100k
8877,SOLVED,TEST,SOLVED_TRIVIAL_gt300k
8878,SOLVED,VALIDATION,SOLVED_TRIVIAL_le100k
8879,SOLVED,TRAIN,SOLVED_TRIVIAL_le100k
8880,SOLVED,TRAIN,SOLVED_TRIVIAL_le10k
8881,UNKNOWN,TRAIN,UNKNOWN_NONE_gt300k
8882,SOLVED,TEST,SOLVED_TRIVIAL_le10k
8883,UNKNOWN,VALIDATION,UNKNOWN_NONE_gt300k
8884,SOLVED,TRAIN,SOLVED_TRIVIAL_gt300k
8885,SOLVED,TRAIN,SOLVED_HARD_le100k
8886,SOLVED,TRAIN,SOLVED_HARD_gt300k
8887,UNKNOWN,TEST,UNKNOWN_NONE_gt300k
8888,SOLVED,VALIDATION,SOLVED_TRIVIAL_gt300k
8889,SOLVED,TRAIN,SOLVED_NONE_le100k
8890,SOLVED,TRAIN,SOLVED_HARD_le100k
8891,UNKNOWN,TRAIN,UNKNOWN_NONE_gt300k
8892,SOLVED,TEST,SOLVED_TRIVIAL_le100k
8893,SOLVED,TRAIN,SOLVED_TRIVIAL_le10k
8894,SOLVED,TRAIN,SOLVED_HARD_le10k
8895,SOLVED,TRAIN,SOLVED_TRIVIAL_gt300k
8896,SOLVED,TRAIN,SOLVED_TRIVIAL_le100k
8897,SOLVED,VALIDATION,SOLVED_TRIVIAL_gt300k
8898,SOLVED,TRAIN,SOLVED_TRIVIAL_gt300k
8899,UNKNOWN,TRAIN,UNKNOWN_NONE_gt300k
8900,SOLVED,TRAIN,SOLVED_NONE_le100k
8901,SOLVED,TRAIN,SOLVED_TRIVIAL_le100k
8902,SOLVED,VALIDATION,SOLVED_HARD_le100k
8903,UNKNOWN,TRAIN,UNKNOWN_NONE_gt300k
8904,UNKNOWN,TRAIN,UNKNOWN_NONE_gt300k
8905,SOLVED,TRAIN,SOLVED_TRIVIAL_le100k
8906,SOLVED,TEST,SOLVED_TRIVIAL_le10k
8907,SOLVED,VALIDATION,SOLVED_TRIVIAL_le300k
8908,SOLVED,TRAIN,SOLVED_HARD_le10k
8909,SOLVED,TRAIN,SOLVED_EASY_le100k
8910,SOLVED,TRAIN,SOLVED_TRIVIAL_gt300k
8911,SOLVED,TEST,SOLVED_HARD_le100k
8912,UNKNOWN,VALIDATION,UNKNOWN_NONE_gt300k
8913,SOLVED,TRAIN,SOLVED_NONE_le100k
8914,SOLVED,TRAIN,SOLVED_HARD_gt300k
8915,SOLVED,TRAIN,SOLVED_TRIVIAL_le10k
8916,UNKNOWN,TEST,UNKNOWN_NONE_gt300k
8917,SOLVED,TRAIN,SOLVED_NONE_le100k
8918,SOLVED,TRAIN,SOLVED_TRIVIAL_gt300k
8919,UNKNOWN,TRAIN,UNKNOWN_NONE_gt300k
8920,SOLVED,TRAIN,SOLVED_TRIVIAL_le100k
8921,SOLVED,VALIDATION,SOLVED_HARD_le100k
8922,SOLVED,TRAIN,SOLVED_TRIVIAL_le100k
8923,SOLVED,TRAIN,SOLVED_TRIVIAL_le100k
8924,UNKNOWN,TRAIN,UNKNOWN_NONE_gt300k
8925,SOLVED,TRAIN,SOLVED_NONE_le300k
8926,SOLVED,VALIDATION,SOLVED_NONE_le10k
8927,UNKNOWN,TRAIN,UNKNOWN_NONE_gt300k
8928,SOLVED,TRAIN,SOLVED_TRIVIAL_le10k
8929,UNKNOWN,TRAIN,UNKNOWN_NONE_gt300k
8930,SOLVED,TEST,SOLVED_EXPERT_le10k
8931,SOLVED,VALIDATION,SOLVED_TRIVIAL_le100k
8932,SOLVED,TRAIN,SOLVED_TRIVIAL_le100k
8933,SOLVED,TRAIN,SOLVED_TRIVIAL_le100k
8934,SOLVED,TRAIN,SOLVED_EXPERT_gt300k
8935,SOLVED,TEST,SOLVED_TRIVIAL_gt300k
8936,UNKNOWN,VALIDATION,UNKNOWN_NONE_gt300k
8937,SOLVED,TRAIN,SOLVED_TRIVIAL_gt300k
8938,SOLVED,TRAIN,SOLVED_TRIVIAL_le100k
8939,SOLVED,TRAIN,SOLVED_NONE_gt300k
8940,SOLVED,TEST,SOLVED_TRIVIAL_le100k
8941,UNKNOWN,TRAIN,UNKNOWN_NONE_gt300k
8942,PROVEN_LOST,TRAIN,PROVEN_LOST_NONE_gt300k
8943,SOLVED,TRAIN,SOLVED_HARD_le100k
8944,SOLVED,TRAIN,SOLVED_HARD_gt300k
8945,SOLVED,VALIDATION,SOLVED_EASY_le10k
8946,UNKNOWN,TRAIN,UNKNOWN_NONE_gt300k
8947,SOLVED,TRAIN,SOLVED_TRIVIAL_le100k
8948,SOLVED,TRAIN,SOLVED_NONE_gt300k
8949,SOLVED,TRAIN,SOLVED_TRIVIAL_gt300k
8950,SOLVED,VALIDATION,SOLVED_TRIVIAL_le100k
8951,SOLVED,TRAIN,SOLVED_EASY_le300k
8952,SOLVED,TRAIN,SOLVED_EASY_le10k
8953,SOLVED,TRAIN,SOLVED_TRIVIAL_le300k
8954,SOLVED,TEST,SOLVED_EASY_gt300k
8955,SOLVED,VALIDATION,SOLVED_TRIVIAL_le300k
8956,UNKNOWN,TRAIN,UNKNOWN_NONE_gt300k
8957,UNKNOWN,TRAIN,UNKNOWN_NONE_gt300k
8958,SOLVED,TRAIN,SOLVED_NONE_le100k
8959,SOLVED,TEST,SOLVED_TRIVIAL_le100k
8960,SOLVED,VALIDATION,SOLVED_NONE_le300k
8961,SOLVED,TRAIN,SOLVED_TRIVIAL_gt300k
8962,SOLVED,TRAIN,SOLVED_TRIVIAL_le300k
8963,SOLVED,TRAIN,SOLVED_HARD_le100k
8964,SOLVED,TEST,SOLVED_TRIVIAL_le100k
8965,SOLVED,TRAIN,SOLVED_TRIVIAL_le100k
8966,SOLVED,TRAIN,SOLVED_TRIVIAL_le100k
8967,UNKNOWN,TRAIN,UNKNOWN_NONE_gt300k
8968,SOLVED,TRAIN,SOLVED_TRIVIAL_gt300k
8969,SOLVED,VALIDATION,SOLVED_TRIVIAL_le100k
8970,SOLVED,TRAIN,SOLVED_TRIVIAL_le100k
8971,SOLVED,TRAIN,SOLVED_TRIVIAL_gt300k
8972,UNKNOWN,TRAIN,UNKNOWN_NONE_gt300k
8973,UNKNOWN,TRAIN,UNKNOWN_NONE_gt300k
8974,SOLVED,VALIDATION,SOLVED_NONE_le100k
8975,SOLVED,TRAIN,SOLVED_HARD_le100k
8976,SOLVED,TRAIN,SOLVED_TRIVIAL_le100k
8977,SOLVED,TRAIN,SOLVED_TRIVIAL_gt300k
8978,SOLVED,TEST,SOLVED_TRIVIAL_gt300k
8979,SOLVED,VALIDATION,SOLVED_TRIVIAL_le100k
8980,SOLVED,TRAIN,SOLVED_NONE_le100k
8981,SOLVED,TRAIN,SOLVED_NONE_le10k
8982,UNKNOWN,TRAIN,UNKNOWN_NONE_gt300k
8983,SOLVED,TEST,SOLVED_NONE_le100k
8984,SOLVED,VALIDATION,SOLVED_TRIVIAL_gt300k
8985,SOLVED,TRAIN,SOLVED_TRIVIAL_le100k
8986,UNKNOWN,TRAIN,UNKNOWN_NONE_gt300k
8987,SOLVED,TRAIN,SOLVED_NONE_gt300k
8988,PROVEN_LOST,TEST,PROVEN_LOST_NONE_gt300k
8989,SOLVED,TRAIN,SOLVED_NONE_gt300k
8990,UNKNOWN,TRAIN,UNKNOWN_NONE_gt300k
8991,SOLVED,TRAIN,SOLVED_TRIVIAL_le100k
8992,SOLVED,TRAIN,SOLVED_TRIVIAL_le300k
8993,SOLVED,TEST,SOLVED_TRIVIAL_le100k
8994,SOLVED,TRAIN,SOLVED_HARD_le100k
8995,SOLVED,TRAIN,SOLVED_EASY_le100k
8996,SOLVED,TRAIN,SOLVED_NONE_le100k
8997,SOLVED,TRAIN,SOLVED_TRIVIAL_le100k
8998,SOLVED,VALIDATION,SOLVED_TRIVIAL_le100k
8999,UNKNOWN,TRAIN,UNKNOWN_NONE_gt300k
9000,SOLVED,TRAIN,SOLVED_TRIVIAL_le10k
9001,SOLVED,TRAIN,SOLVED_TRIVIAL_le100k
9002,UNKNOWN,TEST,UNKNOWN_NONE_gt300k
9003,SOLVED,VALIDATION,SOLVED_TRIVIAL_le100k
9004,SOLVED,TRAIN,SOLVED_NONE_le10k
9005,SOLVED,TRAIN,SOLVED_TRIVIAL_le100k
9006,UNKNOWN,TRAIN,UNKNOWN_NONE_gt300k
9007,SOLVED,TEST,SOLVED_TRIVIAL_le100k
9008,UNKNOWN,VALIDATION,UNKNOWN_NONE_gt300k
9009,UNKNOWN,TRAIN,UNKNOWN_NONE_gt300k
9010,SOLVED,TRAIN,SOLVED_TRIVIAL_le100k
9011,SOLVED,TRAIN,SOLVED_TRIVIAL_gt300k
9012,UNKNOWN,TEST,UNKNOWN_NONE_gt300k
9013,SOLVED,TRAIN,SOLVED_TRIVIAL_le100k
9014,SOLVED,TRAIN,SOLVED_TRIVIAL_le100k
9015,SOLVED,TRAIN,SOLVED_TRIVIAL_gt300k
9016,SOLVED,TRAIN,SOLVED_HARD_gt300k
9017,SOLVED,TEST,SOLVED_TRIVIAL_le100k
9018,SOLVED,TRAIN,SOLVED_TRIVIAL_le10k
9019,SOLVED,TRAIN,SOLVED_NONE_le100k
9020,SOLVED,TRAIN,SOLVED_TRIVIAL_le300k
9021,SOLVED,TRAIN,SOLVED_TRIVIAL_le100k
9022,SOLVED,VALIDATION,SOLVED_TRIVIAL_le10k
9023,SOLVED,TRAIN,SOLVED_TRIVIAL_gt300k
9024,PROVEN_LOST,TRAIN,PROVEN_LOST_NONE_le100k
9025,SOLVED,TRAIN,SOLVED_TRIVIAL_le300k
9026,SOLVED,TEST,SOLVED_TRIVIAL_le100k
9027,SOLVED,VALIDATION,SOLVED_TRIVIAL_gt300k
9028,SOLVED,TRAIN,SOLVED_TRIVIAL_le100k
9029,PROVEN_LOST,TRAIN,PROVEN_LOST_NONE_gt300k
9030,SOLVED,TRAIN,SOLVED_TRIVIAL_le100k
9031,UNKNOWN,TEST,UNKNOWN_NONE_gt300k
9032,SOLVED,VALIDATION,SOLVED_NONE_le100k
9033,UNKNOWN,TRAIN,UNKNOWN_NONE_gt300k
9034,SOLVED,TRAIN,SOLVED_TRIVIAL_le100k
9035,SOLVED,TRAIN,SOLVED_TRIVIAL_le10k
9036,SOLVED,TEST,SOLVED_TRIVIAL_le300k
9037,SOLVED,TRAIN,SOLVED_TRIVIAL_gt300k
9038,UNKNOWN,TRAIN,UNKNOWN_NONE_gt300k
9039,SOLVED,TRAIN,SOLVED_TRIVIAL_le300k
9040,SOLVED,TRAIN,SOLVED_TRIVIAL_gt300k
9041,SOLVED,TEST,SOLVED_NONE_gt300k
9042,SOLVED,TRAIN,SOLVED_TRIVIAL_le100k
9043,SOLVED,TRAIN,SOLVED_TRIVIAL_le100k
9044,SOLVED,TRAIN,SOLVED_TRIVIAL_gt300k
9045,PROVEN_LOST,TRAIN,PROVEN_LOST_NONE_gt300k
9046,SOLVED,VALIDATION,SOLVED_TRIVIAL_le100k
9047,SOLVED,TRAIN,SOLVED_TRIVIAL_le100k
9048,SOLVED,TRAIN,SOLVED_TRIVIAL_le10k
9049,SOLVED,TRAIN,SOLVED_HARD_le100k
9050,SOLVED,TEST,SOLVED_TRIVIAL_gt300k
9051,UNKNOWN,VALIDATION,UNKNOWN_NONE_gt300k
9052,SOLVED,TRAIN,SOLVED_EASY_le100k
9053,SOLVED,TRAIN,SOLVED_TRIVIAL_le100k
9054,SOLVED,TRAIN,SOLVED_TRIVIAL_le300k
9055,SOLVED,TEST,SOLVED_TRIVIAL_le100k
9056,SOLVED,VALIDATION,SOLVED_HARD_le100k
9057,SOLVED,TRAIN,SOLVED_NONE_le100k
9058,SOLVED,TRAIN,SOLVED_TRIVIAL_le100k
9059,UNKNOWN,TRAIN,UNKNOWN_NONE_gt300k
9060,UNKNOWN,TEST,UNKNOWN_NONE_gt300k
9061,SOLVED,VALIDATION,SOLVED_NONE_gt300k
9062,SOLVED,TRAIN,SOLVED_TRIVIAL_le10k
9063,SOLVED,TRAIN,SOLVED_TRIVIAL_gt300k
9064,SOLVED,TRAIN,SOLVED_TRIVIAL_le100k
9065,SOLVED,TEST,SOLVED_NONE_le100k
9066,SOLVED,TRAIN,SOLVED_TRIVIAL_le10k
9067,SOLVED,TRAIN,SOLVED_TRIVIAL_le10k
9068,SOLVED,TRAIN,SOLVED_NONE_le100k
9069,SOLVED,TRAIN,SOLVED_TRIVIAL_le100k
9070,SOLVED,VALIDATION,SOLVED_HARD_gt300k
9071,SOLVED,TRAIN,SOLVED_NONE_le100k
9072,SOLVED,TRAIN,SOLVED_TRIVIAL_le100k
9073,SOLVED,TRAIN,SOLVED_TRIVIAL_le300k
9074,SOLVED,TEST,SOLVED_TRIVIAL_le100k
9075,SOLVED,VALIDATION,SOLVED_TRIVIAL_le100k
9076,SOLVED,TRAIN,SOLVED_TRIVIAL_le100k
9077,UNKNOWN,TRAIN,UNKNOWN_NONE_gt300k
9078,SOLVED,TRAIN,SOLVED_TRIVIAL_le100k
9079,SOLVED,TEST,SOLVED_NONE_gt300k
9080,SOLVED,VALIDATION,SOLVED_TRIVIAL_le300k
9081,SOLVED,TRAIN,SOLVED_TRIVIAL_le100k
9082,SOLVED,TRAIN,SOLVED_NONE_le300k
9083,SOLVED,TRAIN,SOLVED_TRIVIAL_gt300k
9084,SOLVED,TEST,SOLVED_TRIVIAL_le300k
9085,SOLVED,VALIDATION,SOLVED_HARD_le100k
9086,SOLVED,TRAIN,SOLVED_TRIVIAL_le100k
9087,SOLVED,TRAIN,SOLVED_HARD_gt300k
9088,SOLVED,TRAIN,SOLVED_NONE_le300k
9089,SOLVED,TEST,SOLVED_TRIVIAL_gt300k
9090,UNKNOWN,TRAIN,UNKNOWN_NONE_gt300k
9091,SOLVED,TRAIN,SOLVED_TRIVIAL_le10k
9092,SOLVED,TRAIN,SOLVED_NONE_le100k
9093,SOLVED,TRAIN,SOLVED_NONE_le100k
9094,SOLVED,VALIDATION,SOLVED_TRIVIAL_le300k
9095,SOLVED,TRAIN,SOLVED_TRIVIAL_gt300k
9096,SOLVED,TRAIN,SOLVED_HARD_gt300k
9097,SOLVED,TRAIN,SOLVED_TRIVIAL_le10k
9098,SOLVED,TRAIN,SOLVED_TRIVIAL_gt300k
9099,SOLVED,VALIDATION,SOLVED_TRIVIAL_le100k
9100,SOLVED,TRAIN,SOLVED_TRIVIAL_le100k
9101,SOLVED,TRAIN,SOLVED_NONE_le10k
9102,SOLVED,TRAIN,SOLVED_TRIVIAL_le300k
9103,SOLVED,TEST,SOLVED_TRIVIAL_le100k
9104,UNKNOWN,VALIDATION,UNKNOWN_NONE_gt300k
9105,SOLVED,TRAIN,SOLVED_TRIVIAL_gt300k
9106,SOLVED,TRAIN,SOLVED_TRIVIAL_le100k
9107,SOLVED,TRAIN,SOLVED_TRIVIAL_le10k
9108,SOLVED,TEST,SOLVED_TRIVIAL_le100k
9109,SOLVED,VALIDATION,SOLVED_TRIVIAL_le100k
9110,SOLVED,TRAIN,SOLVED_EASY_gt300k
9111,SOLVED,TRAIN,SOLVED_TRIVIAL_gt300k
9112,SOLVED,TRAIN,SOLVED_TRIVIAL_le100k
9113,SOLVED,TEST,SOLVED_HARD_gt300k
9114,SOLVED,TRAIN,SOLVED_TRIVIAL_le100k
9115,SOLVED,TRAIN,SOLVED_TRIVIAL_le100k
9116,SOLVED,TRAIN,SOLVED_HARD_gt300k
9117,SOLVED,TRAIN,SOLVED_TRIVIAL_le100k
9118,SOLVED,VALIDATION,SOLVED_TRIVIAL_le100k
9119,SOLVED,TRAIN,SOLVED_TRIVIAL_gt300k
9120,SOLVED,TRAIN,SOLVED_TRIVIAL_le100k
9121,SOLVED,TRAIN,SOLVED_EASY_le100k
9122,SOLVED,TRAIN,SOLVED_TRIVIAL_le300k
9123,SOLVED,VALIDATION,SOLVED_EASY_le100k
9124,SOLVED,TRAIN,SOLVED_NONE_le100k
9125,SOLVED,TRAIN,SOLVED_TRIVIAL_le300k
9126,SOLVED,TRAIN,SOLVED_TRIVIAL_le100k
9127,SOLVED,TEST,SOLVED_TRIVIAL_le100k
9128,SOLVED,VALIDATION,SOLVED_NONE_le300k
9129,SOLVED,TRAIN,SOLVED_TRIVIAL_le100k
9130,SOLVED,TRAIN,SOLVED_TRIVIAL_le300k
9131,SOLVED,TRAIN,SOLVED_NONE_le100k
9132,SOLVED,TEST,SOLVED_NONE_le100k
9133,SOLVED,VALIDATION,SOLVED_TRIVIAL_gt300k
9134,SOLVED,TRAIN,SOLVED_TRIVIAL_gt300k
9135,SOLVED,TRAIN,SOLVED_TRIVIAL_le100k
9136,SOLVED,TRAIN,SOLVED_TRIVIAL_le100k
9137,SOLVED,TEST,SOLVED_TRIVIAL_le300k
9138,SOLVED,TRAIN,SOLVED_TRIVIAL_le100k
9139,SOLVED,TRAIN,SOLVED_HARD_le300k
9140,SOLVED,TRAIN,SOLVED_HARD_gt300k
9141,SOLVED,TRAIN,SOLVED_NONE_le300k
9142,UNKNOWN,VALIDATION,UNKNOWN_NONE_gt300k
9143,SOLVED,TRAIN,SOLVED_HARD_gt300k
9144,SOLVED,TRAIN,SOLVED_TRIVIAL_le300k
9145,SOLVED,TRAIN,SOLVED_TRIVIAL_le100k
9146,UNKNOWN,TRAIN,UNKNOWN_NONE_gt300k
9147,SOLVED,VALIDATION,SOLVED_TRIVIAL_le100k
9148,SOLVED,TRAIN,SOLVED_HARD_le100k
9149,SOLVED,TRAIN,SOLVED_TRIVIAL_le300k
9150,UNKNOWN,TRAIN,UNKNOWN_NONE_gt300k
9151,SOLVED,TEST,SOLVED_TRIVIAL_le300k
9152,SOLVED,VALIDATION,SOLVED_TRIVIAL_gt300k
9153,SOLVED,TRAIN,SOLVED_NONE_le300k
9154,SOLVED,TRAIN,SOLVED_NONE_le10k
9155,SOLVED,TRAIN,SOLVED_NONE_le100k
9156,SOLVED,TEST,SOLVED_TRIVIAL_le10k
9157,UNKNOWN,VALIDATION,UNKNOWN_NONE_gt300k
9158,UNKNOWN,TRAIN,UNKNOWN_NONE_gt300k
9159,UNKNOWN,TRAIN,UNKNOWN_NONE_gt300k
9160,SOLVED,TRAIN,SOLVED_TRIVIAL_le300k
9161,SOLVED,TEST,SOLVED_TRIVIAL_le100k
9162,SOLVED,TRAIN,SOLVED_TRIVIAL_le100k
9163,SOLVED,TRAIN,SOLVED_NONE_le100k
9164,UNKNOWN,TRAIN,UNKNOWN_NONE_gt300k
9165,SOLVED,TRAIN,SOLVED_EASY_le100k
9166,SOLVED,TEST,SOLVED_TRIVIAL_le100k
9167,SOLVED,TRAIN,SOLVED_TRIVIAL_le10k
9168,SOLVED,TRAIN,SOLVED_HARD_le10k
9169,SOLVED,TRAIN,SOLVED_TRIVIAL_le100k
9170,SOLVED,TRAIN,SOLVED_HARD_gt300k
9171,SOLVED,VALIDATION,SOLVED_NONE_gt300k
9172,UNKNOWN,TRAIN,UNKNOWN_NONE_gt300k
9173,SOLVED,TRAIN,SOLVED_EASY_le10k
9174,SOLVED,TRAIN,SOLVED_NONE_gt300k
9175,SOLVED,TEST,SOLVED_TRIVIAL_le100k
9176,SOLVED,VALIDATION,SOLVED_TRIVIAL_le100k
9177,SOLVED,TRAIN,SOLVED_TRIVIAL_le100k
9178,UNKNOWN,TRAIN,UNKNOWN_NONE_gt300k
9179,SOLVED,TRAIN,SOLVED_TRIVIAL_le100k
9180,UNKNOWN,TEST,UNKNOWN_NONE_gt300k
9181,SOLVED,VALIDATION,SOLVED_NONE_le100k
9182,SOLVED,TRAIN,SOLVED_TRIVIAL_le100k
9183,SOLVED,TRAIN,SOLVED_NONE_le10k
9184,SOLVED,TRAIN,SOLVED_TRIVIAL_le100k
9185,UNKNOWN,TEST,UNKNOWN_NONE_gt300k
9186,PROVEN_LOST,TRAIN,PROVEN_LOST_NONE_gt300k
9187,SOLVED,TRAIN,SOLVED_TRIVIAL_le100k
9188,SOLVED,TRAIN,SOLVED_HARD_le100k
9189,SOLVED,TRAIN,SOLVED_HARD_gt300k
9190,SOLVED,TEST,SOLVED_HARD_gt300k
9191,SOLVED,TRAIN,SOLVED_TRIVIAL_le100k
9192,SOLVED,TRAIN,SOLVED_TRIVIAL_le100k
9193,SOLVED,TRAIN,SOLVED_NONE_le10k
9194,SOLVED,TRAIN,SOLVED_TRIVIAL_le100k
9195,SOLVED,VALIDATION,SOLVED_TRIVIAL_le100k
9196,SOLVED,TRAIN,SOLVED_HARD_le300k
9197,SOLVED,TRAIN,SOLVED_HARD_le100k
9198,SOLVED,TRAIN,SOLVED_TRIVIAL_le100k
9199,SOLVED,TEST,SOLVED_TRIVIAL_gt300k
9200,SOLVED,VALIDATION,SOLVED_TRIVIAL_le100k
9201,SOLVED,TRAIN,SOLVED_HARD_le100k
9202,SOLVED,TRAIN,SOLVED_TRIVIAL_le300k
9203,SOLVED,TRAIN,SOLVED_TRIVIAL_gt300k
9204,SOLVED,TEST,SOLVED_NONE_le10k
9205,SOLVED,VALIDATION,SOLVED_TRIVIAL_le10k
9206,UNKNOWN,TRAIN,UNKNOWN_NONE_gt300k
9207,SOLVED,TRAIN,SOLVED_TRIVIAL_le100k
9208,SOLVED,TRAIN,SOLVED_EASY_gt300k
9209,SOLVED,TEST,SOLVED_TRIVIAL_le100k
9210,SOLVED,TRAIN,SOLVED_TRIVIAL_le100k
9211,PROVEN_LOST,TRAIN,PROVEN_LOST_NONE_gt300k
9212,SOLVED,TRAIN,SOLVED_TRIVIAL_gt300k
9213,SOLVED,TRAIN,SOLVED_TRIVIAL_le300k
9214,SOLVED,TEST,SOLVED_TRIVIAL_le100k
9215,SOLVED,TRAIN,SOLVED_TRIVIAL_le10k
9216,SOLVED,TRAIN,SOLVED_TRIVIAL_le100k
9217,SOLVED,TRAIN,SOLVED_HARD_le300k
9218,SOLVED,TRAIN,SOLVED_TRIVIAL_gt300k
9219,SOLVED,VALIDATION,SOLVED_NONE_le100k
9220,SOLVED,TRAIN,SOLVED_TRIVIAL_gt300k
9221,SOLVED,TRAIN,SOLVED_TRIVIAL_le100k
9222,SOLVED,TRAIN,SOLVED_TRIVIAL_le100k
9223,UNKNOWN,TEST,UNKNOWN_NONE_gt300k
9224,SOLVED,VALIDATION,SOLVED_HARD_le100k
9225,UNKNOWN,TRAIN,UNKNOWN_NONE_gt300k
9226,SOLVED,TRAIN,SOLVED_TRIVIAL_le10k
9227,SOLVED,TRAIN,SOLVED_TRIVIAL_gt300k
9228,SOLVED,TEST,SOLVED_TRIVIAL_le10k
9229,SOLVED,VALIDATION,SOLVED_TRIVIAL_le10k
9230,SOLVED,TRAIN,SOLVED_TRIVIAL_le10k
9231,PROVEN_LOST,TRAIN,PROVEN_LOST_NONE_le100k
9232,UNKNOWN,TRAIN,UNKNOWN_NONE_gt300k
9233,UNKNOWN,TEST,UNKNOWN_NONE_gt300k
9234,SOLVED,VALIDATION,SOLVED_TRIVIAL_le100k
9235,SOLVED,TRAIN,SOLVED_TRIVIAL_le10k
9236,SOLVED,TRAIN,SOLVED_HARD_gt300k
9237,SOLVED,TRAIN,SOLVED_HARD_gt300k
9238,SOLVED,TEST,SOLVED_HARD_le100k
9239,SOLVED,TRAIN,SOLVED_HARD_le100k
9240,UNKNOWN,TRAIN,UNKNOWN_NONE_gt300k
9241,SOLVED,TRAIN,SOLVED_TRIVIAL_le10k
9242,SOLVED,TRAIN,SOLVED_EASY_gt300k
9243,SOLVED,VALIDATION,SOLVED_TRIVIAL_le10k
9244,SOLVED,TRAIN,SOLVED_TRIVIAL_le100k
9245,SOLVED,TRAIN,SOLVED_TRIVIAL_le100k
9246,UNKNOWN,TRAIN,UNKNOWN_NONE_gt300k
9247,UNKNOWN,TEST,UNKNOWN_NONE_gt300k
9248,SOLVED,VALIDATION,SOLVED_TRIVIAL_le100k
9249,SOLVED,TRAIN,SOLVED_TRIVIAL_le100k
9250,SOLVED,TRAIN,SOLVED_TRIVIAL_le10k
9251,SOLVED,TRAIN,SOLVED_EASY_le100k
9252,SOLVED,TEST,SOLVED_NONE_le10k
9253,SOLVED,VALIDATION,SOLVED_TRIVIAL_gt300k
9254,SOLVED,TRAIN,SOLVED_HARD_gt300k
9255,UNKNOWN,TRAIN,UNKNOWN_NONE_gt300k
9256,SOLVED,TRAIN,SOLVED_TRIVIAL_le100k
9257,SOLVED,TEST,SOLVED_HARD_le300k
9258,SOLVED,VALIDATION,SOLVED_HARD_le100k
9259,SOLVED,TRAIN,SOLVED_TRIVIAL_le100k
9260,SOLVED,TRAIN,SOLVED_TRIVIAL_le10k
9261,UNKNOWN,TRAIN,UNKNOWN_NONE_gt300k
9262,SOLVED,TEST,SOLVED_HARD_le100k
9263,SOLVED,TRAIN,SOLVED_TRIVIAL_le100k
9264,PROVEN_LOST,TRAIN,PROVEN_LOST_NONE_le300k
9265,SOLVED,TRAIN,SOLVED_TRIVIAL_gt300k
9266,SOLVED,TRAIN,SOLVED_TRIVIAL_le100k
9267,SOLVED,VALIDATION,SOLVED_TRIVIAL_le300k
9268,SOLVED,TRAIN,SOLVED_NONE_le100k
9269,PROVEN_LOST,TRAIN,PROVEN_LOST_NONE_gt300k
9270,UNKNOWN,TRAIN,UNKNOWN_NONE_gt300k
9271,SOLVED,TRAIN,SOLVED_TRIVIAL_le10k
9272,SOLVED,VALIDATION,SOLVED_EASY_le100k
9273,SOLVED,TRAIN,SOLVED_NONE_le300k
9274,SOLVED,TRAIN,SOLVED_TRIVIAL_le100k
9275,SOLVED,TRAIN,SOLVED_TRIVIAL_le100k
9276,SOLVED,TEST,SOLVED_TRIVIAL_le100k
9277,SOLVED,VALIDATION,SOLVED_TRIVIAL_le10k
9278,SOLVED,TRAIN,SOLVED_TRIVIAL_le10k
9279,SOLVED,TRAIN,SOLVED_TRIVIAL_le300k
9280,SOLVED,TRAIN,SOLVED_TRIVIAL_gt300k
9281,SOLVED,TEST,SOLVED_TRIVIAL_le100k
9282,SOLVED,VALIDATION,SOLVED_TRIVIAL_gt300k
9283,SOLVED,TRAIN,SOLVED_NONE_le100k
9284,SOLVED,TRAIN,SOLVED_NONE_gt300k
9285,SOLVED,TRAIN,SOLVED_TRIVIAL_le300k
9286,SOLVED,TEST,SOLVED_TRIVIAL_gt300k
9287,SOLVED,TRAIN,SOLVED_TRIVIAL_le100k
9288,SOLVED,TRAIN,SOLVED_HARD_gt300k
9289,UNKNOWN,TRAIN,UNKNOWN_NONE_gt300k
9290,SOLVED,TRAIN,SOLVED_TRIVIAL_le10k
9291,SOLVED,VALIDATION,SOLVED_TRIVIAL_gt300k
9292,SOLVED,TRAIN,SOLVED_TRIVIAL_le300k
9293,SOLVED,TRAIN,SOLVED_TRIVIAL_le100k
9294,SOLVED,TRAIN,SOLVED_NONE_le100k
9295,SOLVED,TRAIN,SOLVED_TRIVIAL_le100k
9296,SOLVED,VALIDATION,SOLVED_TRIVIAL_gt300k
9297,SOLVED,TRAIN,SOLVED_TRIVIAL_le300k
9298,SOLVED,TRAIN,SOLVED_TRIVIAL_gt300k
9299,SOLVED,TRAIN,SOLVED_TRIVIAL_le10k
9300,SOLVED,TEST,SOLVED_HARD_le100k
9301,UNKNOWN,VALIDATION,UNKNOWN_NONE_gt300k
9302,SOLVED,TRAIN,SOLVED_NONE_le100k
9303,SOLVED,TRAIN,SOLVED_TRIVIAL_le10k
9304,SOLVED,TRAIN,SOLVED_TRIVIAL_le10k
9305,SOLVED,TEST,SOLVED_TRIVIAL_le100k
9306,UNKNOWN,VALIDATION,UNKNOWN_NONE_gt300k
9307,SOLVED,TRAIN,SOLVED_TRIVIAL_le300k
9308,UNKNOWN,TRAIN,UNKNOWN_NONE_gt300k
9309,SOLVED,TRAIN,SOLVED_TRIVIAL_le300k
9310,SOLVED,TEST,SOLVED_TRIVIAL_le10k
9311,SOLVED,TRAIN,SOLVED_TRIVIAL_le100k
9312,SOLVED,TRAIN,SOLVED_TRIVIAL_le100k
9313,SOLVED,TRAIN,SOLVED_TRIVIAL_gt300k
9314,UNKNOWN,TRAIN,UNKNOWN_NONE_gt300k
9315,SOLVED,VALIDATION,SOLVED_TRIVIAL_le100k
9316,SOLVED,TRAIN,SOLVED_NONE_le100k
9317,SOLVED,TRAIN,SOLVED_NONE_le100k
9318,SOLVED,TRAIN,SOLVED_TRIVIAL_le100k
9319,SOLVED,TRAIN,SOLVED_TRIVIAL_le100k
9320,SOLVED,VALIDATION,SOLVED_TRIVIAL_le100k
9321,UNKNOWN,TRAIN,UNKNOWN_NONE_gt300k
9322,SOLVED,TRAIN,SOLVED_TRIVIAL_gt300k
9323,UNKNOWN,TRAIN,UNKNOWN_NONE_gt300k
9324,SOLVED,TEST,SOLVED_TRIVIAL_le10k
9325,SOLVED,VALIDATION,SOLVED_TRIVIAL_le100k
9326,UNKNOWN,TRAIN,UNKNOWN_NONE_gt300k
9327,SOLVED,TRAIN,SOLVED_TRIVIAL_gt300k
9328,SOLVED,TRAIN,SOLVED_TRIVIAL_gt300k
9329,UNKNOWN,TEST,UNKNOWN_NONE_gt300k
9330,UNKNOWN,VALIDATION,UNKNOWN_NONE_gt300k
9331,SOLVED,TRAIN,SOLVED_TRIVIAL_le100k
9332,SOLVED,TRAIN,SOLVED_NONE_le300k
9333,SOLVED,TRAIN,SOLVED_TRIVIAL_le100k
9334,UNKNOWN,TEST,UNKNOWN_NONE_gt300k
9335,SOLVED,TRAIN,SOLVED_HARD_le100k
9336,SOLVED,TRAIN,SOLVED_TRIVIAL_le100k
9337,UNKNOWN,TRAIN,UNKNOWN_NONE_gt300k
9338,SOLVED,TRAIN,SOLVED_TRIVIAL_le10k
9339,SOLVED,TEST,SOLVED_EXPERT_le100k
9340,UNKNOWN,TRAIN,UNKNOWN_NONE_gt300k
9341,SOLVED,TRAIN,SOLVED_NONE_le100k
9342,SOLVED,TRAIN,SOLVED_TRIVIAL_gt300k
9343,SOLVED,TRAIN,SOLVED_TRIVIAL_le10k
9344,SOLVED,VALIDATION,SOLVED_TRIVIAL_le10k
9345,SOLVED,TRAIN,SOLVED_TRIVIAL_le300k
9346,SOLVED,TRAIN,SOLVED_TRIVIAL_le10k
9347,SOLVED,TRAIN,SOLVED_TRIVIAL_le100k
9348,SOLVED,TEST,SOLVED_TRIVIAL_le100k
9349,SOLVED,VALIDATION,SOLVED_TRIVIAL_le100k
9350,SOLVED,TRAIN,SOLVED_HARD_le10k
9351,SOLVED,TRAIN,SOLVED_TRIVIAL_le100k
9352,SOLVED,TRAIN,SOLVED_NONE_le100k
9353,SOLVED,TEST,SOLVED_TRIVIAL_le100k
9354,SOLVED,VALIDATION,SOLVED_TRIVIAL_le100k
9355,UNKNOWN,TRAIN,UNKNOWN_NONE_gt300k
9356,SOLVED,TRAIN,SOLVED_TRIVIAL_le100k
9357,SOLVED,TRAIN,SOLVED_TRIVIAL_gt300k
9358,SOLVED,TEST,SOLVED_EASY_le300k
9359,SOLVED,TRAIN,SOLVED_TRIVIAL_le300k
9360,SOLVED,TRAIN,SOLVED_HARD_le300k
9361,SOLVED,TRAIN,SOLVED_TRIVIAL_le100k
9362,SOLVED,TRAIN,SOLVED_NONE_le300k
9363,SOLVED,TEST,SOLVED_TRIVIAL_gt300k
9364,SOLVED,TRAIN,SOLVED_EASY_le300k
9365,SOLVED,TRAIN,SOLVED_NONE_le100k
9366,SOLVED,TRAIN,SOLVED_TRIVIAL_gt300k
9367,SOLVED,TRAIN,SOLVED_TRIVIAL_le300k
9368,SOLVED,VALIDATION,SOLVED_TRIVIAL_le100k
9369,SOLVED,TRAIN,SOLVED_TRIVIAL_le100k
9370,PROVEN_LOST,TRAIN,PROVEN_LOST_NONE_gt300k
9371,SOLVED,TRAIN,SOLVED_TRIVIAL_le100k
9372,SOLVED,TEST,SOLVED_NONE_gt300k
9373,SOLVED,VALIDATION,SOLVED_TRIVIAL_le100k
9374,SOLVED,TRAIN,SOLVED_EASY_le100k
9375,SOLVED,TRAIN,SOLVED_NONE_le300k
9376,SOLVED,TRAIN,SOLVED_TRIVIAL_gt300k
9377,SOLVED,TEST,SOLVED_NONE_gt300k
9378,SOLVED,VALIDATION,SOLVED_TRIVIAL_le100k
9379,SOLVED,TRAIN,SOLVED_TRIVIAL_le100k
9380,SOLVED,TRAIN,SOLVED_TRIVIAL_gt300k
9381,SOLVED,TRAIN,SOLVED_TRIVIAL_le10k
9382,UNKNOWN,TEST,UNKNOWN_NONE_gt300k
9383,SOLVED,TRAIN,SOLVED_TRIVIAL_le100k
9384,SOLVED,TRAIN,SOLVED_TRIVIAL_gt300k
9385,UNKNOWN,TRAIN,UNKNOWN_NONE_gt300k
9386,UNKNOWN,TRAIN,UNKNOWN_NONE_gt300k
9387,SOLVED,TEST,SOLVED_TRIVIAL_le100k
9388,SOLVED,TRAIN,SOLVED_TRIVIAL_le100k
9389,UNKNOWN,TRAIN,UNKNOWN_NONE_gt300k
9390,UNKNOWN,TRAIN,UNKNOWN_NONE_gt300k
9391,SOLVED,TRAIN,SOLVED_NONE_le300k
9392,SOLVED,VALIDATION,SOLVED_TRIVIAL_le300k
9393,UNKNOWN,TRAIN,UNKNOWN_NONE_gt300k
9394,UNKNOWN,TRAIN,UNKNOWN_NONE_gt300k
9395,SOLVED,TRAIN,SOLVED_HARD_le10k
9396,SOLVED,TEST,SOLVED_TRIVIAL_le10k
9397,SOLVED,VALIDATION,SOLVED_TRIVIAL_le100k
9398,SOLVED,TRAIN,SOLVED_TRIVIAL_le100k
9399,SOLVED,TRAIN,SOLVED_NONE_le100k
9400,SOLVED,TRAIN,SOLVED_EXPERT_le100k
9401,SOLVED,TEST,SOLVED_TRIVIAL_le100k
9402,SOLVED,VALIDATION,SOLVED_TRIVIAL_le100k
9403,UNKNOWN,TRAIN,UNKNOWN_NONE_gt300k
9404,SOLVED,TRAIN,SOLVED_TRIVIAL_le100k
9405,SOLVED,TRAIN,SOLVED_HARD_le100k
9406,SOLVED,TEST,SOLVED_TRIVIAL_le100k
9407,SOLVED,VALIDATION,SOLVED_TRIVIAL_gt300k
9408,UNKNOWN,TRAIN,UNKNOWN_NONE_gt300k
9409,SOLVED,TRAIN,SOLVED_TRIVIAL_gt300k
9410,SOLVED,TRAIN,SOLVED_TRIVIAL_le300k
9411,SOLVED,TEST,SOLVED_TRIVIAL_le100k
9412,SOLVED,TRAIN,SOLVED_NONE_gt300k
9413,SOLVED,TRAIN,SOLVED_TRIVIAL_le300k
9414,UNKNOWN,TRAIN,UNKNOWN_NONE_gt300k
9415,SOLVED,TRAIN,SOLVED_TRIVIAL_le100k
9416,SOLVED,VALIDATION,SOLVED_HARD_gt300k
9417,SOLVED,TRAIN,SOLVED_NONE_le300k
9418,UNKNOWN,TRAIN,UNKNOWN_NONE_gt300k
9419,SOLVED,TRAIN,SOLVED_EASY_gt300k
9420,SOLVED,TEST,SOLVED_NONE_le300k
9421,SOLVED,VALIDATION,SOLVED_TRIVIAL_le100k
9422,SOLVED,TRAIN,SOLVED_HARD_le100k
9423,UNKNOWN,TRAIN,UNKNOWN_NONE_gt300k
9424,SOLVED,TRAIN,SOLVED_TRIVIAL_le100k
9425,SOLVED,TEST,SOLVED_TRIVIAL_le100k
9426,SOLVED,VALIDATION,SOLVED_TRIVIAL_le300k
9427,SOLVED,TRAIN,SOLVED_TRIVIAL_le100k
9428,SOLVED,TRAIN,SOLVED_TRIVIAL_le300k
9429,SOLVED,TRAIN,SOLVED_EASY_le100k
9430,SOLVED,TEST,SOLVED_TRIVIAL_gt300k
9431,SOLVED,VALIDATION,SOLVED_TRIVIAL_gt300k
9432,PROVEN_LOST,TRAIN,PROVEN_LOST_NONE_gt300k
9433,SOLVED,TRAIN,SOLVED_TRIVIAL_le100k
9434,SOLVED,TRAIN,SOLVED_NONE_le300k
9435,SOLVED,TEST,SOLVED_TRIVIAL_le10k
9436,SOLVED,TRAIN,SOLVED_HARD_le100k
9437,SOLVED,TRAIN,SOLVED_TRIVIAL_le100k
9438,SOLVED,TRAIN,SOLVED_TRIVIAL_le10k
9439,UNKNOWN,TRAIN,UNKNOWN_NONE_gt300k
9440,SOLVED,VALIDATION,SOLVED_NONE_le300k
9441,SOLVED,TRAIN,SOLVED_EXPERT_gt300k
9442,SOLVED,TRAIN,SOLVED_EASY_le100k
9443,SOLVED,TRAIN,SOLVED_NONE_le10k
9444,SOLVED,TRAIN,SOLVED_TRIVIAL_le300k
9445,UNKNOWN,VALIDATION,UNKNOWN_NONE_gt300k
9446,SOLVED,TRAIN,SOLVED_TRIVIAL_le10k
9447,SOLVED,TRAIN,SOLVED_NONE_le300k
9448,UNKNOWN,TRAIN,UNKNOWN_NONE_gt300k
9449,SOLVED,TEST,SOLVED_TRIVIAL_le10k
9450,SOLVED,VALIDATION,SOLVED_NONE_le100k
9451,SOLVED,TRAIN,SOLVED_TRIVIAL_le100k
9452,SOLVED,TRAIN,SOLVED_TRIVIAL_le100k
9453,UNKNOWN,TRAIN,UNKNOWN_NONE_gt300k
9454,SOLVED,TEST,SOLVED_TRIVIAL_le100k
9455,SOLVED,VALIDATION,SOLVED_HARD_gt300k
9456,SOLVED,TRAIN,SOLVED_TRIVIAL_le300k
9457,SOLVED,TRAIN,SOLVED_NONE_gt300k
9458,SOLVED,TRAIN,SOLVED_TRIVIAL_gt300k
9459,SOLVED,TEST,SOLVED_TRIVIAL_le100k
9460,SOLVED,TRAIN,SOLVED_TRIVIAL_le100k
9461,SOLVED,TRAIN,SOLVED_NONE_gt300k
9462,SOLVED,TRAIN,SOLVED_TRIVIAL_gt300k
9463,SOLVED,TRAIN,SOLVED_EASY_le10k
9464,SOLVED,VALIDATION,SOLVED_EASY_le100k
9465,SOLVED,TRAIN,SOLVED_TRIVIAL_gt300k
9466,SOLVED,TRAIN,SOLVED_TRIVIAL_le100k
9467,SOLVED,TRAIN,SOLVED_TRIVIAL_le10k
9468,UNKNOWN,TRAIN,UNKNOWN_NONE_gt300k
9469,SOLVED,VALIDATION,SOLVED_NONE_le100k
9470,SOLVED,TRAIN,SOLVED_HARD_le10k
9471,SOLVED,TRAIN,SOLVED_EASY_le100k
9472,SOLVED,TRAIN,SOLVED_NONE_le300k
9473,SOLVED,TEST,SOLVED_TRIVIAL_gt300k
9474,UNKNOWN,VALIDATION,UNKNOWN_NONE_gt300k
9475,SOLVED,TRAIN,SOLVED_HARD_gt300k
9476,SOLVED,TRAIN,SOLVED_TRIVIAL_le100k
9477,SOLVED,TRAIN,SOLVED_TRIVIAL_le100k
9478,SOLVED,TEST,SOLVED_HARD_le100k
9479,SOLVED,VALIDATION,SOLVED_TRIVIAL_le100k
9480,SOLVED,TRAIN,SOLVED_NONE_le100k
9481,UNKNOWN,TRAIN,UNKNOWN_NONE_gt300k
9482,SOLVED,TRAIN,SOLVED_TRIVIAL_le100k
9483,UNKNOWN,TEST,UNKNOWN_NONE_gt300k
9484,SOLVED,TRAIN,SOLVED_HARD_le100k
9485,SOLVED,TRAIN,SOLVED_TRIVIAL_gt300k
9486,PROVEN_LOST,TRAIN,PROVEN_LOST_NONE_gt300k
9487,SOLVED,TRAIN,SOLVED_TRIVIAL_gt300k
9488,SOLVED,VALIDATION,SOLVED_TRIVIAL_le300k
9489,SOLVED,TRAIN,SOLVED_NONE_le100k
9490,SOLVED,TRAIN,SOLVED_TRIVIAL_le300k
9491,SOLVED,TRAIN,SOLVED_NONE_le100k
9492,SOLVED,TRAIN,SOLVED_NONE_gt300k
9493,SOLVED,VALIDATION,SOLVED_TRIVIAL_le100k
9494,SOLVED,TRAIN,SOLVED_TRIVIAL_le100k
9495,SOLVED,TRAIN,SOLVED_TRIVIAL_le10k
9496,UNKNOWN,TRAIN,UNKNOWN_NONE_gt300k
9497,SOLVED,TEST,SOLVED_TRIVIAL_le100k
9498,SOLVED,VALIDATION,SOLVED_NONE_le100k
9499,UNKNOWN,TRAIN,UNKNOWN_NONE_gt300k
9500,SOLVED,TRAIN,SOLVED_TRIVIAL_le100k
9501,SOLVED,TRAIN,SOLVED_TRIVIAL_le300k
9502,SOLVED,TEST,SOLVED_TRIVIAL_gt300k
9503,SOLVED,VALIDATION,SOLVED_NONE_le300k
9504,SOLVED,TRAIN,SOLVED_NONE_le100k
9505,SOLVED,TRAIN,SOLVED_TRIVIAL_le10k
9506,SOLVED,TRAIN,SOLVED_HARD_le100k
9507,SOLVED,TEST,SOLVED_HARD_le100k
9508,SOLVED,TRAIN,SOLVED_TRIVIAL_le100k
9509,SOLVED,TRAIN,SOLVED_TRIVIAL_le10k
9510,SOLVED,TRAIN,SOLVED_TRIVIAL_le300k
9511,UNKNOWN,TRAIN,UNKNOWN_NONE_gt300k
9512,SOLVED,TEST,SOLVED_NONE_gt300k
9513,SOLVED,TRAIN,SOLVED_TRIVIAL_le10k
9514,UNKNOWN,TRAIN,UNKNOWN_NONE_gt300k
9515,UNKNOWN,TRAIN,UNKNOWN_NONE_gt300k
9516,SOLVED,TRAIN,SOLVED_TRIVIAL_le100k
9517,UNKNOWN,VALIDATION,UNKNOWN_NONE_gt300k
9518,SOLVED,TRAIN,SOLVED_NONE_le100k
9519,SOLVED,TRAIN,SOLVED_TRIVIAL_le100k
9520,SOLVED,TRAIN,SOLVED_TRIVIAL_le300k
9521,UNKNOWN,TEST,UNKNOWN_NONE_gt300k
9522,SOLVED,VALIDATION,SOLVED_TRIVIAL_le100k
9523,SOLVED,TRAIN,SOLVED_HARD_le100k
9524,UNKNOWN,TRAIN,UNKNOWN_NONE_gt300k
9525,SOLVED,TRAIN,SOLVED_TRIVIAL_le100k
9526,SOLVED,TEST,SOLVED_TRIVIAL_le100k
9527,SOLVED,VALIDATION,SOLVED_HARD_le100k
9528,SOLVED,TRAIN,SOLVED_TRIVIAL_le300k
9529,SOLVED,TRAIN,SOLVED_NONE_gt300k
9530,SOLVED,TRAIN,SOLVED_NONE_gt300k
9531,SOLVED,TEST,SOLVED_HARD_le300k
9532,SOLVED,TRAIN,SOLVED_HARD_le100k
9533,SOLVED,TRAIN,SOLVED_EXPERT_le100k
9534,SOLVED,TRAIN,SOLVED_TRIVIAL_le10k
9535,SOLVED,TRAIN,SOLVED_TRIVIAL_le10k
9536,SOLVED,TEST,SOLVED_TRIVIAL_le100k
9537,SOLVED,TRAIN,SOLVED_NONE_le100k
9538,SOLVED,TRAIN,SOLVED_TRIVIAL_le300k
9539,SOLVED,TRAIN,SOLVED_NONE_le300k
9540,SOLVED,TRAIN,SOLVED_TRIVIAL_gt300k
9541,SOLVED,VALIDATION,SOLVED_TRIVIAL_le100k
9542,SOLVED,TRAIN,SOLVED_HARD_le100k
9543,SOLVED,TRAIN,SOLVED_TRIVIAL_le10k
9544,SOLVED,TRAIN,SOLVED_TRIVIAL_le100k
9545,SOLVED,TEST,SOLVED_TRIVIAL_le100k
9546,SOLVED,VALIDATION,SOLVED_TRIVIAL_le300k
9547,SOLVED,TRAIN,SOLVED_HARD_le100k
9548,SOLVED,TRAIN,SOLVED_TRIVIAL_le300k
9549,SOLVED,TRAIN,SOLVED_HARD_le100k
9550,SOLVED,TEST,SOLVED_EASY_le300k
9551,SOLVED,VALIDATION,SOLVED_TRIVIAL_le10k
9552,UNKNOWN,TRAIN,UNKNOWN_NONE_gt300k
9553,SOLVED,TRAIN,SOLVED_TRIVIAL_le100k
9554,SOLVED,TRAIN,SOLVED_NONE_gt300k
9555,SOLVED,TEST,SOLVED_TRIVIAL_le300k
9556,SOLVED,TRAIN,SOLVED_TRIVIAL_le10k
9557,SOLVED,TRAIN,SOLVED_TRIVIAL_le100k
9558,SOLVED,TRAIN,SOLVED_TRIVIAL_le100k
9559,SOLVED,TRAIN,SOLVED_TRIVIAL_le10k
9560,SOLVED,TEST,SOLVED_TRIVIAL_le100k
9561,SOLVED,TRAIN,SOLVED_TRIVIAL_le100k
9562,SOLVED,TRAIN,SOLVED_TRIVIAL_gt300k
9563,SOLVED,TRAIN,SOLVED_TRIVIAL_le100k
9564,SOLVED,TRAIN,SOLVED_TRIVIAL_le10k
9565,SOLVED,VALIDATION,SOLVED_HARD_le100k
9566,UNKNOWN,TRAIN,UNKNOWN_NONE_gt300k
9567,SOLVED,TRAIN,SOLVED_TRIVIAL_gt300k
9568,SOLVED,TRAIN,SOLVED_TRIVIAL_le100k
9569,SOLVED,TEST,SOLVED_TRIVIAL_le300k
9570,SOLVED,VALIDATION,SOLVED_TRIVIAL_gt300k
9571,SOLVED,TRAIN,SOLVED_TRIVIAL_le100k
9572,SOLVED,TRAIN,SOLVED_NONE_le100k
9573,SOLVED,TRAIN,SOLVED_TRIVIAL_le100k
9574,PROVEN_LOST,TEST,PROVEN_LOST_NONE_le300k
9575,SOLVED,VALIDATION,SOLVED_TRIVIAL_le100k
9576,SOLVED,TRAIN,SOLVED_HARD_gt300k
9577,SOLVED,TRAIN,SOLVED_EASY_le100k
9578,SOLVED,TRAIN,SOLVED_TRIVIAL_le100k
9579,SOLVED,TEST,SOLVED_TRIVIAL_le100k
9580,SOLVED,VALIDATION,SOLVED_HARD_le100k
9581,UNKNOWN,TRAIN,UNKNOWN_NONE_gt300k
9582,SOLVED,TRAIN,SOLVED_TRIVIAL_gt300k
9583,SOLVED,TRAIN,SOLVED_TRIVIAL_le100k
9584,SOLVED,TEST,SOLVED_TRIVIAL_gt300k
9585,SOLVED,TRAIN,SOLVED_TRIVIAL_gt300k
9586,SOLVED,TRAIN,SOLVED_TRIVIAL_le10k
9587,UNKNOWN,TRAIN,UNKNOWN_NONE_gt300k
9588,SOLVED,TRAIN,SOLVED_NONE_le300k
9589,SOLVED,VALIDATION,SOLVED_TRIVIAL_gt300k
9590,SOLVED,TRAIN,SOLVED_TRIVIAL_le100k
9591,SOLVED,TRAIN,SOLVED_HARD_le100k
9592,SOLVED,TRAIN,SOLVED_NONE_le100k
9593,SOLVED,TEST,SOLVED_TRIVIAL_gt300k
9594,SOLVED,VALIDATION,SOLVED_EASY_le10k
9595,UNKNOWN,TRAIN,UNKNOWN_NONE_gt300k
9596,SOLVED,TRAIN,SOLVED_NONE_le10k
9597,SOLVED,TRAIN,SOLVED_TRIVIAL_le100k
9598,SOLVED,TEST,SOLVED_HARD_le10k
9599,SOLVED,VALIDATION,SOLVED_TRIVIAL_le100k
9600,SOLVED,TRAIN,SOLVED_NONE_le100k
9601,SOLVED,TRAIN,SOLVED_TRIVIAL_gt300k
9602,SOLVED,TRAIN,SOLVED_TRIVIAL_le100k
9603,SOLVED,TEST,SOLVED_TRIVIAL_le100k
9604,SOLVED,VALIDATION,SOLVED_NONE_le100k
9605,SOLVED,TRAIN,SOLVED_EXPERT_gt300k
9606,SOLVED,TRAIN,SOLVED_HARD_le100k
9607,SOLVED,TRAIN,SOLVED_TRIVIAL_gt300k
9608,PROVEN_LOST,TEST,PROVEN_LOST_NONE_le100k
9609,SOLVED,TRAIN,SOLVED_TRIVIAL_gt300k
9610,SOLVED,TRAIN,SOLVED_TRIVIAL_gt300k
9611,SOLVED,TRAIN,SOLVED_NONE_le300k
9612,SOLVED,TRAIN,SOLVED_TRIVIAL_le100k
9613,SOLVED,VALIDATION,SOLVED_TRIVIAL_le100k
9614,SOLVED,TRAIN,SOLVED_TRIVIAL_le10k
9615,SOLVED,TRAIN,SOLVED_NONE_gt300k
9616,SOLVED,TRAIN,SOLVED_TRIVIAL_le100k
9617,SOLVED,TRAIN,SOLVED_TRIVIAL_le100k
9618,SOLVED,VALIDATION,SOLVED_NONE_le10k
9619,SOLVED,TRAIN,SOLVED_TRIVIAL_le100k
9620,SOLVED,TRAIN,SOLVED_TRIVIAL_le100k
9621,SOLVED,TRAIN,SOLVED_HARD_le10k
9622,SOLVED,TEST,SOLVED_NONE_le100k
9623,SOLVED,VALIDATION,SOLVED_HARD_gt300k
9624,SOLVED,TRAIN,SOLVED_TRIVIAL_le100k
9625,UNKNOWN,TRAIN,UNKNOWN_NONE_gt300k
9626,SOLVED,TRAIN,SOLVED_TRIVIAL_le10k
9627,SOLVED,TEST,SOLVED_TRIVIAL_le100k
9628,UNKNOWN,VALIDATION,UNKNOWN_NONE_gt300k
9629,PROVEN_LOST,TRAIN,PROVEN_LOST_NONE_gt300k
9630,SOLVED,TRAIN,SOLVED_TRIVIAL_le100k
9631,SOLVED,TRAIN,SOLVED_TRIVIAL_le100k
9632,SOLVED,TEST,SOLVED_TRIVIAL_le100k
9633,SOLVED,TRAIN,SOLVED_HARD_le100k
9634,UNKNOWN,TRAIN,UNKNOWN_NONE_gt300k
9635,SOLVED,TRAIN,SOLVED_NONE_le300k
9636,SOLVED,TRAIN,SOLVED_TRIVIAL_gt300k
9637,SOLVED,VALIDATION,SOLVED_NONE_le100k
9638,SOLVED,TRAIN,SOLVED_TRIVIAL_le10k
9639,SOLVED,TRAIN,SOLVED_TRIVIAL_gt300k
9640,UNKNOWN,TRAIN,UNKNOWN_NONE_gt300k
9641,SOLVED,TRAIN,SOLVED_EXPERT_gt300k
9642,SOLVED,VALIDATION,SOLVED_EASY_le100k
9643,SOLVED,TRAIN,SOLVED_TRIVIAL_le100k
9644,UNKNOWN,TRAIN,UNKNOWN_NONE_gt300k
9645,SOLVED,TRAIN,SOLVED_TRIVIAL_le100k
9646,SOLVED,TEST,SOLVED_TRIVIAL_gt300k
9647,SOLVED,VALIDATION,SOLVED_TRIVIAL_le100k
9648,SOLVED,TRAIN,SOLVED_NONE_le10k
9649,SOLVED,TRAIN,SOLVED_HARD_gt300k
9650,SOLVED,TRAIN,SOLVED_HARD_le100k
9651,SOLVED,TEST,SOLVED_HARD_le10k
9652,SOLVED,VALIDATION,SOLVED_TRIVIAL_le100k
9653,SOLVED,TRAIN,SOLVED_TRIVIAL_le10k
9654,UNKNOWN,TRAIN,UNKNOWN_NONE_gt300k
9655,PROVEN_LOST,TRAIN,PROVEN_LOST_NONE_le100k
9656,SOLVED,TEST,SOLVED_TRIVIAL_gt300k
9657,SOLVED,TRAIN,SOLVED_TRIVIAL_le100k
9658,UNKNOWN,TRAIN,UNKNOWN_NONE_gt300k
9659,SOLVED,TRAIN,SOLVED_TRIVIAL_le10k
9660,SOLVED,TRAIN,SOLVED_HARD_le300k
9661,SOLVED,VALIDATION,SOLVED_TRIVIAL_le100k
9662,SOLVED,TRAIN,SOLVED_EASY_le100k
9663,SOLVED,TRAIN,SOLVED_TRIVIAL_le100k
9664,SOLVED,TRAIN,SOLVED_NONE_le100k
9665,SOLVED,TRAIN,SOLVED_TRIVIAL_le100k
9666,SOLVED,VALIDATION,SOLVED_TRIVIAL_gt300k
9667,SOLVED,TRAIN,SOLVED_TRIVIAL_le100k
9668,SOLVED,TRAIN,SOLVED_TRIVIAL_le10k
9669,SOLVED,TRAIN,SOLVED_TRIVIAL_le100k
9670,SOLVED,TEST,SOLVED_HARD_le10k
9671,SOLVED,VALIDATION,SOLVED_TRIVIAL_le100k
9672,SOLVED,TRAIN,SOLVED_NONE_le100k
9673,UNKNOWN,TRAIN,UNKNOWN_NONE_gt300k
9674,SOLVED,TRAIN,SOLVED_TRIVIAL_le10k
9675,SOLVED,TEST,SOLVED_NONE_le10k
9676,SOLVED,VALIDATION,SOLVED_EASY_le100k
9677,SOLVED,TRAIN,SOLVED_TRIVIAL_le100k
9678,UNKNOWN,TRAIN,UNKNOWN_NONE_gt300k
9679,SOLVED,TRAIN,SOLVED_TRIVIAL_le100k
9680,SOLVED,TEST,SOLVED_NONE_le100k
9681,SOLVED,TRAIN,SOLVED_HARD_gt300k
9682,SOLVED,TRAIN,SOLVED_NONE_le100k
9683,SOLVED,TRAIN,SOLVED_NONE_gt300k
9684,SOLVED,TRAIN,SOLVED_TRIVIAL_le300k
9685,SOLVED,VALIDATION,SOLVED_TRIVIAL_le300k
9686,SOLVED,TRAIN,SOLVED_HARD_gt300k
9687,UNKNOWN,TRAIN,UNKNOWN_NONE_gt300k
9688,SOLVED,TRAIN,SOLVED_TRIVIAL_gt300k
9689,SOLVED,TRAIN,SOLVED_NONE_le300k
9690,SOLVED,VALIDATION,SOLVED_NONE_le10k
9691,PROVEN_LOST,TRAIN,PROVEN_LOST_NONE_gt300k
9692,SOLVED,TRAIN,SOLVED_TRIVIAL_le10k
9693,SOLVED,TRAIN,SOLVED_EXPERT_gt300k
9694,UNKNOWN,TEST,UNKNOWN_NONE_gt300k
9695,SOLVED,VALIDATION,SOLVED_NONE_le100k
9696,SOLVED,TRAIN,SOLVED_NONE_le100k
9697,SOLVED,TRAIN,SOLVED_TRIVIAL_le100k
9698,SOLVED,TRAIN,SOLVED_TRIVIAL_le100k
9699,UNKNOWN,TEST,UNKNOWN_NONE_gt300k
9700,SOLVED,VALIDATION,SOLVED_TRIVIAL_le300k
9701,SOLVED,TRAIN,SOLVED_TRIVIAL_le10k
9702,SOLVED,TRAIN,SOLVED_TRIVIAL_le100k
9703,SOLVED,TRAIN,SOLVED_HARD_le100k
9704,SOLVED,TEST,SOLVED_TRIVIAL_gt300k
9705,SOLVED,TRAIN,SOLVED_TRIVIAL_gt300k
9706,SOLVED,TRAIN,SOLVED_TRIVIAL_le10k
9707,UNKNOWN,TRAIN,UNKNOWN_NONE_gt300k
9708,SOLVED,TRAIN,SOLVED_HARD_le100k
9709,SOLVED,TEST,SOLVED_TRIVIAL_le100k
9710,SOLVED,TRAIN,SOLVED_TRIVIAL_le100k
9711,SOLVED,TRAIN,SOLVED_TRIVIAL_le10k
9712,SOLVED,TRAIN,SOLVED_NONE_le100k
9713,SOLVED,TRAIN,SOLVED_TRIVIAL_le100k
9714,SOLVED,VALIDATION,SOLVED_TRIVIAL_le10k
9715,UNKNOWN,TRAIN,UNKNOWN_NONE_gt300k
9716,UNKNOWN,TRAIN,UNKNOWN_NONE_gt300k
9717,UNKNOWN,TRAIN,UNKNOWN_NONE_gt300k
9718,PROVEN_LOST,TEST,PROVEN_LOST_NONE_le100k
9719,SOLVED,VALIDATION,SOLVED_TRIVIAL_le10k
9720,SOLVED,TRAIN,SOLVED_TRIVIAL_le100k
9721,SOLVED,TRAIN,SOLVED_TRIVIAL_gt300k
9722,SOLVED,TRAIN,SOLVED_NONE_le100k
9723,SOLVED,TEST,SOLVED_TRIVIAL_gt300k
9724,SOLVED,VALIDATION,SOLVED_TRIVIAL_le100k
9725,SOLVED,TRAIN,SOLVED_NONE_le10k
9726,UNKNOWN,TRAIN,UNKNOWN_NONE_gt300k
9727,SOLVED,TRAIN,SOLVED_TRIVIAL_gt300k
9728,SOLVED,TEST,SOLVED_HARD_le100k
9729,SOLVED,TRAIN,SOLVED_TRIVIAL_gt300k
9730,SOLVED,TRAIN,SOLVED_TRIVIAL_le100k
9731,SOLVED,TRAIN,SOLVED_NONE_le300k
9732,SOLVED,TRAIN,SOLVED_TRIVIAL_le100k
9733,SOLVED,TEST,SOLVED_HARD_le10k
9734,UNKNOWN,TRAIN,UNKNOWN_NONE_gt300k
9735,UNKNOWN,TRAIN,UNKNOWN_NONE_gt300k
9736,SOLVED,TRAIN,SOLVED_TRIVIAL_le100k
9737,UNKNOWN,TRAIN,UNKNOWN_NONE_gt300k
9738,SOLVED,VALIDATION,SOLVED_TRIVIAL_le10k
9739,SOLVED,TRAIN,SOLVED_TRIVIAL_le10k
9740,SOLVED,TRAIN,SOLVED_TRIVIAL_le100k
9741,SOLVED,TRAIN,SOLVED_TRIVIAL_gt300k
9742,SOLVED,TEST,SOLVED_TRIVIAL_le100k
9743,SOLVED,VALIDATION,SOLVED_HARD_le100k
9744,SOLVED,TRAIN,SOLVED_EXPERT_gt300k
9745,SOLVED,TRAIN,SOLVED_HARD_le100k
9746,SOLVED,TRAIN,SOLVED_TRIVIAL_le300k
9747,SOLVED,TEST,SOLVED_HARD_le100k
9748,UNKNOWN,VALIDATION,UNKNOWN_NONE_gt300k
9749,SOLVED,TRAIN,SOLVED_HARD_le100k
9750,SOLVED,TRAIN,SOLVED_TRIVIAL_le10k
9751,SOLVED,TRAIN,SOLVED_TRIVIAL_le100k
9752,SOLVED,TEST,SOLVED_HARD_le100k
9753,SOLVED,TRAIN,SOLVED_EASY_gt300k
9754,SOLVED,TRAIN,SOLVED_TRIVIAL_le100k
9755,SOLVED,TRAIN,SOLVED_TRIVIAL_le10k
9756,SOLVED,TRAIN,SOLVED_TRIVIAL_le300k
9757,SOLVED,TEST,SOLVED_HARD_gt300k
9758,UNKNOWN,TRAIN,UNKNOWN_NONE_gt300k
9759,SOLVED,TRAIN,SOLVED_TRIVIAL_le300k
9760,UNKNOWN,TRAIN,UNKNOWN_NONE_gt300k
9761,UNKNOWN,TRAIN,UNKNOWN_NONE_gt300k
9762,UNKNOWN,VALIDATION,UNKNOWN_NONE_gt300k
9763,SOLVED,TRAIN,SOLVED_NONE_le100k
9764,SOLVED,TRAIN,SOLVED_TRIVIAL_le10k
9765,SOLVED,TRAIN,SOLVED_TRIVIAL_le10k
9766,SOLVED,TEST,SOLVED_HARD_le100k
9767,SOLVED,VALIDATION,SOLVED_TRIVIAL_gt300k
9768,UNKNOWN,TRAIN,UNKNOWN_NONE_gt300k
9769,SOLVED,TRAIN,SOLVED_TRIVIAL_le300k
9770,SOLVED,TRAIN,SOLVED_TRIVIAL_le10k
9771,SOLVED,TEST,SOLVED_NONE_le300k
9772,SOLVED,VALIDATION,SOLVED_TRIVIAL_le100k
9773,SOLVED,TRAIN,SOLVED_TRIVIAL_le10k
9774,SOLVED,TRAIN,SOLVED_TRIVIAL_le100k
9775,SOLVED,TRAIN,SOLVED_HARD_le300k
9776,SOLVED,TEST,SOLVED_TRIVIAL_le100k
9777,UNKNOWN,VALIDATION,UNKNOWN_NONE_gt300k
9778,SOLVED,TRAIN,SOLVED_TRIVIAL_le100k
9779,UNKNOWN,TRAIN,UNKNOWN_NONE_gt300k
9780,SOLVED,TRAIN,SOLVED_NONE_le100k
9781,SOLVED,TEST,SOLVED_TRIVIAL_le100k
9782,UNKNOWN,TRAIN,UNKNOWN_NONE_gt300k
9783,UNKNOWN,TRAIN,UNKNOWN_NONE_gt300k
9784,SOLVED,TRAIN,SOLVED_EXPERT_le100k
9785,SOLVED,TRAIN,SOLVED_EASY_le100k
9786,SOLVED,VALIDATION,SOLVED_EASY_le300k
9787,SOLVED,TRAIN,SOLVED_TRIVIAL_le100k
9788,SOLVED,TRAIN,SOLVED_NONE_le300k
9789,SOLVED,TRAIN,SOLVED_TRIVIAL_le10k
9790,SOLVED,TEST,SOLVED_TRIVIAL_le100k
9791,SOLVED,VALIDATION,SOLVED_TRIVIAL_le100k
9792,SOLVED,TRAIN,SOLVED_TRIVIAL_gt300k
9793,SOLVED,TRAIN,SOLVED_TRIVIAL_le100k
9794,SOLVED,TRAIN,SOLVED_HARD_gt300k
9795,UNKNOWN,TEST,UNKNOWN_NONE_gt300k
9796,SOLVED,VALIDATION,SOLVED_TRIVIAL_le300k
9797,SOLVED,TRAIN,SOLVED_TRIVIAL_le100k
9798,SOLVED,TRAIN,SOLVED_TRIVIAL_le100k
9799,UNKNOWN,TRAIN,UNKNOWN_NONE_gt300k
9800,SOLVED,TEST,SOLVED_TRIVIAL_le100k
9801,SOLVED,VALIDATION,SOLVED_TRIVIAL_le10k
9802,SOLVED,TRAIN,SOLVED_EASY_le10k
9803,PROVEN_LOST,TRAIN,PROVEN_LOST_NONE_le300k
9804,SOLVED,TRAIN,SOLVED_HARD_le300k
9805,SOLVED,TEST,SOLVED_TRIVIAL_le100k
9806,UNKNOWN,TRAIN,UNKNOWN_NONE_gt300k
9807,SOLVED,TRAIN,SOLVED_TRIVIAL_le300k
9808,SOLVED,TRAIN,SOLVED_NONE_le100k
9809,SOLVED,TRAIN,SOLVED_EASY_gt300k
9810,UNKNOWN,VALIDATION,UNKNOWN_NONE_gt300k
9811,SOLVED,TRAIN,SOLVED_NONE_le100k
9812,SOLVED,TRAIN,SOLVED_TRIVIAL_le100k
9813,SOLVED,TRAIN,SOLVED_TRIVIAL_le100k
9814,SOLVED,TRAIN,SOLVED_TRIVIAL_le300k
9815,SOLVED,VALIDATION,SOLVED_TRIVIAL_le100k
9816,SOLVED,TRAIN,SOLVED_TRIVIAL_le300k
9817,SOLVED,TRAIN,SOLVED_HARD_le10k
9818,SOLVED,TRAIN,SOLVED_TRIVIAL_le10k
9819,SOLVED,TEST,SOLVED_TRIVIAL_le100k
9820,SOLVED,VALIDATION,SOLVED_TRIVIAL_le100k
9821,SOLVED,TRAIN,SOLVED_TRIVIAL_gt300k
9822,SOLVED,TRAIN,SOLVED_TRIVIAL_le100k
9823,SOLVED,TRAIN,SOLVED_TRIVIAL_gt300k
9824,SOLVED,TEST,SOLVED_TRIVIAL_le100k
9825,SOLVED,VALIDATION,SOLVED_EASY_le100k
9826,SOLVED,TRAIN,SOLVED_EXPERT_gt300k
9827,UNKNOWN,TRAIN,UNKNOWN_NONE_gt300k
9828,SOLVED,TRAIN,SOLVED_NONE_le10k
9829,SOLVED,TEST,SOLVED_TRIVIAL_le100k
9830,SOLVED,TRAIN,SOLVED_EASY_le100k
9831,SOLVED,TRAIN,SOLVED_EASY_le100k
9832,SOLVED,TRAIN,SOLVED_NONE_le100k
9833,SOLVED,TRAIN,SOLVED_NONE_gt300k
9834,SOLVED,VALIDATION,SOLVED_NONE_le100k
9835,SOLVED,TRAIN,SOLVED_TRIVIAL_le10k
9836,SOLVED,TRAIN,SOLVED_TRIVIAL_le100k
9837,SOLVED,TRAIN,SOLVED_TRIVIAL_le100k
9838,SOLVED,TRAIN,SOLVED_TRIVIAL_gt300k
9839,SOLVED,VALIDATION,SOLVED_TRIVIAL_le300k
9840,SOLVED,TRAIN,SOLVED_TRIVIAL_le10k
9841,SOLVED,TRAIN,SOLVED_TRIVIAL_le300k
9842,SOLVED,TRAIN,SOLVED_TRIVIAL_le300k
9843,SOLVED,TEST,SOLVED_TRIVIAL_le100k
9844,SOLVED,VALIDATION,SOLVED_TRIVIAL_le300k
9845,SOLVED,TRAIN,SOLVED_TRIVIAL_le10k
9846,SOLVED,TRAIN,SOLVED_NONE_le100k
9847,SOLVED,TRAIN,SOLVED_TRIVIAL_le300k
9848,SOLVED,TEST,SOLVED_TRIVIAL_le100k
9849,UNKNOWN,VALIDATION,UNKNOWN_NONE_gt300k
9850,SOLVED,TRAIN,SOLVED_TRIVIAL_gt300k
9851,SOLVED,TRAIN,SOLVED_TRIVIAL_gt300k
9852,SOLVED,TRAIN,SOLVED_EASY_le100k
9853,SOLVED,TEST,SOLVED_TRIVIAL_le100k
9854,SOLVED,TRAIN,SOLVED_HARD_le100k
9855,SOLVED,TRAIN,SOLVED_NONE_le10k
9856,SOLVED,TRAIN,SOLVED_TRIVIAL_le100k
9857,SOLVED,TRAIN,SOLVED_TRIVIAL_le10k
9858,SOLVED,VALIDATION,SOLVED_TRIVIAL_le10k
9859,SOLVED,TRAIN,SOLVED_EXPERT_le100k
9860,SOLVED,TRAIN,SOLVED_TRIVIAL_le100k
9861,SOLVED,TRAIN,SOLVED_TRIVIAL_le100k
9862,SOLVED,TRAIN,SOLVED_TRIVIAL_le100k
9863,UNKNOWN,VALIDATION,UNKNOWN_NONE_gt300k
9864,SOLVED,TRAIN,SOLVED_TRIVIAL_le100k
9865,UNKNOWN,TRAIN,UNKNOWN_NONE_gt300k
9866,SOLVED,TRAIN,SOLVED_NONE_le10k
9867,SOLVED,TEST,SOLVED_HARD_le100k
9868,SOLVED,VALIDATION,SOLVED_TRIVIAL_gt300k
9869,UNKNOWN,TRAIN,UNKNOWN_NONE_gt300k
9870,SOLVED,TRAIN,SOLVED_TRIVIAL_le300k
9871,SOLVED,TRAIN,SOLVED_EASY_le100k
9872,UNKNOWN,TEST,UNKNOWN_NONE_gt300k
9873,UNKNOWN,VALIDATION,UNKNOWN_NONE_gt300k
9874,UNKNOWN,TRAIN,UNKNOWN_NONE_gt300k
9875,SOLVED,TRAIN,SOLVED_TRIVIAL_le100k
9876,UNKNOWN,TRAIN,UNKNOWN_NONE_gt300k
9877,SOLVED,TEST,SOLVED_HARD_le10k
9878,SOLVED,TRAIN,SOLVED_TRIVIAL_le100k
9879,SOLVED,TRAIN,SOLVED_TRIVIAL_le10k
9880,SOLVED,TRAIN,SOLVED_NONE_le10k
9881,SOLVED,TRAIN,SOLVED_NONE_le300k
9882,SOLVED,TEST,SOLVED_TRIVIAL_le10k
9883,SOLVED,TRAIN,SOLVED_NONE_gt300k
9884,SOLVED,TRAIN,SOLVED_TRIVIAL_le300k
9885,SOLVED,TRAIN,SOLVED_TRIVIAL_le100k
9886,SOLVED,TRAIN,SOLVED_TRIVIAL_le100k
9887,SOLVED,VALIDATION,SOLVED_NONE_le100k
9888,SOLVED,TRAIN,SOLVED_TRIVIAL_le10k
9889,UNKNOWN,TRAIN,UNKNOWN_NONE_gt300k
9890,SOLVED,TRAIN,SOLVED_NONE_le100k
9891,UNKNOWN,TEST,UNKNOWN_NONE_gt300k
9892,UNKNOWN,VALIDATION,UNKNOWN_NONE_gt300k
9893,SOLVED,TRAIN,SOLVED_TRIVIAL_le100k
9894,SOLVED,TRAIN,SOLVED_TRIVIAL_le300k
9895,SOLVED,TRAIN,SOLVED_NONE_le100k
9896,SOLVED,TEST,SOLVED_TRIVIAL_le100k
9897,SOLVED,VALIDATION,SOLVED_TRIVIAL_le100k
9898,SOLVED,TRAIN,SOLVED_NONE_gt300k
9899,SOLVED,TRAIN,SOLVED_TRIVIAL_le100k
9900,SOLVED,TRAIN,SOLVED_TRIVIAL_le100k
9901,UNKNOWN,TEST,UNKNOWN_NONE_gt300k
9902,SOLVED,TRAIN,SOLVED_TRIVIAL_le100k
9903,SOLVED,TRAIN,SOLVED_TRIVIAL_le100k
9904,SOLVED,TRAIN,SOLVED_TRIVIAL_le100k
9905,SOLVED,TRAIN,SOLVED_EASY_le100k
9906,SOLVED,TEST,SOLVED_HARD_le100k
9907,UNKNOWN,TRAIN,UNKNOWN_NONE_gt300k
9908,SOLVED,TRAIN,SOLVED_HARD_le10k
9909,SOLVED,TRAIN,SOLVED_TRIVIAL_le10k
9910,SOLVED,TRAIN,SOLVED_TRIVIAL_le100k
9911,PROVEN_LOST,VALIDATION,PROVEN_LOST_NONE_gt300k
9912,UNKNOWN,TRAIN,UNKNOWN_NONE_gt300k
9913,SOLVED,TRAIN,SOLVED_NONE_le100k
9914,SOLVED,TRAIN,SOLVED_TRIVIAL_le10k
9915,UNKNOWN,TEST,UNKNOWN_NONE_gt300k
9916,UNKNOWN,VALIDATION,UNKNOWN_NONE_gt300k
9917,SOLVED,TRAIN,SOLVED_NONE_le100k
9918,UNKNOWN,TRAIN,UNKNOWN_NONE_gt300k
9919,SOLVED,TRAIN,SOLVED_TRIVIAL_le100k
9920,PROVEN_LOST,TEST,PROVEN_LOST_NONE_gt300k
9921,SOLVED,VALIDATION,SOLVED_NONE_le100k
9922,SOLVED,TRAIN,SOLVED_TRIVIAL_le300k
9923,UNKNOWN,TRAIN,UNKNOWN_NONE_gt300k
9924,SOLVED,TRAIN,SOLVED_TRIVIAL_gt300k
9925,SOLVED,TEST,SOLVED_TRIVIAL_le300k
9926,SOLVED,TRAIN,SOLVED_HARD_gt300k
9927,SOLVED,TRAIN,SOLVED_TRIVIAL_le100k
9928,SOLVED,TRAIN,SOLVED_NONE_le100k
9929,SOLVED,TRAIN,SOLVED_NONE_le100k
9930,SOLVED,TEST,SOLVED_TRIVIAL_le10k
9931,SOLVED,TRAIN,SOLVED_EXPERT_le100k
9932,SOLVED,TRAIN,SOLVED_HARD_le10k
9933,SOLVED,TRAIN,SOLVED_NONE_gt300k
9934,SOLVED,TRAIN,SOLVED_NONE_le10k
9935,SOLVED,VALIDATION,SOLVED_NONE_gt300k
9936,SOLVED,TRAIN,SOLVED_TRIVIAL_le100k
9937,SOLVED,TRAIN,SOLVED_TRIVIAL_gt300k
9938,SOLVED,TRAIN,SOLVED_HARD_le100k
9939,PROVEN_LOST,TEST,PROVEN_LOST_NONE_gt300k
9940,UNKNOWN,VALIDATION,UNKNOWN_NONE_gt300k
9941,SOLVED,TRAIN,SOLVED_HARD_le100k
9942,SOLVED,TRAIN,SOLVED_TRIVIAL_le100k
9943,SOLVED,TRAIN,SOLVED_TRIVIAL_le100k
9944,SOLVED,TEST,SOLVED_TRIVIAL_le100k
9945,UNKNOWN,VALIDATION,UNKNOWN_NONE_gt300k
9946,SOLVED,TRAIN,SOLVED_TRIVIAL_le300k
9947,SOLVED,TRAIN,SOLVED_NONE_le10k
9948,SOLVED,TRAIN,SOLVED_TRIVIAL_gt300k
9949,UNKNOWN,TEST,UNKNOWN_NONE_gt300k
9950,SOLVED,VALIDATION,SOLVED_TRIVIAL_gt300k
9951,SOLVED,TRAIN,SOLVED_NONE_le100k
9952,UNKNOWN,TRAIN,UNKNOWN_NONE_gt300k
9953,SOLVED,TRAIN,SOLVED_TRIVIAL_le100k
9954,SOLVED,TEST,SOLVED_NONE_gt300k
9955,SOLVED,TRAIN,SOLVED_TRIVIAL_le100k
9956,UNKNOWN,TRAIN,UNKNOWN_NONE_gt300k
9957,SOLVED,TRAIN,SOLVED_HARD_le100k
9958,UNKNOWN,TRAIN,UNKNOWN_NONE_gt300k
9959,SOLVED,VALIDATION,SOLVED_TRIVIAL_le100k
9960,SOLVED,TRAIN,SOLVED_TRIVIAL_le100k
9961,SOLVED,TRAIN,SOLVED_NONE_le100k
9962,SOLVED,TRAIN,SOLVED_TRIVIAL_gt300k
9963,SOLVED,TEST,SOLVED_TRIVIAL_le100k
9964,SOLVED,VALIDATION,SOLVED_NONE_le300k
9965,SOLVED,TRAIN,SOLVED_TRIVIAL_le100k
9966,SOLVED,TRAIN,SOLVED_TRIVIAL_le100k
9967,SOLVED,TRAIN,SOLVED_NONE_le300k
9968,SOLVED,TEST,SOLVED_HARD_le100k
9969,SOLVED,VALIDATION,SOLVED_NONE_le100k
9970,SOLVED,TRAIN,SOLVED_TRIVIAL_le100k
9971,UNKNOWN,TRAIN,UNKNOWN_NONE_gt300k
9972,SOLVED,TRAIN,SOLVED_TRIVIAL_le100k
9973,SOLVED,TEST,SOLVED_NONE_le100k
9974,SOLVED,VALIDATION,SOLVED_TRIVIAL_le10k
9975,SOLVED,TRAIN,SOLVED_TRIVIAL_le300k
9976,SOLVED,TRAIN,SOLVED_TRIVIAL_le100k
9977,SOLVED,TRAIN,SOLVED_NONE_gt300k
9978,SOLVED,TEST,SOLVED_NONE_gt300k
9979,SOLVED,TRAIN,SOLVED_TRIVIAL_le10k
9980,SOLVED,TRAIN,SOLVED_TRIVIAL_le10k
9981,SOLVED,TRAIN,SOLVED_EASY_le100k
9982,UNKNOWN,TRAIN,UNKNOWN_NONE_gt300k
9983,SOLVED,VALIDATION,SOLVED_TRIVIAL_le10k
9984,SOLVED,TRAIN,SOLVED_HARD_le10k
9985,SOLVED,TRAIN,SOLVED_TRIVIAL_le100k
9986,SOLVED,TRAIN,SOLVED_TRIVIAL_le100k
9987,UNKNOWN,TRAIN,UNKNOWN_NONE_gt300k
9988,SOLVED,VALIDATION,SOLVED_HARD_gt300k
9989,UNKNOWN,TRAIN,UNKNOWN_NONE_gt300k
9990,SOLVED,TRAIN,SOLVED_TRIVIAL_gt300k
9991,SOLVED,TRAIN,SOLVED_NONE_le100k
9992,SOLVED,TEST,SOLVED_TRIVIAL_gt300k
9993,SOLVED,VALIDATION,SOLVED_TRIVIAL_le100k
9994,SOLVED,TRAIN,SOLVED_NONE_gt300k
9995,PROVEN_LOST,TRAIN,PROVEN_LOST_NONE_le10k
9996,UNKNOWN,TRAIN,UNKNOWN_NONE_gt300k
9997,SOLVED,TEST,SOLVED_TRIVIAL_le100k
9998,SOLVED,VALIDATION,SOLVED_TRIVIAL_le100k
9999,SOLVED,TRAIN,SOLVED_TRIVIAL_le100k
10000,SOLVED,TRAIN,SOLVED_TRIVIAL_le300k
